54044
14108
79294
29649
25260
60660
2995
53777
49689
9083
16122
90436
4615
40660
25675
58943
92904
9900
95588
46120
29390
91323
85363
45738
80717
57415
7637
8540
6336
45434
65895
61811
8959
9139
31027
87662
2484
65550
23260
15616
3490
49568
5979
44737
52808
72122
37957
34826
21419
73531
94323
52910
84496
71799
50162
1692
1565
59279
56864
20141
13893
63942
6055
33424
44771
25678
33639
27793
41268
1857
63388
32976
46195
61291
61740
61680
45264
76361
49243
73250
67432
29124
15198
30626
18950
13857
32569
45179
47696
21283
77169
26357
97885
54741
57246
61929
25997
45859
3353
32204
97451
60550
49516
38558
57674
36443
666
32486
54910
24666
45119
40779
3441
83779
60645
63003
59616
7364
69058
41651
12201
13234
19717
11536
70350
15611
74484
96153
4127
60035
19418
58613
28590
32917
97780
17644
15836
88046
26489
38410
54618
16967
81604
60064
5833
80689
43137
57274
8002
4445
42933
75378
15130
10689
98579
42780
38379
76394
66337
15126
59535
53639
43182
88220
5506
21939
26719
32919
78383
62297
30677
15301
35277
2240
37292
11269
92554
12813
63131
25964
15618
11318
72799
43976
4698
32984
5
56322
30793
46586
36082
25956
61243
44613
59907
13187
43815
52408
63547
86233
7901
50572
29212
10912
54449
373
69509
3580
31479
66601
35427
49309
50428
76859
19840
95749
76993
45747
67663
85229
26778
72164
73627
31869
22208
17759
29409
20625
27533
3911
28506
13185
72229
2975
96029
66725
67778
77399
90300
16005
39433
33342
98536
66330
41629
79932
64508
80437
58093
7690
34357
87977
78134
6271
72856
43004
81631
4654
94363
37138
62061
18913
42432
11926
9778
23507
52921
12302
61620
89415
52561
8564
80333
62937
17680
49024
37850
54127
92136
65865
19416
86651
81030
12473
37840
36215
88329
23844
38832
1807
1726
84720
10551
12770
33510
23806
6831
41122
36046
2410
11380
8861
18964
37605
2021
59504
57029
64121
85107
64293
64821
72694
32390
55767
3884
74771
393
21050
70556
39830
42172
5615
47643
48677
5093
38547
4808
74607
71200
88387
94071
45031
83426
83246
96061
91471
37207
57815
30779
45176
70833
29490
27760
74104
21444
73173
10086
56241
48369
73755
93275
66791
2437
18827
61990
3213
43007
46942
47386
98002
80099
90898
28860
53348
3790
54478
50789
53673
81845
76946
31398
15539
43923
68172
43943
11674
5147
49577
7639
2902
56983
51372
87907
65260
46019
69134
65982
35068
81730
76650
67535
65607
86101
4387
9658
56971
38760
90175
26434
22509
10166
19048
3135
28671
63621
90284
56798
82077
15749
77755
45814
51006
26305
31977
48619
18712
90691
8001
32067
70357
38111
41552
74876
81391
40492
24784
22370
39440
57089
73160
45027
53617
35969
46450
40871
71843
12703
17953
52853
69725
67213
62722
73693
91338
14128
12506
75060
56344
31645
23821
2907
2229
7702
54151
49626
34757
19073
1923
11433
4156
34993
47527
28810
55157
69505
65503
64854
23249
79143
9697
35584
42411
13695
7789
66572
60321
54166
71208
76781
69793
42022
52118
62723
2774
17563
10157
73884
64476
44243
84801
83448
68584
56296
77751
95159
23154
24632
8184
39214
52344
46545
33325
85650
14755
92211
34714
41604
90705
97995
76462
85611
76657
58480
7258
91761
17400
74630
8191
83012
85542
71016
35146
50365
37585
62220
2323
23949
50093
8154
66092
75562
15603
49424
19639
37679
18186
78875
40160
63991
10977
53885
83218
34001
3723
63889
40515
36743
42770
32026
24502
52208
17897
78882
26409
74817
50557
4129
97514
67021
28240
45301
98467
53298
94746
59508
4533
28812
79175
57458
71279
14985
61081
72641
50192
24833
10559
3359
31540
74717
6619
34886
22723
62826
4364
44080
4087
31292
76363
98421
92175
71837
88423
84188
63345
30108
18021
38992
73015
6978
19730
77314
20601
73041
40457
43550
33086
86253
71896
24236
1291
9491
16822
91587
98602
26555
30077
10302
24493
2985
39469
90347
30520
42477
56481
5914
38961
10218
16024
93342
92630
7566
74142
54657
81366
88386
85815
4565
5439
1104
2673
65606
83445
70854
9537
73222
2544
31425
63015
81452
90318
75062
83615
19052
92492
48714
85098
15267
31282
91826
92471
43067
73944
47591
71457
79798
90235
60824
53372
53812
27261
49099
19917
76978
99670
58487
33747
16944
30719
18716
76276
93076
70826
63639
85111
98441
21908
35279
33927
33433
77583
95025
31616
25321
37617
93145
11286
15024
6719
64723
4077
78584
30370
98798
67730
21048
1287
87867
44930
4798
37691
61593
86819
50990
9059
57590
71412
14209
43285
79232
43891
290
36110
69671
88539
59260
88464
54759
40328
37037
85253
94603
18976
89833
74448
90717
20688
18961
46537
53603
42627
39150
8087
37842
80079
33426
48812
47406
10748
44375
61932
80967
63310
7592
70797
1452
3192
30692
27239
31166
77857
51830
22097
68817
55733
33720
78069
51195
32571
12279
28924
66443
51929
95208
55440
17321
82411
38022
61143
50625
2213
8447
95005
15634
39956
99281
88705
97294
67363
47231
17704
69554
19093
38744
709
50363
21233
75916
53339
97687
88562
35763
85496
96919
60369
9870
11363
9941
6401
38441
91650
9102
62077
19340
10745
42333
66689
39672
6473
15741
61335
31890
16099
15865
6445
81665
85352
8749
65186
11147
62916
33332
84931
39050
34043
79368
16678
85675
17812
29439
26532
82653
65587
57526
21148
29904
27408
7756
23943
33633
49278
28774
72872
9540
53171
64267
52998
4098
29864
36202
47534
50455
82772
12347
34049
78222
90264
10215
84769
42361
13264
13181
66773
26246
74122
84239
9743
33012
32183
2602
70562
20340
62909
73842
5968
44347
60842
3905
54985
57584
10738
39266
70711
60420
41807
10619
27691
28387
47429
65781
49825
1752
27004
79338
6714
19519
22796
4086
66695
82806
81923
70029
78043
17813
74517
1511
25527
20419
26266
90542
27647
56104
17055
62523
64731
65832
49687
46803
69704
50396
2311
87194
92658
70094
91902
29154
2953
14475
21086
26777
6337
6024
43316
75225
96054
41957
8842
39904
43313
33834
37062
51515
23681
73489
81967
93066
76128
48996
55462
10655
3320
32287
13924
32838
4013
85822
33106
15586
62938
67492
18225
7109
72726
93494
97566
24625
6993
46189
13906
70171
92259
21202
68892
96783
62823
62087
70942
92548
64324
42702
47758
39682
68866
50780
90020
12259
15487
28282
73821
13175
93864
50481
51637
81154
37777
65069
68598
7427
45598
13068
68704
91857
13463
33527
22821
28919
11172
47765
2675
96342
81797
52264
64093
12638
42302
27256
38610
41429
80256
56279
89868
68286
49300
75201
50069
14142
48609
41530
85935
3463
78932
53723
95802
58049
54370
51343
11580
78113
43716
57521
74252
10988
20096
49317
24110
53264
30595
5350
41748
8839
60954
60312
55703
13582
64830
78822
4431
19331
17634
46691
81249
5674
21864
73168
94978
96294
57938
15214
29445
36187
61873
52447
57870
53694
37937
87004
54254
79697
83671
8928
95619
10234
46423
48814
80948
12974
8742
43098
9738
46393
33453
31971
10626
37909
30082
5905
44018
78627
32979
54626
62786
78260
94659
79070
81792
31189
13525
85163
75274
5287
2926
57007
37559
57168
59910
88311
56151
56503
92022
35343
4655
36833
91349
24238
15180
77892
70901
9444
35495
69549
29614
10562
43417
71201
61388
64503
35596
5109
94740
49968
44563
84808
4642
22337
45061
45230
21989
70451
67592
30155
76411
95369
98064
99772
3931
31013
13483
48220
93515
9984
79768
92081
11659
79176
60573
46592
84062
44998
2886
44919
54710
2395
51452
39450
12262
50796
42997
7475
97021
32943
31634
30881
70622
92542
59539
3118
32092
23022
85774
6381
32456
89923
90032
17838
53144
93918
28087
14581
36381
76663
23658
94534
35781
4243
36906
86783
92863
61985
11432
34241
69989
20429
76181
37423
62222
89698
85738
23963
93578
24483
94658
41960
2103
39603
6952
5963
27512
85257
736
30254
68155
36098
54442
38701
75651
56919
75896
762
92244
32218
21258
25129
54746
35863
42084
61362
11322
32686
67372
13399
12722
48964
57851
230
34501
48725
26579
1314
2831
22009
6020
40756
43303
89188
17696
30407
16739
57598
25026
30981
93207
37225
73033
62846
73921
14987
82847
58404
57944
87314
25259
9726
65426
44116
46228
18434
10509
43671
51180
35482
42817
92212
51383
59578
44846
58469
49102
52230
74402
61900
68865
82517
84042
66110
96412
63638
8141
85138
6603
54431
79242
60443
31401
69027
94351
11302
10057
37623
27040
18572
76933
78892
16195
82770
35523
37983
6371
96172
82809
41709
8324
19567
19590
10388
40840
29543
92981
2623
12726
453
36943
96872
65517
35044
64282
9942
83868
84361
38288
88008
60539
72477
55273
5450
52190
26744
93740
82562
15858
96361
13466
1507
82202
45239
61831
55115
84687
37350
25007
95303
52067
14641
77210
96957
1612
68830
66852
93781
56679
20562
92335
50423
39386
15483
71452
52292
25160
20986
25807
71305
94091
48473
21799
80529
47795
59121
23870
74920
34374
42802
69798
26674
39626
51963
89978
22191
6999
48143
95930
7945
38002
55762
72761
65960
36055
11148
30631
93726
89599
1985
37127
3489
38715
97151
47011
92062
82123
25650
5353
88691
1028
66969
10978
84335
584
17507
73140
15193
66880
73749
97807
25993
14860
70787
21374
62399
21697
24452
41535
42887
17880
16145
63811
92314
38763
94551
16969
59443
16742
83014
1687
8600
68129
62694
59796
58591
21364
2406
93652
35676
38826
45344
68770
57771
76286
5578
65634
84105
97347
49422
46793
47711
95724
66166
9007
21399
78809
72247
95026
81096
30282
97627
17268
71437
85398
682
75516
92249
7100
29962
65305
33356
39910
66746
81798
13762
74656
2070
10786
31071
3253
39540
22612
2203
95942
52199
10844
81506
29337
32299
62741
31230
20393
63792
26135
67659
73206
12464
68356
14695
96136
69499
69808
27484
33352
99862
80199
35761
17394
21669
77614
97967
46781
3242
70602
20691
58416
6178
26952
39522
340
81642
81329
50277
14459
23187
26894
7781
88092
63452
94109
34462
61849
20093
40707
35860
74103
75643
39900
63231
51948
57535
98980
82988
6214
44109
44424
52070
53346
61481
11379
84052
89995
3764
55765
44153
84963
36209
46453
18119
48241
20501
1679
11721
65981
11252
12869
27507
57066
94020
52518
43693
34171
26954
74840
82137
60465
64280
33052
74384
84051
8918
58663
2728
7469
95591
48803
70593
94529
85370
75586
6245
38911
84970
2670
12864
54752
22892
26711
83401
93860
53774
55142
69811
28306
27487
30242
46060
63475
10632
40361
1883
96861
8669
3632
54672
7938
18580
71880
30526
73257
13896
98624
82768
43433
65635
19088
14293
14318
13406
61283
3203
25975
86592
1613
23481
10081
85275
48356
83137
86773
31326
83944
48060
84312
45327
22288
49753
2729
61631
10849
1887
13321
29167
71887
44572
20885
37487
69215
9027
70177
38407
6398
86018
28159
54394
19645
60760
38015
46140
2091
30364
64277
15982
40683
89911
51299
73586
59039
52631
84517
76777
54368
64547
64973
36173
51431
53197
90067
49546
86667
82963
44189
59520
89376
11016
2003
55660
35496
15881
19779
28755
54533
68322
38036
22029
46893
72217
5274
51151
90361
5596
90729
45713
57049
93593
42246
37241
15960
59371
24839
42268
42064
11059
50931
60516
95213
89795
3877
30203
50106
427
77757
76318
9683
2151
5281
11600
69736
10337
1819
38434
73232
8955
44158
31126
40786
6948
10756
15625
77995
8592
1430
60674
49110
68539
88801
66792
19261
74698
73794
17218
62934
54207
53045
30133
15405
72459
84706
7135
93412
10169
53730
76812
81673
94756
35954
10307
42475
78206
73607
75454
34900
8244
75578
6096
86554
69109
1228
12530
10123
74385
21689
40953
4953
92849
31156
26637
91490
16705
26234
10199
3656
44841
47404
65902
33288
18938
53152
98603
81948
49948
76036
4121
71651
46248
5746
5529
70317
11819
29316
69971
108
12079
80499
31838
85439
41975
76748
77100
4438
13646
12381
55884
70339
84416
29746
56844
43636
13573
45268
41558
49539
50329
11622
47300
64702
37607
4645
65833
80481
30561
92420
750
32637
15353
2057
23362
81826
19869
4951
600
32441
55008
2463
37912
25746
90419
41014
19145
12692
82835
56385
30300
59183
27611
16421
36305
49308
50827
18704
61722
34746
22858
24700
91371
20999
64039
23942
13138
72343
10384
91661
41259
39833
73620
87055
17497
52735
74856
35402
74750
38494
13579
84919
31251
44965
78980
18817
85992
537
98635
94094
742
23612
18500
21546
77842
65174
53722
73262
52397
77455
9299
27149
86619
8027
19815
74475
55868
5476
55857
80398
8282
31711
42694
59701
8845
3381
9163
67530
47750
30908
91813
26945
54870
74879
48169
10043
3396
31331
9804
11386
28209
34335
39057
65171
18414
61080
13010
30552
14821
27538
23800
7648
18220
38014
45950
19539
325
5444
38395
28557
10098
13392
44120
21392
12244
70634
23114
45729
11722
31531
23090
64162
69929
47417
51173
9001
36999
76479
64642
85168
61261
2685
23498
17408
21663
33010
15641
45750
67868
32003
48816
82052
35726
27431
6662
65458
86017
16593
11215
71863
85620
43656
23647
40554
48323
61077
26474
49152
60646
88347
81416
57748
57086
1443
88682
24563
94954
49219
51345
42620
25380
28463
21622
97052
84863
26577
87111
33447
75142
67126
66992
14761
51229
4179
42537
11056
9721
52015
1928
32234
41487
15089
76185
15489
97666
55422
38847
91240
91718
88766
28795
84550
97665
30122
62378
17413
95844
4383
22267
75591
2473
22089
21555
12635
79559
41483
62743
12629
93401
95309
25748
6407
70582
28765
1226
15662
6225
13141
99148
20312
64905
89678
47438
15995
46501
12059
71933
35707
64669
75875
52080
40979
71644
9224
50333
96792
22222
61686
4062
78479
90089
70300
53801
47154
29622
35649
62518
18365
93095
2420
46855
43472
95068
33556
64041
63661
73792
91018
32856
3431
22017
45389
77461
52222
50003
15576
94506
33117
35595
19810
78007
68723
71010
87741
70763
98521
66070
5999
37270
19463
50910
189
79979
20196
72509
9963
58867
6742
21552
2972
42345
72410
73477
9538
75076
88508
2783
57918
64105
12714
34706
1825
33693
2201
29350
81868
32545
23225
17718
17665
13128
41699
58009
89210
18472
64935
69544
18359
77327
33108
88623
4078
5769
98303
85853
15295
11062
98506
6712
97788
48657
11862
37394
15737
50829
38626
56532
86751
99639
35321
90751
55967
44973
9521
80169
1147
62357
70754
2507
49652
29151
68697
69566
17773
61653
12720
35641
55318
86180
99497
47348
3035
86099
65570
36341
98286
23108
52906
49873
36940
44594
54455
10590
9920
40336
32940
32636
88814
38770
80934
98278
2333
73445
25195
63993
84483
50357
56776
11508
22299
40534
34199
75944
11464
1665
5916
15465
11527
67129
11756
6404
86355
29376
21386
18391
13670
25186
20698
62137
44800
85235
80370
19260
45170
58787
45040
11051
73976
61980
22279
45443
44980
27683
12776
3811
28149
22561
3707
5253
91837
90628
89711
15087
80666
89142
72828
32293
60472
82481
86513
66983
67783
13630
88406
3607
14969
21490
74543
9022
12040
11894
25707
60477
31175
75152
902
49220
76701
65556
35888
24526
83920
47763
53254
98758
84547
10624
65324
18921
32808
4482
18795
4144
31597
45124
92956
39126
56315
81089
67752
24243
41348
33410
13992
27732
56511
70013
33929
98586
39397
32381
51310
5232
38005
22461
8838
82113
96640
72135
5077
59364
74542
42000
51940
81700
36067
84915
54128
13524
58803
41279
76604
71515
66042
72609
18999
16318
87893
24690
67601
19588
27997
55192
20425
3913
49615
72909
42010
10532
41209
90733
7121
29708
85463
97785
9272
29484
11940
7519
25884
63574
24093
85230
36411
90605
21641
55333
43049
14026
68232
22202
9284
43875
72875
72813
3245
37006
78546
55280
43848
49265
31219
36495
51820
25520
14840
61889
30452
2883
6563
39080
58796
49168
34073
58464
10799
40497
64289
23578
36821
7236
8584
74316
73682
73113
97499
27959
16078
64262
52938
28321
97874
41101
35323
99218
3765
89542
50604
64097
413
92886
49224
99017
38776
97155
66077
65930
19298
79595
19913
11142
38741
19481
2644
25465
62572
57575
44472
98746
31724
86897
4781
19098
14623
56040
91046
84340
1266
57193
6602
48496
85078
22352
8092
30040
24179
72980
14913
63677
80864
90161
6699
53916
36454
50697
6505
14105
91275
35527
18727
58514
50703
45508
41031
63414
78168
25065
30415
5903
55156
36362
37652
33303
24313
28393
59685
31346
54372
44311
33341
93747
72276
30413
41606
77834
21257
89312
57609
39892
43377
96785
95577
34562
74319
12945
14298
92108
94969
51810
38222
73594
96227
58887
9375
4109
99644
2520
59699
81540
75146
22742
53303
13728
53952
44627
86473
37079
73539
73307
20839
89093
84498
12374
81278
70779
38822
46073
39605
79868
41349
84299
40354
15213
14772
50894
67243
66997
65221
88812
20531
10440
12878
30107
1949
87215
52767
62824
27063
26938
9390
75186
83776
95712
59878
78109
45591
31269
33264
88257
78886
83972
8064
32347
42556
3094
14896
69501
17289
95799
33991
4553
5847
67060
48700
46623
38289
41597
84653
50556
63985
34895
33137
27047
37546
99988
99449
59972
90926
40009
4993
66919
15927
75365
268
20404
85279
93572
29292
69778
44068
70150
33953
78576
25468
28456
9573
45903
33947
82003
34127
97236
45596
8977
92569
63672
99680
43443
4670
72606
500
18108
81555
9748
63155
61139
90793
68702
31374
36738
69911
31646
84161
31808
89987
29882
51038
20583
65424
42236
77279
32753
58513
2053
91075
73199
29458
26848
18408
42685
79271
21193
28675
8789
29197
67077
68253
26108
83792
15120
78515
58010
74141
29773
16797
86999
13738
47337
58441
7335
13649
58755
88291
74774
33191
38405
78468
16422
68207
79301
28043
12594
26081
52702
31489
79485
8759
95471
36805
3011
8432
26229
21282
816
40239
12863
6087
44801
56141
39294
82702
49533
70939
16412
98109
18075
61501
98512
96450
69780
12051
52498
85178
43209
24111
485
31448
26785
49714
28176
43402
26667
52481
4583
50256
75261
73985
13211
16359
6560
6251
68815
28329
33464
75127
92860
48895
47394
3401
86727
51745
67741
42320
48017
72354
96796
57071
77237
7681
60597
11498
69094
47603
61725
18047
45909
90171
71558
64911
87500
16190
80413
16964
92306
1386
27084
9824
31051
52886
5333
26013
20305
39042
42915
28609
23409
13514
15367
11468
68589
75369
37517
68927
14770
90254
74524
65564
45624
36327
67255
20012
82624
65918
75506
20668
48968
71043
47039
5500
20437
12724
58527
21630
70484
3220
81857
27081
19194
51854
36831
87169
67250
90102
65293
65792
39048
65880
18541
27900
17501
71858
98466
21180
2152
94973
83952
56652
47942
31705
59536
79387
50730
58536
30523
70288
59197
49322
40423
43302
27325
49676
28218
6926
10045
93912
38862
52860
11673
27319
20945
98433
8721
65063
51938
76906
22610
25385
83953
98234
34294
11533
53713
13469
78127
87508
46274
34882
15779
58952
16735
47644
11297
48440
40846
68080
64497
452
26422
73109
96912
43541
86777
39167
44916
83225
74644
59893
66955
84935
90388
77132
89762
47418
12265
3411
98780
80553
79586
30210
20900
88394
15816
43602
29963
14011
53356
86454
77967
18004
32315
50037
17508
16818
15076
51856
38156
30043
19138
7554
63055
57682
42136
69796
16590
52996
44640
42580
28818
37855
77152
73420
56108
85152
53581
52694
54446
42703
1992
40505
26819
32662
56714
35243
56769
67557
22786
9791
17165
83377
63866
37862
77555
11739
56456
61464
3276
89666
74140
65331
78754
14053
31941
28974
47055
12146
75425
51266
14055
89796
59628
31383
22266
86899
62475
43307
37938
89121
64551
1051
86094
28457
38175
39876
87094
54057
44561
34973
73367
75271
97866
27435
46656
36690
66378
15710
87019
25893
35792
69528
80380
28183
34683
64198
97839
64469
45803
1920
27976
85642
31347
53979
1433
18258
55299
6082
67258
77569
76938
30386
32126
48229
64721
52405
85306
39461
42290
44573
57311
70959
80073
88245
84969
58870
83313
96201
66339
25879
36487
23019
57121
97000
17220
58751
28603
27810
17612
51499
93843
68520
35852
59589
60870
51443
69747
57240
91151
55181
64392
56341
90291
78513
92329
55365
12234
24913
76704
39447
6010
70649
68266
55835
54946
43467
93786
27222
54415
91009
78409
33222
54438
67478
44505
83889
93467
93358
35610
20198
80224
96572
40768
6431
44036
2693
60326
11730
4726
99142
99757
58277
81483
83551
34914
21852
5811
82742
78215
83676
54331
5778
48932
12599
614
17988
46561
75196
15686
64490
42173
19302
60201
17137
29054
73416
93891
71766
11556
46342
78990
17148
80898
63371
27912
34153
85676
30916
74549
74956
34141
77714
79981
62236
45310
95817
39630
5269
38965
26925
59323
61223
12011
30209
18781
38591
44667
74349
47257
91739
3526
20663
19677
24536
4646
95505
36172
23733
27820
82487
56649
51595
48200
22820
12981
82006
75797
45840
23082
46717
18019
65214
83287
36040
24633
63667
5460
86020
14310
57570
815
60898
54007
32809
41943
19821
10971
34876
28846
3301
26100
70800
51824
71309
13360
67232
41190
86573
46126
56035
29423
24921
80464
14998
66199
54083
786
77
44168
14740
23662
79594
2301
62342
42017
79998
80818
86049
8683
57110
24466
51311
11074
25962
27007
80095
13834
28341
5997
48623
56450
23458
5555
86677
37759
59561
32352
39420
62373
29884
52377
18535
52147
10049
43720
94647
4485
86489
78547
39820
12390
10091
9710
88102
53432
38255
53619
24756
26966
58150
7392
87626
18769
35206
44810
19269
13722
74386
66146
44279
48157
7913
45048
11153
52945
61869
43011
21577
62593
45224
33243
32949
56308
31124
30962
957
81108
19822
54385
49979
70871
10834
23839
63747
33923
55493
34490
93138
79488
94731
28798
40295
27035
52253
42456
47311
1360
61905
84162
4853
66377
30015
19632
62649
34600
28899
12817
10438
78368
80788
84053
31987
26177
56478
83703
10569
25570
41500
99479
39901
45910
52448
74001
72924
67748
27833
22886
43283
65787
57737
51678
61642
92033
10821
25584
86885
77747
10354
86476
33310
96059
32272
32073
65632
32778
8728
64977
78302
74227
14912
77161
82831
19090
48078
3784
19056
95969
93893
2217
12547
10112
67925
14872
35632
35213
5539
71056
65780
60959
18814
20514
99936
74666
17816
30542
98339
62668
28870
50015
71576
85489
54135
43951
28751
6367
57924
5016
30486
20930
10764
85740
94073
27634
20572
1307
23345
64211
58483
11831
79077
17333
14844
49126
1279
48412
64519
75205
49385
37749
38187
6907
17535
25235
80461
34190
30655
51129
30258
52006
24276
99088
1407
51199
29111
79191
28401
9985
95066
65525
31007
54653
60863
83564
37288
30045
71114
5158
71366
10792
10248
47131
24872
7565
27794
65778
23061
78476
60940
21138
55361
26622
13533
29747
25430
13014
95041
41894
71103
10972
49894
60444
88077
43782
31657
16879
30662
64396
4313
56370
24020
5641
66308
2214
91679
2711
52195
68215
88903
40723
94719
48629
72630
25156
8038
66900
18423
2935
91640
6093
45890
15189
65648
54835
53039
10523
57901
38833
17745
42594
54780
83921
43258
81968
21723
46646
16174
17562
75842
33152
26937
84587
73413
92734
72688
84755
45250
9116
39318
34785
95128
7937
4701
22921
42527
99363
66785
4409
53642
10915
47210
98194
54651
39092
80010
27147
34514
19630
3149
99910
49432
92517
43158
75026
54908
5367
59100
88975
13934
74135
37865
19844
29536
3568
95141
6425
20399
30260
17672
58187
70064
25437
97153
37249
19657
85808
34424
19504
31950
34713
4376
30550
31101
38397
80518
46225
87738
87874
15807
68508
28927
70679
36135
4624
9699
99294
37684
58958
86324
2513
7268
34750
25137
9973
34375
15201
84846
89322
98111
35165
38710
1451
44607
96527
8543
39311
53731
15497
71720
46309
66338
37982
46880
17551
46614
46882
35291
29318
47119
16849
76160
39331
15901
76960
96735
51463
15060
17971
15511
58759
64576
40835
41230
56155
21218
37259
32483
4590
54574
81432
78543
73930
5188
90242
10115
59368
713
33113
35436
72830
84971
56834
18343
72960
12920
48835
66513
57456
4141
46536
83644
64009
67732
29257
17620
2421
34352
51481
5227
13998
43385
2283
11777
27107
19106
19168
72970
45248
92168
27337
94078
81828
3215
16346
24635
14595
49268
19167
94531
55574
16612
16228
51501
28016
39881
58969
92763
71538
63771
38423
97787
52904
37885
1518
37174
51294
33995
76920
19675
73874
6112
52532
44313
66801
66298
17487
85764
25859
4101
829
5745
17358
30268
67626
96806
67847
47918
54567
38687
62974
36062
62022
13842
8385
41278
48586
69529
37146
31903
55987
24186
50788
87177
59993
81865
17874
11863
82376
15864
49275
47699
72103
35829
33438
92371
18815
58408
42447
4725
38519
54443
1997
38634
8134
53901
25149
27303
54038
1704
9569
10028
9506
87269
47071
9352
9654
28442
81234
31410
54593
93599
56951
78718
87108
36089
15784
29403
46022
4441
2127
21267
31162
71015
70938
20070
17899
28440
19516
87140
23722
41547
9925
31661
93434
73969
69256
17517
24640
46571
71386
60989
13349
5545
29987
27583
2025
60092
78971
73332
81317
51864
16199
55992
58117
86836
84360
57843
79282
12886
62328
68021
55438
57671
95881
92704
72139
56278
15357
54931
18566
59108
32020
66361
32263
95338
36546
98074
98947
38495
75519
89899
16255
48038
33488
5485
13993
69064
11803
57123
51558
38482
66704
36477
27690
46317
78502
39916
15911
59065
91869
26383
21140
87601
10580
36300
60727
16175
22374
34113
88173
99084
14362
77402
20599
27585
21683
19596
16506
82030
41273
27944
56064
36803
57488
24894
89936
8555
64024
35013
745
22627
68664
43711
67693
99306
20817
23469
55255
61271
28261
7356
61868
3307
69172
30518
21754
26334
4684
68398
61648
27227
38172
40827
17924
17911
69716
55806
67207
74362
3393
17684
25164
79741
73116
68141
59801
93938
73046
73018
70348
12881
88929
8382
58158
24060
40747
3025
19916
47573
64887
31023
56934
94146
347
31421
67811
27454
81984
5690
67930
10219
45779
74053
12598
58588
35526
91768
66967
17355
49671
91321
63980
38123
70034
40917
1664
83376
29127
39769
97987
48171
228
47197
13942
66874
24793
50097
11504
25788
11808
58598
2920
50544
5301
87053
42099
45791
76840
12323
34647
22666
30492
42041
51254
36158
18587
97953
35570
60270
61761
22087
80220
98499
75929
44188
68264
4414
62695
61156
17926
5974
80534
79794
47567
3969
48314
18087
64290
60208
60614
56507
29892
37830
45335
75564
34181
52732
11000
57759
15826
41793
23147
94265
7110
83112
38745
5469
53018
17981
4535
30360
26922
11636
27056
13250
70627
67910
46038
75847
42725
98743
8174
99517
41992
15905
36126
9417
13538
38871
21721
18940
68568
2581
70240
90458
7879
35747
64719
28733
89955
39561
16035
7953
53145
70646
99390
78753
59809
85060
73412
8359
77579
20926
36871
11966
77601
35778
29947
7294
60766
93745
89751
31486
88268
52313
95682
61458
32736
62412
4068
73834
32851
16117
22572
87106
78710
8655
45033
91984
10409
19608
6548
64279
45076
53780
76692
40714
79625
17890
18272
58937
37952
47981
60390
39638
34685
24007
2259
17297
71943
35466
58632
60738
14235
65145
29562
76405
123
24788
4408
38230
49812
13416
44951
51893
2798
83637
57845
14817
88918
65054
70137
88288
27540
53967
77305
61596
4559
89232
61168
23232
52730
23838
51997
33015
75917
59297
74634
94811
10858
76021
6011
59922
15646
78922
54942
86800
92120
95490
22613
74941
49345
98721
36058
40259
9309
11130
66499
72249
30318
43987
89638
30544
6627
33605
48782
25968
66756
63190
48486
64566
99690
1457
35944
5304
16647
95364
92088
29741
31776
71476
64393
35018
25240
52469
93955
19263
11355
63377
12958
99802
86530
31708
8124
95522
88367
6090
95484
67918
42872
48527
16729
2230
69261
91970
33531
80526
37848
37740
21104
9032
4578
99031
90142
70040
95512
39658
7765
37978
63610
55373
63225
60452
34175
19847
23517
82861
80561
17832
43785
98990
67954
78085
83357
40503
31929
39262
78312
31541
19817
89846
80266
4851
54689
5045
46612
68307
73265
69785
2511
50613
56432
10823
51581
24718
47769
14835
27805
91389
83281
18485
50820
96243
67167
42767
20726
25972
64945
79011
23348
54031
23971
38797
4812
85716
19309
45864
96646
35268
83876
73879
34744
84869
67009
14359
79721
38861
46647
82462
96270
3125
168
73877
52993
95955
10941
72169
11047
54775
40334
88833
2550
8579
86633
87016
39148
91201
88142
9148
96088
20912
74635
13062
57114
4157
97467
32804
2785
86287
98217
34522
55018
7700
29537
9584
59770
18014
3152
13653
14777
2403
87955
21708
4724
8893
25187
37915
96687
9510
64706
7819
10034
41336
58388
94652
73856
5677
27196
26809
2348
21929
41335
13935
7928
28161
31893
24350
72157
83375
7239
70170
94523
30586
11143
89644
27762
31933
65085
23146
62055
53447
87773
92286
35760
462
39130
36272
54717
92671
30359
15038
64499
62902
52428
19160
66023
40138
33094
9231
74083
79644
11222
94939
36493
56261
52355
61641
60268
61643
25959
17956
95573
3984
7776
49879
23032
6310
63047
50373
47366
41074
42773
12495
18017
54214
79545
33716
55542
28167
85082
8294
28684
42072
71421
31790
526
29136
30717
47001
37492
10278
87085
95734
47345
74859
89404
25110
45287
4456
42966
69199
87015
32735
7855
34814
76326
28126
25233
45574
98747
6877
29289
22076
4878
73127
20288
20812
55082
89694
51711
80025
34861
34101
28753
8132
83209
9897
68020
50505
13232
9634
7013
31660
21704
31958
47158
59078
38232
24906
17826
46710
31130
82699
17143
76154
24328
17747
45114
70535
14036
96768
65965
56
39157
49213
13019
33467
27718
78646
1243
42400
16112
63389
27488
72835
68904
34474
66494
30975
27829
24759
68428
83286
56522
19549
31850
26237
64571
61695
9133
8140
68880
68273
51057
54614
70931
80678
23476
34488
7720
51907
97716
48810
59429
40384
16786
36121
6612
24956
12761
38437
88101
22608
3712
34362
54932
91123
84242
5919
36884
2970
41357
4873
57539
23858
77924
3104
13720
98019
6077
92478
96939
15053
48478
201
1146
62754
56726
38863
10048
75474
99971
96697
21213
26759
39182
34272
2963
78001
671
69029
40830
51870
34276
67892
36868
69454
32005
17104
64200
59521
52903
39556
13238
21467
49588
29575
5680
9514
34434
15793
47043
25261
56217
25462
2755
57909
5821
74633
3994
85829
20407
68360
83187
77966
9380
86268
41716
64817
33807
95321
77148
6230
27221
96758
74361
19906
61650
62067
7034
67558
12536
53700
43520
32193
71270
14237
35222
17363
40228
9473
32344
10230
44646
32033
88800
53840
4830
17616
73581
67757
49831
8879
92810
13917
95387
36416
34755
35561
78931
46474
55513
71972
10586
15375
62265
38597
50682
31989
5964
46330
21638
34161
63033
55241
43222
71696
40318
32430
24192
3161
29860
15028
66717
17690
36511
59897
48874
43002
34183
42228
7503
45324
59799
45808
15789
62771
91706
34051
27156
73860
53478
93675
84651
53977
72334
55557
64767
75919
10056
79745
24653
55742
29018
8986
5231
44101
60695
34584
12392
10315
65549
87733
30584
11111
62929
48463
37109
97881
58294
14541
3717
20324
70943
8376
58564
41519
41712
7311
15304
43736
54527
9061
12792
49132
51592
6226
86599
56470
14522
92296
12383
68298
31564
53502
16641
33167
68939
42786
32294
47840
19508
2269
65359
1792
9944
22476
59784
56738
52495
30301
14360
20989
70049
29826
34532
36424
15148
15546
17571
86707
13589
75040
87751
17873
88981
28071
78005
88071
92950
5241
60624
36616
43619
4594
46554
3256
9170
43876
51241
54213
49893
55437
51760
49511
67869
74505
55600
95179
12684
65253
46055
70997
4663
12490
12727
71641
77416
27002
19066
42815
19695
76182
34035
29033
17989
32600
98884
5625
82316
86718
13267
65441
84939
82874
95270
59986
93661
25222
54167
30718
27348
91810
92875
29375
18045
13241
70173
63007
16629
83705
17530
93596
31536
79514
1081
56990
44850
31450
51985
8390
34422
56767
92270
15623
92915
86472
74411
11070
7173
32721
84591
14976
92729
5154
65195
84141
29584
58237
58364
91501
56394
15955
48071
74998
73115
91992
31753
93580
65109
56142
74069
28395
68838
18848
27114
7869
8235
86422
55202
24031
54016
37993
16088
96117
41420
42569
59882
11067
75738
33528
52443
664
22730
4923
75678
92095
52562
9400
5591
33590
51648
60432
29845
5489
25337
42107
29116
82339
25366
97864
92683
60315
34708
57143
99624
56598
80147
10740
8159
60451
41355
61858
51433
5210
13802
93627
50626
91840
25119
8777
48755
92005
80415
83974
21615
45693
71003
26017
18065
89670
76554
50267
47784
30601
80505
98243
7635
6625
33537
65153
96292
80165
61766
29156
44499
99008
84469
21974
59472
13044
11815
49495
5078
54488
13804
85965
65935
32035
15566
19428
52870
21418
66946
55479
40732
76443
67628
65494
48194
61701
13614
55702
21620
5570
1995
59923
88947
29894
37524
450
70491
36666
27089
38888
62290
28763
78261
31796
52603
45885
67824
41412
75940
50637
28703
38385
80721
54116
99840
65828
19242
90219
83483
80671
40293
46544
64017
64015
61964
33482
98707
89537
24606
47638
29315
37154
75607
35342
79129
96111
80763
704
4005
82321
99919
18063
30679
95173
24307
8061
79424
76602
95894
5639
10103
56500
77970
35359
27425
1223
93177
25811
26677
8704
59844
20408
82402
18126
60276
72218
71902
45935
3628
72777
39776
32480
35874
38053
74915
24270
28141
2804
63067
5513
48128
27323
66553
9784
46651
18453
70112
51846
43517
7846
52438
27091
10806
24416
8559
39373
86522
24980
32723
58324
79814
14786
11162
669
41812
63629
29288
92174
9052
44176
88441
60124
34438
64727
43473
16003
21766
86240
72882
49654
37435
17160
27498
59032
49737
1977
91007
6845
31313
34492
69870
48735
37551
30616
35124
9332
9113
47002
20835
91639
75395
61521
46057
434
76793
47278
42686
35875
52962
51730
96816
25693
6656
11174
62933
37693
62150
9618
60117
99805
73827
53492
28524
68434
37762
27158
51796
21327
49379
14377
75331
58738
45577
52719
98651
58411
29185
11806
13156
59526
15370
47791
54982
78404
9952
23707
39205
75200
50174
11200
17015
8239
78841
76089
33267
28166
98598
43322
81614
60128
1380
6448
14736
26728
82932
8470
26917
69562
8657
25403
21576
66787
15247
14419
24813
11264
73830
86294
61571
13303
16074
6846
74980
23399
85786
5633
3262
94384
25436
46270
35686
64582
16276
70508
54146
31626
5427
67875
14104
71107
75994
72464
7545
7858
49890
27060
19149
29754
69664
18175
55958
96181
28712
37186
66265
47533
4893
90015
65924
19748
87075
23160
41056
98772
22221
29159
42829
24917
14574
92042
35334
72594
1835
42307
23278
5043
30118
89871
76261
58284
25040
63423
69850
69540
10930
73593
14743
9907
19560
77264
29740
43203
26705
29089
46836
16715
40540
51291
7412
78561
84630
2456
29972
6406
25908
19392
46368
71289
74055
15419
51803
22603
42396
74169
88088
86046
53320
98591
3629
39592
22409
60857
20710
47560
16962
29816
49899
15919
1329
71692
46372
85242
19067
86971
70109
87591
35024
46460
31906
54538
48630
38933
40562
5560
88438
64753
78915
55875
29679
82617
49492
16519
14892
77715
37195
50766
73694
51373
12819
32734
18758
18989
52102
32148
21117
42761
7284
21508
81974
70682
65805
9478
34739
32300
51127
19120
32176
18779
58073
14457
62129
60944
39358
64930
34731
33392
8455
35349
20250
5980
76077
97154
11221
93719
61263
72572
32971
14138
39568
46948
46179
37382
77123
36699
33709
54329
71691
17368
17430
45952
4785
22223
49203
8040
17295
52317
88299
20325
2695
72154
86611
84750
38096
96328
22781
82299
61187
18135
5719
46101
54350
77054
9247
63098
86859
80512
6171
43199
83282
79450
17255
56498
83574
58121
7066
84803
16311
82523
41171
42999
14297
16456
97599
44345
33837
26504
15455
84895
94140
53879
66133
15729
59676
92731
20262
18941
84045
62564
17280
15174
7711
87821
98710
4597
79726
23141
51642
71113
25094
62078
14227
10344
24717
9466
3865
34132
90119
7488
2312
89931
40206
73136
43420
48979
90232
58323
67191
79414
12678
97915
61180
48341
67392
71968
66212
56053
44227
19967
63971
12477
14175
94810
98076
71363
40402
73513
10387
12115
58905
67642
69467
50549
69233
30503
50849
54749
86178
1327
36165
57697
90833
1192
94829
44033
42267
7552
53204
70747
12373
64125
63583
49874
55760
81228
41428
86546
25709
55747
93964
18685
8309
3650
18602
4389
45489
54390
38384
74936
79779
3304
34791
45413
89371
5004
55726
7916
80625
98071
21870
37349
7778
76068
96318
95193
39642
8985
21403
58829
48365
43812
16994
59645
45891
96776
4237
14228
93244
93996
3387
24126
51405
35135
23036
8411
7164
38039
42831
5081
62355
26669
7510
33690
47637
21310
24075
41871
3684
38912
52086
10064
58066
64998
31573
8840
54377
14811
64176
43346
74813
62473
16388
1885
13843
2315
61314
91809
55428
5362
6328
31354
51267
27879
13854
89895
2942
21192
39665
55833
18266
13011
32988
1879
79159
31927
15878
20411
39141
91322
53697
18569
11187
20194
92979
3989
35442
11144
67484
15429
23795
91729
1110
17764
85101
84306
59259
66301
97302
83060
40425
24266
87910
13149
95665
96725
25758
4432
57344
62969
49614
78680
20126
16951
45238
77699
78342
19493
40273
85845
36297
17065
38157
94486
8254
23414
34857
96895
33997
42089
26064
96419
34770
4564
19682
5809
19842
41381
2892
5110
49786
25230
46235
8343
60463
41088
29854
22497
19710
93333
17594
36679
52897
72675
22351
64750
28294
51009
49534
20372
19495
51956
97783
63306
25068
61189
24903
75390
44684
8409
43309
4497
56876
65873
50718
96368
12640
30179
51841
36961
97562
98800
43373
83905
30381
65032
322
59132
9239
93539
15837
15019
19910
78044
14588
18691
14093
74878
90431
57387
29397
13023
62135
69272
14125
33562
18439
18665
53683
44283
68152
42653
8481
83745
50272
61299
13772
87750
20205
17170
51952
98396
79286
15912
35410
26309
82714
40376
65048
37468
15008
32720
47957
18315
16017
17596
84369
11793
26589
23322
19911
51880
51340
54404
66263
51966
76034
76342
41454
58539
53807
74189
82183
3004
87565
48578
23117
87818
83603
75843
18109
5923
91732
28573
12669
67322
73243
34975
86741
19802
22671
42733
12013
93710
67278
57271
86061
17932
77356
60862
39607
42987
70707
34406
31957
58507
13553
72712
73726
13884
40046
62947
19843
46216
24072
10177
66405
46878
94505
28447
32549
80033
14523
93117
24867
1114
36322
35621
99069
88831
23594
72902
61982
31921
79423
22051
10490
53579
9435
91421
12074
3449
58776
65454
13462
68554
42671
91551
61312
58456
24876
87939
66932
82583
28053
77606
10905
44115
53544
18411
55963
25873
51133
18363
71260
80705
60107
43252
28614
46720
31675
63104
31012
46091
34567
32715
34858
86019
39939
22609
80022
76346
64607
43243
2199
29982
67719
89225
78072
10968
74664
42762
27901
52007
78671
18694
4671
96887
27779
24413
95941
37879
35230
14468
9268
5090
66610
14454
41351
74327
45082
95460
45086
63664
54519
25603
43726
83518
90520
53257
6700
12039
87635
92610
97541
10561
41163
95578
85073
61707
56054
99820
61878
67058
64580
69530
50058
67177
25630
46160
51312
76468
59166
40856
90009
28026
81507
44012
59493
98828
75433
26139
27958
76861
56017
16712
79519
39436
83420
91397
92421
7091
42458
46386
98837
51546
62249
15096
5502
47375
43793
21125
25665
61664
16870
94622
12876
14395
61500
28649
63558
21679
33706
7483
56936
36968
80608
38258
8534
36847
30669
55817
51026
18308
67179
23788
40274
6094
57798
35358
13476
83824
98769
54178
27952
27742
12541
39029
28948
54371
56127
58050
25165
83442
21887
58164
36970
54542
53169
43576
6475
96430
16749
84056
99137
1276
55401
56134
52021
51399
38134
84205
5096
44661
45042
54972
38536
62075
57269
23247
55731
66290
7865
97043
62348
13350
7729
77015
95696
71262
94056
26850
65088
69555
18692
62701
35244
12442
85047
66051
46921
64635
59965
22528
42967
12305
23124
69715
38990
52407
92574
77939
97888
71079
54469
5430
21230
32836
44416
43436
55101
14024
93913
55218
35490
62868
49305
73857
12208
30872
51953
44160
25365
78019
9481
74203
37974
34408
12378
27373
92829
45756
541
97173
9158
37206
83865
34014
52851
87414
69124
36982
44790
70929
676
18891
33686
85313
96658
29205
8454
59004
65134
49787
20983
19670
45784
48187
34242
99867
20065
12073
57218
38436
16622
365
28417
58289
89427
41847
2904
29387
18340
91190
98187
10519
38016
21259
7155
11332
124
46693
87891
40879
82814
25214
78255
29248
43574
13736
8345
40627
14077
45681
90916
40977
20509
28817
97414
79804
94497
61498
37698
24306
4312
58966
28067
25367
33804
31301
55057
32660
21412
45075
95949
69257
2130
70554
16817
55921
6079
62589
90322
59958
44851
55382
13943
13526
49252
38421
47167
99175
22045
47326
67997
15491
28844
89927
65516
85781
26078
56483
23251
40401
90372
29891
35033
50291
16516
6521
80175
66254
82029
22427
35021
99038
69458
88546
80970
23026
83169
10355
1865
79464
20644
1697
22358
46485
67668
88260
84171
95976
29572
17959
42379
71931
21617
97251
20021
81054
80875
67639
88049
43536
31138
27988
59761
90239
61103
41075
31201
22970
97135
64653
94677
39636
91202
53267
8460
6812
67469
84059
42494
9468
79478
50400
14505
98479
19646
26864
34583
86349
50704
84330
86209
19398
22304
59924
67911
25407
62551
49604
29989
65508
36464
43657
94266
91631
59899
29956
60948
82521
61164
6201
40899
41052
41791
82585
35346
54815
48326
82878
3841
12830
30658
27462
11753
34303
40680
49775
90387
16168
23623
97209
79273
21519
3059
5668
62344
96914
40552
17647
60138
47906
84858
11123
45538
80038
12583
2338
48523
10994
84194
73369
24242
70961
1112
40071
42595
77981
11183
10249
63839
41542
32846
73471
62622
82442
22862
19611
80071
96269
14639
28546
50172
63756
21912
94846
58847
54353
79177
49725
12062
96009
31338
44729
38903
15496
74865
10226
36533
23641
69508
24860
29560
17151
39456
1492
94099
22784
15889
81103
53558
730
63706
83044
90570
74318
57062
39941
74695
2254
23721
7262
71494
82736
79392
64369
5405
3335
53530
93053
80963
13064
30420
59149
36355
23528
85507
36157
7790
59994
72918
64443
64517
64486
11828
87582
84156
87353
694
17069
48472
38485
10214
40700
48387
89881
97808
477
41113
48201
52311
96660
28601
63609
39166
34027
32913
63987
50288
21320
2830
27113
18475
46758
83415
35329
42492
27415
71648
94292
50227
30941
19315
41789
10898
64772
48014
11868
72326
87313
26526
96014
63040
74531
47136
22377
2046
55858
41918
22709
82783
67712
6320
16754
27413
84272
47723
14365
7940
89317
37293
14727
53063
36245
69690
68469
11781
62652
89433
19123
23814
87071
49162
1063
68747
54713
13281
11871
57
32827
91491
89646
64963
33842
12649
77367
95055
47558
44374
62849
24830
28911
14954
5119
33642
62798
65096
72662
42575
23836
59763
73323
55755
29685
46966
90285
97658
77557
32461
14006
35193
14096
11470
43211
21952
84115
26564
41140
63351
18144
63526
97191
65170
42648
15988
16660
11069
33360
8591
22738
64745
38719
48797
26553
15959
90010
58852
29463
3651
42377
96688
26278
11469
17259
45323
95510
84278
8315
60215
65392
18020
6815
17823
44875
65219
5465
34899
19429
62946
58903
38778
79073
57920
1355
16486
51600
49526
328
21765
75935
21605
41461
78390
75851
2086
48987
32275
73016
44722
39087
24206
33129
15415
67966
21656
19941
41885
23582
9906
52325
31144
9068
35428
9924
65866
62964
20675
1365
3240
18023
44226
11084
25813
16148
8768
73423
13549
86623
66798
66832
735
63814
30161
25510
83819
8142
15396
20886
27763
42931
51525
82838
20000
69663
65560
65477
54181
26444
1263
19176
9893
24686
38450
20314
24611
44668
42449
97473
37246
56898
39575
60045
92913
26475
10298
52570
47865
77469
28685
53433
8778
42179
42439
65623
79265
54391
830
4382
78747
7025
13870
6187
76908
18226
63494
79727
6808
22828
99197
29742
91624
8895
8806
19058
73182
63301
33694
50278
22406
47887
80783
4200
22740
40642
55892
64193
10188
98534
41221
14661
16751
30859
68040
6456
75525
25148
2138
27789
92927
16689
11691
21470
13739
58581
93037
19998
94240
80112
15697
24354
44792
28856
51140
51815
67513
7212
93197
97645
63222
1116
30007
66634
12824
72469
34781
45314
95336
22881
89421
2613
10583
81996
68301
24200
26408
35394
34495
78553
54681
33691
98715
4629
56431
48891
32651
4713
18922
40755
13283
73515
16976
47764
49928
72290
37834
62573
7486
16568
53128
31667
33698
60055
65809
6330
44795
56513
36087
11860
99929
7839
24392
47370
80373
92931
44644
47258
17627
52294
51740
77003
44342
52783
17328
54812
15817
57217
88310
71757
36707
89206
54405
23975
75334
78843
67961
24763
11113
19706
3770
35924
84871
63229
54734
17279
93501
43458
24701
31356
64231
9633
99402
61423
46018
25517
25668
26144
61973
94718
45148
17918
13604
1621
55019
15823
37326
77753
60173
22444
31438
34702
39009
53908
25252
61416
12696
1633
37103
7249
99668
22003
97031
50749
14705
16566
88392
56262
57913
47524
18508
16599
46355
16556
17219
3291
34658
78381
51779
23792
45036
80103
66186
80047
35975
61535
6411
49133
1735
28991
53378
25070
1475
69105
74905
49903
50036
20896
70065
16721
71545
31602
67053
18431
11133
77112
84879
58037
76244
85756
16452
95440
9041
55194
50011
37381
8255
53421
51333
90340
6512
47954
72870
21455
13376
72624
36939
71634
96144
83965
11837
36734
54081
81273
27790
15827
41853
89447
64337
19723
41301
52855
11387
99896
38339
46013
60649
31875
87943
85910
59131
57597
11983
30099
42955
85769
18262
88157
62364
45689
55135
13308
86269
49324
3180
64682
11446
46284
34606
42406
56028
46419
11711
56244
48339
2771
37704
57019
2901
7200
35606
67727
31641
71232
95875
17700
30668
36767
44762
61814
87575
7516
86484
65198
18333
34794
11655
41440
80571
52266
61800
54296
25920
40560
74521
90321
45606
16605
50711
30902
48302
38707
72466
99274
99965
99775
17248
25605
20753
72369
15133
84138
82080
87156
41526
67876
92461
75163
32790
58122
51001
70906
79757
36094
83546
34733
36037
64114
48457
41627
15061
51699
84479
55582
94982
47899
35918
43940
33064
79572
9243
9724
83708
21532
11220
522
73635
68962
61472
59348
32758
41253
7399
14925
31406
91677
24845
3298
71411
82897
57678
10038
43776
39113
68361
88010
24006
39991
1350
99975
40229
77011
41640
794
20110
28570
11250
88481
59051
61353
92767
65094
43534
47654
56257
62417
27733
60719
47206
82081
13105
85715
73754
2585
81560
43267
6840
35041
14021
85821
1252
71006
18939
92509
29455
72740
31779
98856
80239
64914
53999
51322
25405
59611
53655
46985
8903
75755
96696
61950
14997
42852
47837
65140
89767
72429
69492
11956
34743
25232
47520
14677
17142
48367
59786
55711
14302
27482
74216
73372
71879
2672
92082
96482
66846
18516
1655
97777
21161
76357
89804
42105
68055
90225
92783
83237
79482
91802
73630
61040
57451
34948
7703
51053
90462
72785
95984
91498
21222
65057
96555
14975
19880
18425
75575
71161
71054
78587
90038
71364
69432
11354
14292
9519
70704
9405
91852
11913
46459
13246
27744
46489
27109
95743
77591
84615
7441
12286
3956
4815
18672
55167
41248
51485
77549
56290
42381
62105
82549
50138
38553
45842
59943
51112
12479
73385
41065
45032
93717
86796
56711
11550
30927
11763
92996
10326
18249
47985
30583
37661
63924
36012
48232
53533
70471
33080
9009
51316
73120
2862
90408
11662
29617
66319
24076
37584
40313
45815
733
13987
88589
65980
3081
422
55325
60205
75714
73252
32985
27327
30328
68411
3834
65402
18952
35161
3760
96083
14690
28547
62993
11465
13693
46635
85028
26039
93406
18916
13853
67631
32909
83841
24491
37488
84691
68162
26002
81777
9302
41868
62714
49125
60172
87371
97166
26199
33554
35815
12206
86239
60733
38654
12313
64848
44164
70505
55960
70316
62182
7070
47730
95841
17516
39602
92921
86748
65703
19386
61609
94494
26949
12291
86880
95801
45158
2173
60145
75275
50148
63368
68488
68498
49074
44463
88254
71823
48452
67412
73020
61855
33097
65270
27400
53676
93543
99080
49922
23530
43518
36361
9081
22540
18400
43584
37180
72400
34210
36143
86907
90259
37442
83782
61689
90534
33771
36726
3755
19546
96511
19274
36945
37289
56992
82046
25458
54832
34260
14492
63336
32355
91039
28910
62335
36966
3719
63457
2206
34261
43497
35682
43368
59401
34696
59421
68509
80538
18700
77280
52511
36060
45946
98616
23891
47335
90271
44418
92341
15129
15155
17818
48878
51858
67947
5283
50116
25455
97672
39883
57711
30389
84773
89739
84693
4108
9889
28880
13372
4440
72759
99499
22235
38299
64661
62407
63992
56935
32821
17012
44569
93330
48124
61042
98368
79576
63781
10107
9384
10808
58103
40468
14714
7352
16814
96884
34218
95614
87230
55011
47322
47033
38614
50620
26027
61340
40169
84761
98985
80745
32582
49956
91874
79836
6117
69799
56570
5394
23693
37528
74643
26950
19894
33843
1371
54779
11970
57844
7162
2496
1890
55779
15116
5587
12361
66080
45387
30517
34234
86312
44396
20049
41175
84019
9028
9192
36155
98254
70279
59248
28478
90486
11442
37958
67569
649
24569
97697
25037
73452
60622
35920
49949
38612
12858
59419
41002
2243
91214
23572
46027
68776
57536
26146
71901
76017
27563
33148
63474
27981
31114
64783
52973
52278
34572
40944
21745
89144
12007
42325
32882
65695
66468
16670
19729
63775
59372
1878
52004
88456
35074
7596
33944
80357
18497
85990
50186
31710
11818
39413
79479
24133
27858
41539
45976
26795
39399
95832
54114
66732
9482
37404
41614
43321
60605
45656
71532
28277
39494
62068
66317
16974
70430
15591
8508
89675
32798
16606
12565
73907
16991
55851
95125
79123
87493
63
73546
17974
65745
62617
87717
19527
74918
91061
43907
90585
27111
34120
61854
15368
5725
64330
67624
4050
12744
24094
42251
48732
14205
34533
5341
39548
34251
68867
15462
7669
27894
53253
4335
52800
98508
51247
34479
28270
18730
17426
59781
55051
89951
40022
60800
72206
45902
2645
91071
38753
32969
64504
56435
56332
96444
59739
64819
64333
38345
36188
76745
51251
77745
83936
34874
89747
59468
12375
71376
3159
20155
99025
69061
6049
98514
99487
98154
28472
65437
6832
19159
42578
3923
4826
42310
54585
25288
3493
53789
61010
38529
28265
73508
45432
88015
95442
77259
6108
87722
5928
32912
25481
2062
814
18219
57969
78461
82329
66510
37390
2692
12568
63740
6622
75037
23680
59428
7465
5446
31784
69621
97276
70914
46292
64884
4452
34737
70116
76989
94439
74215
27302
51622
87407
72398
14749
15313
82825
3700
37236
89400
15033
34844
23111
71646
21813
32485
32228
56873
42998
61776
77877
44000
54206
21113
91135
28745
45831
82764
18875
59095
88159
35713
56941
42497
50595
13766
47027
12389
69574
69931
68580
79277
80659
9492
53566
36128
47619
26899
60491
7255
74185
56927
59591
73524
42801
52664
93349
16674
20873
40058
77964
73972
52385
70644
19952
32152
47859
22005
38552
96628
61966
8098
30926
23887
70219
81517
94800
92297
50474
1515
19893
90977
3570
20843
78462
64059
82948
86082
22301
40258
64686
31141
93552
83549
43919
22773
31158
14162
14791
35211
33390
57248
90479
15289
7553
64920
43325
24050
40470
11134
96590
48419
19578
7216
92284
60341
41819
785
184
83410
99603
45794
61144
77561
19284
60529
82708
43311
12833
55442
38803
78750
50454
25056
40055
46042
72283
13263
81809
52393
49625
84848
42836
15848
52414
90120
28975
90390
46621
29059
38191
16270
57789
30261
51013
4604
21551
44278
53146
47996
33287
8125
10983
25058
41823
52772
30385
56277
8530
46141
19698
20027
16555
52647
56346
13678
66606
21366
42401
78380
10217
35197
1930
50492
15346
48067
62217
96003
28875
75685
59483
95366
2134
31552
52027
89824
78803
20595
85931
43179
30513
8195
9419
19208
26672
11931
73970
96585
2027
76544
26461
77097
14046
55216
16338
70002
74483
36800
18267
27632
3404
84866
71605
63588
27216
63428
49633
88414
31726
74564
91386
30959
21187
35858
63024
15742
13495
45518
11998
27276
37140
33801
26238
83547
5784
30698
77286
62171
48371
39398
14409
69291
86427
32317
39550
20685
23311
80523
34067
56577
92019
46457
25974
38717
48006
88444
79578
42968
3610
4581
60671
18181
57017
70908
4955
83094
79845
64708
92113
58974
37780
83619
5985
92893
16273
43343
991
26582
20619
32100
40663
66697
19739
9038
50500
12460
15141
35910
58524
41852
53306
2631
82300
13667
54392
41496
28990
41458
58859
20369
18037
48372
72125
12282
69790
40434
10113
16097
9003
43019
34028
62956
25858
24226
12130
92112
56867
53473
29670
15572
84044
92712
59691
10935
91170
74994
9886
79789
65984
33466
97822
21001
82188
90018
25236
46214
53556
98256
39967
75164
34643
58955
10526
21372
86032
32245
60343
12009
11741
52674
34239
24884
63728
14
78172
47029
13776
44785
93306
30580
46998
39971
73375
43874
37843
47783
60914
40568
33123
47652
15696
20749
4164
69358
84850
41004
14930
21388
15232
2332
9533
6637
13623
62830
81543
65754
88989
49632
39872
28879
21339
42994
17093
97990
72091
19190
81973
46275
68947
67528
69342
37653
86221
72386
22219
38515
91786
366
65405
20440
86058
3948
90413
23843
24774
40536
29824
15118
29443
8889
31513
10370
16675
52303
1410
23884
25961
25456
38751
2235
88476
74060
31599
46390
65436
90488
93658
80041
59124
24202
95274
47673
14837
99596
7605
70415
86091
25642
8342
42867
46560
83005
39107
43786
76818
12676
19522
94706
78638
70465
79601
4380
57779
1385
1635
67762
53518
21986
63806
37319
65400
25784
97952
33375
76263
95011
47261
20712
47227
48199
78655
63861
98492
92952
98420
21423
46859
44957
95628
4135
9544
42820
73919
40167
41076
76992
84345
88497
19680
15913
39753
26845
16714
91678
92089
90879
24766
5358
12944
42678
27332
23932
345
61099
39660
33886
54144
55177
15783
25789
21006
59170
17660
52395
40832
99420
27669
30541
99415
97910
64570
27859
83337
14863
39377
37383
10059
14082
28857
73708
26477
16283
10697
71754
29528
49186
22457
18360
42416
22831
92012
28129
98812
24140
94485
1868
20733
21888
94490
4821
91537
99789
64489
43362
12152
43503
6156
24950
28120
33754
89997
94293
81961
13486
10512
13968
70853
41616
70476
43359
13688
27033
34892
64258
47288
90492
19473
99938
77739
2487
20109
24380
46136
89563
75780
85202
54576
1271
26953
27155
94879
60852
12322
67336
15279
34519
6175
8589
34576
32682
6428
75373
42941
983
49603
28117
25514
87903
12688
61604
55831
4053
25004
29979
88728
81505
7179
26533
81262
23494
35652
14676
39720
16995
20123
43161
61911
8274
33166
10323
2136
4131
91254
38251
9186
22543
25440
14703
40003
8916
63172
26859
28501
2024
96326
26285
10565
62764
41079
74525
53599
56979
40895
21696
72057
91467
78774
95297
6929
24805
2691
25559
22303
43351
70851
64033
14594
1500
62727
22643
37443
67330
44030
63923
17867
23500
9271
1833
97177
34398
62188
6217
10973
47528
94210
36991
25419
61952
10361
99654
65257
39999
40784
35337
3621
81248
36299
27295
55819
15514
39472
65031
1967
62691
14187
69852
94572
11488
61391
86715
51567
83667
82921
18881
76902
19225
86031
26924
16845
64976
44718
72649
92358
21040
58500
79908
32710
47483
69855
37413
40672
72370
9398
84911
14224
67917
98131
89947
1473
52895
77434
80338
28981
42621
73334
85054
30545
68423
69377
19533
85899
58489
41006
15049
28815
34650
74465
69885
9760
34006
58845
52321
457
49393
23554
13947
34787
63206
9865
29000
6097
7675
24100
18312
30738
96276
35531
5534
39922
65039
97439
20397
38027
44469
45416
755
10289
88942
39275
18824
42487
51583
77194
31108
51695
40655
11308
91451
32546
36797
37002
43260
30085
94942
23827
63339
99375
3318
49607
15364
70344
16440
26343
26869
65925
21955
60338
58725
174
65093
83548
6538
98444
99462
95904
5289
92769
19406
67839
63285
15153
7738
57326
1251
42882
97700
82401
58110
38264
2929
69783
83193
17499
25615
20535
30809
96909
95048
49086
54326
94430
75669
21950
26891
58462
21306
96689
89338
46705
29515
66554
16208
40695
10213
89606
71989
11369
99831
36558
76078
61845
40930
46599
28394
86337
50739
73218
5797
65939
31681
21379
23856
17857
41460
16290
25377
79091
64153
44809
11736
16135
59951
52220
7613
10646
18810
72721
34951
2438
30110
97146
72551
65076
50912
64173
90025
59584
95843
68165
76306
15444
25292
15899
57705
23440
55673
46807
20078
72684
69088
48804
53557
99701
65580
11912
72853
49194
29007
67518
22242
38412
69903
9770
38704
95062
20241
13458
75473
79444
44123
88727
44926
11569
94431
98834
48818
90929
64050
3639
32872
71827
76834
93851
74229
84510
31938
47670
51334
19671
11652
43696
84657
94181
16656
74304
97017
50991
32819
37369
35054
22865
21924
23672
8969
23840
86486
3399
87394
21923
13445
26446
35976
17782
64565
33300
50661
6142
91387
14533
75892
55384
24152
90595
40128
48877
93149
41958
81758
21468
31836
13895
17889
34595
68079
75376
39825
3885
46323
80129
41714
39321
91028
93440
5216
13103
52757
99939
20864
51723
3123
46653
96708
5046
48754
72778
13222
88116
1026
1872
92153
10948
48656
85453
18256
45210
21308
13307
23144
97181
10647
17386
59830
82039
54380
90622
63012
76100
14240
46547
77914
33440
73427
37470
65914
84075
96405
25087
11694
56553
94495
66625
52634
43155
23236
77725
41956
31506
44362
46114
27125
15031
42517
69648
27059
54192
38970
24930
92751
61861
25944
27314
23898
2132
67292
37852
77612
49811
99394
16701
8899
4479
45641
50469
77096
16630
44242
45252
224
38099
63340
27204
83065
64757
75928
52754
63013
66015
15502
43080
47064
48905
53955
16709
2591
52622
18983
45605
94585
74869
72851
53322
7710
46269
50955
82471
17588
71336
85291
27206
17576
63617
334
43378
17725
18947
63361
83329
17228
81778
83164
68816
34392
50293
20361
23127
55899
19759
89091
72280
83204
87860
83593
65906
56666
92599
41071
6275
25915
84504
81187
77931
435
30964
98207
58946
87151
58292
71828
66318
17942
50170
96604
24265
62495
45930
15813
96126
16769
874
89247
97805
82605
36911
50645
50177
34387
74819
79938
87445
33291
20435
11081
81536
60408
56923
9363
35935
57459
51628
62277
48433
49743
71647
85525
46640
25443
21338
19137
65631
61671
1493
59097
20650
13073
33099
26910
35417
57082
56625
48146
28410
37244
18937
38008
26998
48524
53405
33542
11633
67620
60329
58163
30922
1727
99733
8408
85761
62391
88080
87512
26586
74112
69564
17235
58623
39713
24753
8295
58497
11080
3168
21288
48768
42360
5623
75903
92361
9662
61389
16358
52225
37790
90532
44636
21997
64367
91497
21208
13171
54600
42431
79246
30228
53729
56977
14491
1608
61511
61484
83818
38089
37283
665
32968
12542
75486
95564
37446
25000
88002
81972
15574
19341
36531
67550
9045
80927
10414
58511
57637
81161
35480
81028
24009
35016
23329
51472
86171
62064
76436
74704
34428
10718
89656
5831
37907
14518
16187
56029
23621
3461
74790
57617
19628
94661
13619
17691
88258
16289
90654
2750
64038
11409
30852
66112
77086
34610
14908
74580
72951
78235
9975
79996
104
67228
88892
98963
7020
30721
96177
91824
16300
68191
64238
25105
23495
12181
63195
41827
70184
74188
92786
7150
40637
21943
97111
11778
53938
25111
36015
73141
71310
46725
6249
78040
16899
57173
52065
37440
89822
4582
73193
99401
54912
63720
3190
88139
4314
74642
59480
81789
38285
61810
16417
77529
69339
69976
54066
61429
81073
33388
24166
59445
10400
16919
94781
26190
77186
17784
42471
86396
83222
76684
24177
73167
53493
80443
56623
32225
21591
15135
58520
45487
24773
68492
34729
85955
88362
60296
25097
93098
58954
5062
10703
69872
83710
9202
92976
88165
11175
8646
72889
48096
86682
8236
6963
63786
97199
20069
10105
41107
38238
15954
16998
36368
32383
52059
55503
73185
12284
29348
76647
5876
52079
54854
40837
71484
39268
70660
23368
34853
96736
14111
9336
22759
67968
59671
30877
40751
25713
66078
48753
27685
28668
31795
49269
6060
11150
59043
3971
34263
18367
2209
36367
6421
38969
12195
85176
88474
46495
45540
11410
37712
45749
3879
45837
41205
10642
41399
20657
90525
88958
15345
9431
72531
76102
70923
9781
72385
88361
15822
64690
84191
89470
5538
12126
12407
11560
93826
35481
51735
76083
93681
59325
19139
38820
65225
11028
84800
62382
8878
21578
66155
80542
32335
27085
73474
34024
88645
54733
8029
35430
23981
35943
23648
43039
21969
52810
46174
12916
76890
46911
21204
48331
26962
9392
10131
19788
34824
4388
55854
60437
16306
17196
70722
87362
86170
71727
10243
6847
74767
30439
6503
20708
1464
63833
42394
50066
23307
66957
2778
22227
50562
9274
7759
12026
51182
80982
14653
45394
76229
1950
94350
9821
35643
10572
19356
52104
57494
9822
59109
1951
77732
26269
61020
5099
72780
9951
9531
67079
47395
14474
24427
34605
73949
76912
55719
38075
41641
99077
61255
35650
61367
19455
73835
30453
71002
40464
22501
50002
14463
69761
16865
8058
65688
44419
94844
46520
17434
46128
6046
68801
52729
58690
77215
80971
24896
60257
62102
78770
94882
71344
62530
81019
32268
59125
27334
69208
2122
91141
43130
92562
70272
76152
81928
42454
13697
11223
5470
47834
41942
45929
15663
16094
68251
29447
79983
9625
24316
68883
92266
62828
56099
7772
39129
37034
52347
49643
60164
16889
95931
43358
22116
41346
37483
35386
51496
80050
55920
86238
60506
43151
35122
4163
67056
33730
46958
19794
11392
20208
44538
72658
21612
52394
42747
28868
72094
19658
7949
95898
43936
40056
79204
21196
3539
23586
90681
59021
36318
92179
66435
13214
58115
15699
28266
14792
16894
12113
18813
38772
37279
83021
55772
54702
23105
71199
12432
9881
53258
21408
76622
35952
29776
62641
32833
2617
77470
34661
34400
7541
81997
128
14570
97761
61116
81230
39139
22431
79675
98238
63584
35812
4587
54995
70999
90659
13355
72028
26843
45467
18483
63597
22443
39746
40154
63407
79567
38843
15266
79442
580
8493
16706
75033
2634
27055
75000
51339
34822
97132
92383
54142
89661
9135
97068
64409
39676
81303
64452
22311
59363
94516
31993
13427
83929
81095
15674
11976
41661
18973
50632
14404
14023
50518
4526
26813
93982
73848
12020
20042
99516
71554
74824
52985
17526
77056
43961
6499
83248
84541
11842
15088
39903
93167
78956
30214
28036
17019
34819
2349
20602
65752
54821
59988
31017
93825
83056
75234
10714
59400
58784
90978
25792
45703
43421
83568
39216
69622
48192
53353
11566
60237
57477
46333
936
47023
18906
85464
41762
41625
44213
76864
84028
44125
51397
1818
87144
95885
10525
3532
88779
78832
21124
49844
46153
76372
31955
19393
47293
59855
69846
57884
64077
32422
47060
10267
71966
62708
72224
32953
41603
77729
78567
17121
24067
42068
89327
33836
92511
9376
60385
42020
19151
56704
26281
13293
31193
85281
47040
48540
21665
59727
47237
93611
40062
58675
94220
89471
55134
1558
9983
2759
47163
37232
68785
64062
11748
12021
37340
83837
46952
44603
26463
50686
9908
47728
16753
14909
56383
59142
54949
256
29077
22207
19430
44401
24698
82372
78935
76066
29425
77918
64533
52862
85312
35563
10180
58179
18224
10797
83688
20584
44539
73674
27542
59967
5950
64654
16847
34633
86901
29810
84151
9752
86952
60643
36643
90850
93097
61661
21492
92695
52500
92559
38298
80378
43708
10884
64846
31839
45177
19404
57339
5807
75924
64756
65815
60495
67430
20444
92785
33401
47108
98644
93859
6547
44881
59276
85809
68075
11827
36841
6879
31176
2316
8537
11330
71539
64561
20953
81189
17801
33122
27144
19358
29162
95911
15472
96734
38587
37838
70183
84119
41924
61867
10140
26348
25889
36737
21319
96900
61356
19708
86570
20780
57078
10189
65146
62448
87680
83539
58872
36969
57360
90293
60983
78666
64190
21462
56476
67003
86053
40995
99648
47405
80911
14767
96116
55258
90807
22329
84049
94788
7823
16938
65537
71679
37823
12575
86631
70042
26694
96679
49704
63014
10303
31151
27778
18766
26299
85924
69895
73553
67615
10871
74155
85155
23181
45018
99816
42869
84502
79837
93687
58047
67449
28898
88760
38130
69806
10268
8911
49717
91359
68891
75520
81171
16383
46254
33897
41921
58976
51492
56517
35052
48255
52049
3297
45714
38398
12121
90901
64045
36134
28093
15821
64014
95139
6039
15045
5757
15810
17661
82749
36394
57287
13564
58251
33893
54579
14290
63606
30226
41326
41694
82392
67188
13680
26901
63978
11559
3773
80817
52380
80781
38811
97647
63257
63227
23051
62628
84956
47397
75512
54186
81900
50410
23034
3530
34761
3073
41098
33505
9107
88722
54093
83961
15961
31348
78427
33333
91197
18561
14320
24290
41829
33263
66826
95206
64637
79822
81308
34172
39622
93875
43470
95863
80563
85351
88671
9410
445
93635
19883
28952
64294
18870
16029
12559
85878
19128
36159
2163
78347
69334
52558
97049
21485
49295
11140
74221
10193
79558
83628
91815
76880
9997
5082
78422
51450
68214
76501
98163
18275
83618
65755
4598
16095
93307
72760
32145
60767
28083
12808
17939
5434
8443
97800
65191
27129
69884
93577
49602
52492
94445
40231
39269
24336
76537
57044
56033
82545
59754
8276
67606
44025
40162
23724
18841
78624
70390
7219
587
97074
33710
2253
63945
54575
70892
17072
82606
27887
51231
71293
56006
56617
50166
17125
6887
71274
85148
7864
22679
44455
20326
59457
9150
96927
72404
51972
67396
73520
93808
39276
82542
22917
57305
29612
85360
98423
45156
99026
35447
85388
44791
18287
37018
74498
68300
27270
2175
21975
76917
67390
29817
45001
30972
82886
76215
2250
30743
74201
79763
68752
91023
53716
21629
74802
26121
23073
60976
42670
60874
46989
16900
95465
82956
14123
40452
61313
58154
66107
49057
31389
70134
38197
54955
18050
41706
23259
91334
7444
28191
89746
4653
43455
99598
60873
528
39460
86398
17098
32997
33441
47945
93247
35303
83182
21856
93058
83727
68542
61052
24071
63891
19013
65664
30092
28677
77752
35216
6554
24844
654
58846
48044
282
52899
87082
54287
81311
9174
82479
49997
49781
25519
43698
16483
51359
2899
14308
30205
70022
80120
16314
30499
59026
23736
22889
76959
53367
58161
72576
10330
68243
17591
12010
12231
8420
50386
44179
80005
76524
54264
74641
53459
52009
69399
65450
42484
14220
3473
2534
49520
29566
47788
35559
53463
53540
55802
64495
15401
71063
46315
34476
97339
37400
87097
22088
48313
43095
52167
61507
44860
15723
6366
94626
32307
26766
98196
2615
40017
93088
57191
19593
68247
13771
20062
33810
58342
44812
98084
97529
64652
32274
35700
48772
26275
96377
73643
94557
30703
11545
56331
25853
5556
21315
35540
62493
83075
40347
51488
75547
77766
16984
18552
35663
53054
43873
51539
77845
61378
85494
93051
77110
91481
39722
41318
25790
13192
24608
3535
70090
3185
37624
33133
31829
49004
89620
62338
71492
97673
42953
52497
23011
25998
78679
7547
31719
62707
88111
3424
44726
4651
60082
18137
8708
20771
67345
22423
93835
13761
36955
52489
23305
49734
939
6169
93080
37385
39132
19923
77692
50720
78398
53798
52050
20097
30614
58188
7658
16180
4877
24048
58618
50262
91184
4538
42331
43773
23115
23250
22670
25269
90997
19193
84132
58228
21247
37868
51329
43392
89617
20200
80134
78901
19270
85112
97171
22318
63540
30395
47940
71084
43076
40545
80210
10869
26362
77020
76327
15773
76469
37321
19674
92831
18646
3722
3402
41781
67520
95250
58088
53647
34569
86258
30597
96763
60340
61644
27839
35668
70075
21598
12310
32523
86996
30038
66245
78326
41726
48919
3309
12948
88478
11535
18085
69660
27418
96072
89737
18255
67411
41826
9520
26051
45206
62416
62178
45023
36770
46683
91777
8421
89446
44387
17714
89774
52426
35714
8252
43851
88212
48515
41900
84274
39942
61281
69773
44204
42748
24285
85957
83231
75485
35325
52058
41846
27728
74870
49992
27983
37128
50497
32661
17108
71400
35424
35880
94411
71216
94354
22037
27402
50755
44537
21820
54136
53737
55048
98446
44200
45452
72750
93029
83607
62234
25613
16917
54461
16041
48959
12486
67733
86062
81369
77607
48741
8074
78853
53856
74732
37388
78425
23005
79515
44392
8374
91545
6839
83768
30441
23401
36357
16449
2472
79707
21154
53552
70661
12448
49748
94443
44910
10872
42983
73395
48967
32570
20977
2189
71466
67985
89424
11288
3337
81122
80537
88358
75652
19411
22778
99044
22144
56506
66342
38644
56821
64312
56263
15862
26855
50355
43077
62825
38000
52069
45073
95806
57960
90273
56954
84262
58799
83890
63137
93473
51011
48528
50552
87936
94298
92660
70020
38622
19042
28452
70893
93040
57283
65740
56638
637
67068
51799
31517
3806
67706
46983
16572
60968
59302
19948
76231
81590
25268
45898
86503
88759
54592
70437
59978
74051
30011
79253
57503
89294
13484
57827
23437
88822
29703
87498
24272
74468
60900
97908
13414
81471
6883
45967
44913
78732
54109
82506
7451
45274
61432
81467
39891
41261
20315
22124
97500
18622
57974
37047
25330
68208
85460
64658
73219
31632
5953
80219
65772
20609
39791
34596
85108
98120
87107
62132
63397
44185
16111
16225
75717
57033
96916
32730
2030
45549
35438
24115
1839
65862
13798
84606
11461
73208
9010
63810
49981
40773
28732
37117
26497
25724
55231
25728
7493
71097
39041
18231
13505
28994
95377
18376
15996
71360
27009
78195
17147
10252
73596
5080
44656
94833
41851
60912
94453
84078
21944
68941
88170
48492
68849
29226
3119
88864
46543
32490
42102
90824
27977
83606
88025
15516
78116
1669
16160
7188
63917
747
42306
70886
92998
67061
36352
76063
52429
91927
6128
8931
20589
46514
19740
10984
35835
78698
1242
62459
44383
24674
58936
54855
87970
24557
52728
28286
45679
2582
55478
7093
29019
49262
1616
41543
81015
22972
13342
55575
75560
49088
60981
62814
14147
6826
44322
87449
83712
69283
30280
24351
62485
37705
92788
79155
17395
55867
41848
10755
13707
8259
21851
47580
60449
64300
32658
80084
42258
56459
93556
17860
44437
80344
76330
36718
56582
2719
39417
32054
6078
23428
95608
46521
17335
42297
76981
29179
63678
25052
40548
82061
42600
19637
20521
1197
35601
52553
46724
42426
56939
76655
75930
11397
21471
52992
62952
68407
67387
27664
35680
62200
34300
99508
58809
36270
23797
28532
2216
36154
46456
48352
70336
11270
10172
37476
24320
83977
26432
32078
41771
94791
28602
39766
54963
24064
16933
87753
48191
60796
89477
26175
5237
90043
4514
45936
2218
83895
22473
36845
29300
86456
15535
55910
65220
4367
77021
52877
93772
56280
46846
43498
31359
51448
60230
53735
89635
37597
91300
72132
18792
14547
95357
67539
81633
1603
43734
66098
80247
28050
51672
2588
11893
15132
54730
17257
77644
36149
9957
80091
615
94510
42322
47623
7695
87336
7145
19569
5521
84172
88960
29451
68749
9422
64179
43617
48455
50622
39870
85831
31040
76123
2707
61923
13955
23386
67988
66296
38470
1374
33577
13167
66365
36178
98258
57010
73098
9978
44300
98183
99852
42991
98663
39912
39869
7732
89893
67477
88093
42543
98294
90370
14529
47310
44669
13558
29569
28414
93421
55256
18725
52918
48566
49311
87245
45244
2784
11760
87424
65594
37818
2061
54463
99815
18861
44915
20960
1619
91542
97082
40190
76731
72095
30822
94305
89510
94962
36612
93009
21317
88174
703
2843
22563
50213
78847
27608
64601
24729
32024
11767
96700
47046
7977
50496
25614
97480
23358
21595
20686
28211
79793
76042
53750
71789
34023
25610
48692
27551
33355
81443
57313
16033
53371
47340
25556
24292
76896
17239
61994
40450
55390
18216
6806
29725
40709
25864
21867
35505
16237
73316
35670
99320
42624
18273
77762
99056
77002
32528
49054
16526
24273
67638
27103
74957
82866
23915
42108
22854
33022
78470
4061
90435
64047
54669
36100
34852
53629
48856
38590
15309
27342
39572
82955
38915
43521
98682
55284
77518
22465
93114
49563
92911
51601
3753
51867
34546
37450
74798
77949
13409
54252
67123
30245
95711
5284
61279
31803
14179
5955
73813
8507
73541
95373
43883
63852
58418
19945
20970
31830
65656
26126
70318
12425
33942
69513
88244
82214
63981
61475
52720
22210
89450
87468
12596
65129
29330
78859
8841
75872
62908
27138
52888
18407
27018
49782
22672
75932
46350
95319
43218
11283
36862
23987
30352
50903
8298
74661
30925
53877
73735
26289
84251
91438
89779
16887
96390
94644
72111
34110
26610
24279
86015
73752
51131
36861
13449
20537
99246
30350
12411
10235
79293
53847
31043
15964
79134
53752
48509
9728
46731
78588
1462
29268
64763
58773
66782
59234
16720
61984
47716
80261
80809
81859
22153
34543
37355
4304
1788
24936
41805
79443
5830
45790
23327
21548
70538
94055
68973
8248
12652
48547
46071
40829
31712
19741
21976
83919
42338
83662
77218
28283
14988
75835
43384
3486
17249
49010
48590
28046
38114
38660
5352
22206
82148
69893
97817
6691
92694
3540
71101
98659
72127
28984
16831
20992
81883
22522
9205
27926
64670
4119
50372
71606
75733
36035
63766
17970
68480
47650
30448
21698
81902
96148
10961
42752
18373
50659
33035
92391
49117
40449
44339
88976
45113
47351
5645
90641
74214
23900
32939
40064
61166
66891
44002
44177
47869
25730
92758
51164
64640
41403
36422
4936
64665
86596
79334
91550
67652
9194
84680
40004
59354
75472
51479
83053
45529
56069
51124
14153
90075
28749
5064
7225
41402
43439
75451
27381
91217
62274
86729
26898
12615
34827
97086
82244
34521
44410
51717
60438
23179
26756
12379
92343
48980
75400
49679
35408
22529
10456
30334
21769
33408
72187
6312
72244
906
21587
99179
56602
64516
69965
41102
36284
32196
53444
16076
5336
60492
73523
48639
24381
41165
57075
22082
55377
50113
64120
85624
18963
3873
39144
18210
27853
18991
93289
55197
24221
83704
45589
67046
81305
82228
50149
29010
39955
22123
99899
57926
19091
8857
99570
38675
67750
86521
21850
95649
78293
11901
26994
78319
82461
8021
7927
33230
46087
91582
29794
91215
79944
15931
23872
52929
24530
69328
18296
18094
63121
39396
26171
77559
37701
33513
68425
53081
66113
98867
50965
38720
71986
30880
63295
61798
78673
54652
67377
12811
44902
46345
59794
54551
59257
70085
44103
16952
5042
69655
63500
63077
56489
53161
3838
20004
26023
43991
46469
67883
31524
67073
36589
3799
31964
77650
14553
59491
33179
67755
51354
93041
16638
97411
40471
51872
62619
26659
34619
44209
13509
53083
65974
66783
42865
34273
52233
74281
14259
138
89758
13268
84425
79051
20789
48142
7088
79917
11424
16801
67166
70445
34516
21147
15101
39006
74863
24768
50607
47315
29419
18715
76515
7814
13883
12823
7951
61738
63170
6240
36772
423
69735
53281
8311
4708
84882
20832
79063
65518
87870
43721
72106
20820
47729
23682
89212
96373
78290
49084
49515
33584
14225
3030
56018
96818
42376
27278
39410
73214
6317
22105
17756
54021
29492
32095
97907
98938
40014
82695
61411
20291
35735
1425
16530
24246
37022
79076
71517
79834
87961
85830
38302
87242
52421
73455
73783
43101
74470
14953
76366
26089
93489
17649
39315
75679
8368
27791
9927
10088
85317
94589
46407
30564
658
46834
27414
93495
81591
91903
40098
52265
23334
13048
31457
47396
94943
33474
69531
53663
40963
25248
77090
43933
54691
43112
17230
84649
65859
53526
37239
20181
17856
21300
48167
61874
78393
84905
99540
28022
35372
33833
67005
81326
77120
23274
58138
82346
24234
37549
20295
56883
10601
82374
17106
45985
56354
41472
59293
99180
14464
23921
56225
22845
68158
62218
70765
41556
44327
18128
63592
80107
75252
48388
30980
2465
94989
54645
90565
57167
7598
25623
92638
23630
70043
65071
25850
18429
82727
35993
45761
44658
66538
89842
14072
51969
91657
43902
60041
35564
95071
68285
79564
26367
94010
56193
59489
46375
36959
83089
73005
19021
42913
43882
46570
17132
43163
80181
61613
76135
11785
86632
16118
70585
26306
65896
6255
29040
3336
35513
17961
55431
57416
19007
27126
15893
46063
33983
27250
41976
4331
64181
23847
45586
12227
20618
80595
31720
8171
33082
13694
28678
30435
23442
56742
57580
75303
33758
85090
69022
59262
10683
7332
79435
88117
38940
50282
29095
94174
82698
20799
49608
23548
2679
35988
30987
57624
89994
15582
6855
43954
823
35642
46402
52891
34805
63554
59940
16028
391
72300
19114
26972
44397
90056
92586
98073
20394
21640
33867
75521
28096
25346
91506
87134
11203
9815
19300
4222
28011
53023
25528
56363
23466
65082
32938
7497
38729
76926
24955
50989
41208
35951
49334
91656
41491
39153
50781
44140
34898
93590
72841
37303
45063
20727
82642
45029
36400
89587
8542
12165
47678
42098
38438
77911
7948
27100
91648
67173
12363
4944
15980
89917
8357
575
81041
72144
29093
28375
9300
73407
42713
81822
50305
31281
14037
89122
22795
58415
84307
79001
22482
66865
77361
89554
94971
12645
33565
93696
59079
71032
10864
59934
68940
70978
10277
12748
28295
94499
49719
87158
69213
74115
35617
9084
55748
1377
87032
52277
97536
41391
80243
52105
39639
88041
56485
41794
84995
63294
33878
82016
36298
72864
15875
49680
18325
78690
3807
68296
36739
38955
84646
44704
60253
4360
24205
99659
3588
23356
32963
14188
63704
72704
14696
58247
92605
82803
73501
47983
2772
89942
44090
18405
67804
83596
60978
610
15593
23773
27961
93972
22150
34923
97928
70391
94345
10836
32101
72324
82087
84032
64144
11916
30609
11169
63354
81737
26854
24008
25606
14586
61111
52638
60127
97798
29392
16357
23782
39374
84611
16360
49497
26523
22187
33634
29274
4229
32048
22578
27036
68346
35100
53446
68143
60661
51216
63087
2346
61381
32799
81679
39744
86895
36776
27749
30159
93390
27258
27978
60816
28357
24198
18689
42791
30722
2326
24195
78122
88468
41264
60533
330
37894
37962
41564
11202
480
91372
25185
46405
173
75828
85697
33503
51239
12391
38071
71455
6705
61678
50727
6779
82335
28074
61036
5795
68857
23996
72233
15971
86672
91818
47935
34813
77001
89036
15970
64244
30432
66858
59678
91853
7336
81400
2344
86097
8030
19690
36902
87104
90252
93004
4987
31548
38059
51105
47464
21831
33624
1990
16644
19353
59853
28421
77482
46771
22002
14196
4563
74297
3286
17729
751
33316
34378
22067
72364
7476
34083
57641
58139
28351
85780
71396
91493
15195
59009
20119
14928
21608
13726
74620
25557
95312
57084
70373
66544
77696
18987
27058
40906
68109
11364
15394
6099
62940
88697
96449
19565
5636
17799
72983
46382
21978
69749
75510
53237
35107
85128
51454
25715
79762
78577
22162
4204
10677
88829
74211
31342
70968
69625
33960
5133
862
49072
39131
93219
25641
16133
25935
17847
27273
20464
72511
37810
62293
23822
93427
70737
94026
40069
53775
93460
18184
37310
81204
17307
25825
542
36950
51430
53889
81694
64182
50488
71836
35376
64586
89074
23389
28821
48705
48127
68369
14726
27719
12866
39832
33748
93755
18430
27573
33888
65297
43778
49617
20044
31109
20256
40967
15140
27937
88805
16960
22156
6828
87341
33396
14407
21341
12174
18317
58554
16732
62387
73710
41009
74260
31273
38344
58283
1787
31212
69234
19631
94131
24228
11132
58879
62380
40196
17348
94347
42980
84813
58255
23336
13049
35687
6236
47434
31258
57498
21239
46066
99276
70673
89685
83236
226
82599
16794
44820
98077
98498
27552
42428
46178
6268
76923
20787
24789
20486
29908
65741
28390
94991
38918
56335
28189
78650
25376
26761
43277
93732
61114
54420
21225
4569
47511
10704
69946
40526
16907
99947
87612
11012
16389
99254
66455
90397
15463
46654
48050
36335
98796
15681
58406
33483
39240
7832
1095
97266
90764
8573
75110
57060
76776
207
83239
64150
47488
11089
47295
50932
55697
66703
88079
19339
10870
81295
45908
27183
11374
31949
98127
87191
53110
85807
94113
34870
163
868
7038
6520
62021
22401
16667
20631
78606
38408
4044
61851
19040
24949
56775
77985
69678
28336
34609
80377
60225
69829
51857
15861
19285
76913
53170
71314
30316
81615
41755
96710
92906
21941
78327
50376
97594
36449
88272
68913
91159
60441
68166
18469
83910
48234
29694
86208
62499
56326
8990
75122
15782
15811
11156
60240
99474
77686
11063
12250
54143
8489
39082
55795
68637
62884
14701
60621
71417
70392
80345
12333
26807
4110
71537
62711
2359
45852
14480
36989
91508
65679
60166
64537
96975
82463
6465
97663
79557
37168
83516
12116
63680
59343
29567
85215
63779
3944
18112
62031
40284
7677
74163
62541
74434
6450
53956
1021
591
82209
23119
52320
26735
98385
32640
92090
49138
7600
9036
14427
2270
35567
54406
188
69343
75665
47139
45309
27907
46122
65861
18968
73855
80957
45704
20127
8548
2170
62762
84555
45080
8180
40826
35423
25644
45022
54393
40640
26009
49071
93741
60075
17254
28746
40949
3512
31801
55986
20920
63537
15799
27946
73329
56441
13708
81214
12225
48783
24151
26259
27499
23515
13493
84889
37817
91939
94151
49357
21116
308
22241
94574
88580
96208
49823
19420
11603
76759
88826
47941
55309
4888
74534
61321
4094
16336
14757
12210
6992
68153
92450
41061
41105
36174
29869
14758
25588
55880
35731
62535
63725
37557
51686
98911
84681
25270
45222
32559
48598
24504
67196
94779
66457
45355
60763
54422
87518
24449
66845
96762
83042
16655
6987
76599
40250
562
75251
55482
20922
12153
1015
69520
34518
13093
19701
83364
37041
9802
96936
95010
44287
40581
99208
29822
71250
75707
33637
64602
61886
45792
55342
89614
93120
94526
68700
66945
24137
59730
5085
32885
26239
97258
31233
84270
81619
58191
15082
2587
18398
79743
22958
35647
34310
55850
40685
92111
47253
87634
73039
3774
70670
50840
40119
57930
14041
34343
56313
53948
29120
28959
25482
42279
29914
57290
69694
91865
76712
77619
69357
83157
70936
33484
41018
58521
72722
26552
7736
96517
19087
18962
60572
51584
16916
67589
33746
20913
58180
29069
56618
71266
49926
96484
72363
10606
32966
43606
14372
23054
15144
32655
53646
94831
84531
99152
45381
75436
24543
4972
74177
42838
32415
6937
21101
20015
34701
35499
69837
83232
59884
96707
32604
87307
20268
88057
51462
45769
43603
55843
15859
58061
17068
42506
69536
36492
34719
23853
59487
59186
46663
56295
55109
22058
57528
70449
44070
92479
63021
29710
3936
53344
69415
30548
24005
96317
63490
4092
27560
85012
40621
24363
48343
51255
47145
22621
26428
68404
24255
21071
33791
87285
78459
47169
8164
67664
58721
21043
71050
77560
63044
17234
84198
44249
22990
89146
49739
27068
73801
77704
90121
37107
24555
1476
62887
23730
1288
17085
72260
38078
49498
92842
24068
68023
33277
56694
16396
54886
15036
46800
29870
70432
54938
44039
8467
98712
51444
19317
4115
37734
64873
22167
70487
9255
47126
40442
81117
66985
50139
33032
32466
87011
86822
93971
18197
77239
36877
663
1339
60493
49351
66584
30592
52458
8234
16329
43896
55198
31805
68440
30879
32252
70231
17204
60826
71982
68582
72669
83613
65797
99356
86973
92903
36956
78325
48944
71205
21840
570
48435
77589
87834
2992
52218
35400
57424
35370
11502
88240
26066
74161
94806
2111
74078
47164
23719
31760
43955
65043
64810
19728
54804
97342
97457
32666
39455
97917
7794
66894
34577
51023
10939
27604
40205
26149
93487
9910
40400
88374
30403
68840
50301
43900
13903
92669
28837
25855
88858
7069
47883
19557
55919
25154
27041
65843
77516
34692
6449
48543
99070
78909
63628
650
26421
36016
93642
72544
45038
50052
3121
68145
16298
27653
16551
35090
88144
50804
39929
50053
87142
22229
60764
19924
10071
73093
61710
76248
64087
19620
84197
49442
67417
1789
32021
35912
60019
42562
98613
83261
29539
54297
65808
31060
27928
8070
73162
26152
67840
31470
69160
87280
49699
63254
26459
30739
33357
57067
2978
31458
6389
96828
7638
60761
27663
50081
39222
58756
82366
83396
14466
32354
26889
65320
9818
41946
7721
93862
83309
97856
34651
94635
40936
88206
26930
97685
72848
46271
55398
95979
12526
24539
14834
55014
56330
33908
59330
47166
25712
21523
81656
60192
38063
54199
15243
52771
95830
51949
32606
63890
26041
62568
17868
40478
66184
36427
41078
29472
50512
47753
34953
97610
54633
34399
35451
82358
96309
47516
98133
40370
39529
39752
26251
36888
2266
61523
58025
34264
34188
30657
92716
17601
93298
1675
93086
68618
53563
25969
23908
5005
28878
67113
1349
99583
84721
70252
38761
92937
47879
30083
68581
7098
1618
38294
59753
28052
10964
12921
2988
59006
95415
92128
20234
55026
51560
62606
57267
82450
9672
82635
98458
16524
8854
209
24453
82539
92490
69335
34568
20480
64983
13336
18865
13690
49027
67012
82394
60003
17913
90690
20172
22025
84256
26525
49018
66714
71680
35824
23132
965
29667
48582
18816
42724
15693
41525
65532
36369
33161
35367
36301
28956
83624
1939
889
63076
26863
14030
38958
52628
57303
83586
79591
45846
57318
85849
1373
13110
45044
27714
65885
49574
67099
19492
25919
3134
41854
23355
61802
32777
80569
51764
9991
53021
23104
11839
91548
28407
21504
8177
33737
44467
42609
40889
59891
59113
38019
70630
13745
36866
79679
39011
39998
80858
41764
33557
35
18057
86701
30939
2284
69503
2522
35883
94856
34878
4279
10668
81998
38359
3287
8496
42060
68760
79374
92080
61191
81292
18451
10543
4280
83090
29542
45386
22814
63168
3238
6103
40666
20952
76758
82498
47419
93455
35262
11191
14124
65209
15647
56784
41512
82025
29223
48245
98285
90843
55277
47988
865
99114
92994
22877
88917
24744
84834
21361
39145
31006
91926
530
18657
34437
65701
66562
64131
21874
72868
44183
27615
75540
58373
38671
62370
82130
76539
80276
59713
88559
87896
41508
54978
18876
16541
21349
59442
15113
42298
77662
17895
48122
12839
57492
21197
63493
59662
61167
45123
44389
65314
30219
73775
83099
16627
52487
4193
34365
50418
1321
37204
45740
90068
50532
45919
15172
36230
25194
62194
45781
40941
91236
57312
51370
29507
22104
39793
50025
23448
46812
31862
56415
52785
17347
83532
40270
26494
16365
97225
32683
6243
12954
96175
71356
87865
14790
49434
97759
29079
30613
38727
28122
56231
39936
13322
16071
5750
11168
48945
3112
78082
24825
7362
52747
63074
95277
52242
83054
66214
39012
4796
75762
22763
83770
5250
48209
40575
26068
61392
68999
73032
78160
3171
39631
51222
87289
30289
88661
88066
84452
66574
80907
75005
74855
28825
66506
39307
78727
56089
4555
28784
33233
19574
3561
52935
45095
13880
616
78317
1421
89948
20667
24412
43476
87539
23134
36064
13535
63777
48103
19563
29281
90188
19983
55933
40416
65103
14732
22142
40507
56153
98221
99614
51739
6051
79218
28246
49048
10597
20263
98830
55204
25597
43723
81599
38686
64738
16189
32786
44489
97471
74150
47811
78572
42672
39242
29146
95781
84129
51210
10907
51589
25657
68499
45551
34457
56421
14300
30463
78097
1233
37981
22062
68041
59515
21474
62773
33251
18802
14428
35073
51423
67827
28292
17586
16796
4271
77905
47605
75300
94938
23353
81173
37650
7405
48962
1292
43513
65680
24324
25341
64148
16332
39239
440
99641
83878
87386
29457
22680
31740
6748
21566
48287
81337
38004
86038
14573
30356
92393
74310
68833
89411
71327
4794
31422
20849
75555
28612
16410
32215
68608
61822
56351
46213
1265
46827
84766
90268
30423
14508
73283
80556
2868
36576
14136
58950
83531
33477
21070
71471
92123
82829
717
32201
31350
79386
53025
609
82315
81979
55304
61479
52349
3979
75649
51877
54280
76193
92935
85410
64007
73097
72866
95029
31669
41308
34020
62588
31767
92902
85606
32428
29890
99261
81675
18086
32664
72392
60543
32900
69765
97846
11529
99139
36605
73209
14584
73909
27807
97534
14392
50223
89598
44175
78648
70665
86446
23849
62154
93062
27061
37531
2196
47228
86109
19755
81558
22214
61145
55841
95580
79520
57454
56963
18609
29508
61469
10025
44074
49792
70181
9395
5190
81265
67218
37564
59484
7825
34525
35011
3418
67119
93272
28027
77687
33957
6697
85823
45193
35344
68775
26414
15659
73025
63935
84499
28786
11255
63658
39068
17772
57855
13982
29411
31492
11546
67837
86423
80854
18787
12476
84822
75979
3427
39937
70176
16479
15735
3054
16193
56647
16752
20455
64126
24576
96996
86950
87657
14350
37630
21311
67758
86300
26583
63409
86898
18734
81860
22977
46642
83503
72472
32561
58686
68005
99097
27575
21899
92798
49440
17742
21107
16570
46838
12000
26037
40643
74269
90973
43772
16232
50047
82516
28582
6902
26921
45979
37914
66573
6068
23189
58387
14897
92714
16141
59813
38168
34772
28404
35521
74858
35864
5419
19173
21178
10627
47201
46833
66941
36463
27651
50212
27524
14056
22830
3746
58570
93655
39924
92250
31279
25431
5235
79481
49238
58250
56756
42679
50122
65362
90135
8322
86460
39525
94965
37636
85389
63156
32404
43241
87007
49682
56777
35693
94459
52297
99666
26723
94834
31246
67713
51116
57398
14515
16114
47127
71850
53605
3120
85088
45736
30047
47980
25905
51252
14245
20580
57912
56163
16063
88243
16409
17947
86540
60234
79214
53934
95871
53506
40604
11293
22689
40214
97179
10282
5429
91284
6281
53520
85553
91006
57702
24442
51649
38394
56122
8233
16075
36405
83501
98172
87984
80667
32634
20968
40276
78895
52051
31333
85975
6172
18504
31327
20724
28337
45879
432
85466
74913
21954
96439
35702
7360
41770
85970
9990
70541
67049
18838
31820
51490
15392
46478
69620
22769
28360
56700
22927
30521
44859
39267
47746
78330
37628
16515
23871
11376
4017
53090
12186
96026
19330
11289
55825
23254
47453
11419
10706
19375
23759
96797
65624
55546
56766
57886
67089
27870
7417
46759
78949
63322
16990
41722
51083
10257
53379
39389
56667
38781
17195
49950
57207
62458
21921
44252
60698
29406
72005
47972
62597
41168
23591
89363
89442
66856
5571
89231
31067
84342
60751
48085
7979
96567
65775
20846
77867
87679
8079
94313
95893
32951
13900
31014
44462
95021
225
35083
42266
41371
7817
92199
82036
84245
26405
96745
57490
23910
63446
79898
21652
34304
181
71269
49097
81771
67280
45881
46237
1448
31303
55914
46849
66253
19321
40767
20156
26113
96238
14693
99901
28565
93160
37667
90143
39651
46293
41524
21285
52797
45283
65890
19770
15926
42783
16
46262
36442
96546
47188
24486
56724
64784
42037
67547
66886
25324
7770
34995
60637
3033
50416
18598
35895
39902
64286
76362
43524
73601
28107
7767
12164
12364
54410
73331
56091
23620
66810
55144
14400
24804
70991
16789
78029
20028
99125
93669
2083
56148
10795
22309
19721
27468
88463
17504
57753
71348
92031
57916
72768
90331
61895
7689
42292
35425
33472
93554
81299
74471
93157
16367
36446
97100
19346
9796
32457
29922
26893
24619
2119
54421
45153
38065
20313
463
412
39531
19486
52461
48081
63925
93934
4857
96183
76340
62385
23235
71433
37170
14675
81527
73163
51770
29234
51822
46739
12936
63928
28236
18761
49304
99013
64769
30787
32550
46625
84143
9280
37332
67404
18393
81844
98181
99036
79761
44523
42291
3861
95417
32159
73295
53207
23383
42177
87676
15612
24961
39960
98923
89912
25496
167
50412
1786
91612
9147
41094
12141
88004
59222
49953
88321
17703
22441
989
17231
75066
16342
3087
28257
28385
34107
23895
56626
96195
75432
29646
44193
92350
71979
52301
98700
24651
41281
34555
97039
26626
66541
266
57422
15459
43988
29488
4825
75948
32391
1298
31613
48019
13516
98546
29169
20418
91164
44023
5431
46422
98509
38522
86845
49123
26508
60925
22198
77910
77761
90169
22136
35877
7251
81414
38292
52269
82628
58706
15366
58995
55224
75045
82020
2824
77550
7048
15055
67200
74043
21947
9494
85118
64235
20914
75818
68737
85050
77328
7078
15910
31999
62145
58563
38162
74986
5667
4978
1563
93694
80390
70967
15136
42133
89799
78237
35507
21335
59326
33626
79714
23913
56860
70302
68863
56972
77456
28658
5960
22505
62613
16214
38480
97375
53134
50935
55006
3518
71561
71786
65434
15736
9117
50462
17819
60309
60252
89030
67286
18069
94796
88533
28333
77266
22252
74837
23102
83982
22395
74277
83331
85886
53677
43091
92499
20191
24027
56521
93377
73105
28537
34517
2699
69224
1895
88155
13090
28368
87192
81729
97681
51625
58921
5576
21294
91336
15246
6176
27945
39609
34690
27188
45672
10959
26511
87385
61031
90401
62411
26548
51259
29976
33272
1630
77048
82246
40216
55553
29489
87747
15417
46334
70110
94413
84167
11190
30050
1889
27721
65356
87707
91443
29035
17447
98567
63884
66185
27555
72667
67503
72003
14858
23223
34155
23966
72365
8737
29119
49089
27536
12443
35407
38050
23687
75661
91598
80611
1066
38045
45969
17776
43136
86578
91042
15256
10520
98915
13586
84061
17723
30116
17024
59901
33922
67224
90415
54152
50881
9558
63804
94702
49584
89214
8437
58694
93806
69308
22703
75235
5451
40256
21214
60012
79056
88430
98410
1570
63758
3813
21220
25836
2612
11343
82743
53429
36557
36065
92455
61470
77385
84841
17283
88509
75976
2439
54049
77246
69610
10102
56027
43702
19461
58668
34144
74421
59632
66248
68846
84300
9480
59670
24886
24002
39353
50065
21563
792
50510
78104
40576
80427
9039
77257
31377
76522
92803
9257
79002
4406
18874
7574
91252
26340
86468
57154
70580
47152
34309
14358
409
64858
87452
61148
1042
98656
50579
26673
67702
8636
71148
20643
18008
10851
46962
56707
49439
91261
17920
86629
70244
31504
7000
48790
16930
24346
18668
23581
3485
63791
16857
91531
33061
17778
27727
18586
90104
57589
57898
77129
26575
48093
41743
4971
87621
35745
36171
5765
17399
23688
79541
53818
51756
16296
25567
47339
28702
86606
60697
38998
23354
26437
82798
69699
98058
67083
32286
38112
92573
72510
31105
3488
47820
7416
22868
32324
53538
48850
93212
12738
32884
54663
38887
63427
75173
13208
9222
43360
54739
9264
70405
9250
58868
81180
9030
19866
76456
70772
15239
25296
76172
78473
96955
2867
93000
10481
49924
89934
96800
15694
70342
50575
17057
22556
66037
32972
63962
51645
53343
54401
9006
10425
22491
59649
39484
78735
23256
21846
37185
40061
36505
91572
28926
79634
44141
32577
30710
93141
27070
11697
2043
79292
16623
98347
39083
62838
23803
25373
3531
34902
85750
14200
4930
77969
8352
6173
76477
10242
48909
73626
14956
63529
30529
52318
78934
38428
46356
24739
22614
17197
30324
71700
48840
81889
5561
30796
28041
69525
59226
56750
18998
7676
69447
34279
69232
33199
72825
23793
9786
49531
49972
18557
37317
76644
80495
45741
10517
93514
70215
70945
20050
38198
91700
51697
15439
46384
66040
41583
51871
13758
74852
32538
12917
84040
18139
14487
27633
23890
48771
24377
96393
15776
29043
63715
70121
42329
16791
54619
92347
327
77093
47857
20758
2149
80598
18000
73988
93503
37464
22642
94041
30039
83800
5946
59426
88366
96926
33628
68453
84326
79590
63218
33602
74535
5452
37052
54312
23343
27176
95039
69756
37275
99524
35070
11216
67122
13362
47625
47302
58993
56420
13901
57299
74330
24757
15292
25079
39303
25687
97625
47908
8754
45341
78228
61791
55907
20018
26082
17815
13915
95551
89392
32773
99886
6870
82533
6027
93715
8765
81908
17578
95598
10956
35069
22567
3556
22435
27134
22176
68140
93362
65187
88717
84110
40992
50776
82840
28409
51159
56227
70796
3419
48057
50399
53041
72933
44207
44052
19927
20718
83220
11887
23685
43737
67679
22810
50732
34883
29811
42063
1717
13455
98520
68519
56460
3763
22277
51961
79894
5359
82780
93699
62042
55532
80399
40246
37703
9146
77708
75008
33072
55420
70419
87497
59642
37895
12528
3098
42468
96242
88792
45470
20683
33444
9307
31065
2184
19110
19405
21241
62905
72987
13980
33240
7215
93930
93347
71706
21707
7724
50179
88582
42643
77187
37387
93424
45481
71470
39564
64639
57523
35716
65083
73306
83864
6482
244
32983
9151
18832
61183
82530
52939
8348
25821
46426
71317
31687
78306
27785
17130
88938
38163
58566
29609
78415
50104
47466
91959
53707
19084
80102
18570
56697
12188
19305
82103
29907
17667
36117
63522
66588
23901
92691
24891
58551
41214
93967
89439
94745
42464
87103
18389
50354
96881
57557
98748
72439
21443
92149
99640
69679
97711
82793
16574
469
20229
76742
68235
45806
22968
18254
10650
5404
70310
37863
56705
48353
53328
15257
95848
26537
22493
24870
64677
34204
17557
5662
72697
27489
32633
9075
1185
17274
13169
73733
31983
32269
15420
21916
31370
3967
63114
12352
22852
69658
20416
29877
52151
56833
38085
74716
2898
54497
28797
79409
90702
97257
66906
40143
56514
63303
94916
21797
51190
87699
83893
74462
85014
38681
74293
40800
22230
28356
30340
60259
57610
32419
79184
57770
14168
47787
21572
40170
17270
86799
66546
15724
48401
56621
33196
54019
21957
85694
39112
46681
32165
19987
28778
77136
35728
57050
44076
53277
33256
13543
27825
30923
82939
52150
89761
25586
47971
32672
57186
5918
26371
55406
2485
30996
185
97797
5299
95845
16862
64205
31243
96913
65759
46965
42663
56689
81074
33053
36472
60974
42744
64861
22779
4443
37338
6284
63630
15884
53610
14145
59915
58211
70330
21780
86242
4610
91958
48283
93032
36333
9443
32202
34315
38507
59682
7304
18850
77923
20525
85536
11943
87164
86442
71480
3341
76402
63434
24977
46931
23860
48709
5937
84980
23002
38964
84626
28632
11772
64936
40424
64657
34564
45581
41883
66437
1877
82748
27260
37403
70755
58984
52703
80177
14798
40783
47171
45599
68964
21672
16983
15824
41600
49352
20571
34821
17872
13168
29812
17435
99575
26318
61030
73135
19419
37608
62954
13179
76051
29850
99626
25008
9177
11855
24957
68242
47852
43133
99704
85696
28493
68088
98921
35261
37347
16453
41875
66857
30997
98031
81767
9191
35007
38161
38454
68705
44806
66836
69860
74808
11110
28482
40144
17128
85075
19096
76980
46701
89684
59894
964
84888
22456
11782
27105
73952
47796
21465
55614
89976
34373
56022
5442
65222
781
89730
81886
11294
58218
79093
6479
1880
26961
30454
34512
18981
75693
28072
70362
36537
95180
80268
96432
32130
81546
24220
38406
85192
22416
4196
23649
82002
71872
11613
622
74377
51029
62750
30700
6552
56016
97051
13236
52375
82279
85862
28552
75861
45371
11930
27178
19462
58714
50862
6393
13927
17076
75180
5115
93761
78316
25736
20167
99167
35742
90626
47931
92566
1088
69548
47062
55160
903
89663
11773
85586
34216
82328
96937
80648
62813
98318
8085
17059
1566
16686
77722
23244
9936
51194
28467
44350
61060
62084
36710
45358
46445
30290
43399
75907
36520
91207
18542
15652
36295
28928
9339
18955
84380
37250
99343
9031
32602
89200
39765
58397
87908
92817
24383
14877
62296
34148
12986
33881
52060
61836
37789
60932
85304
5207
29094
63157
98037
17171
37555
40194
56454
15825
54184
79937
23438
88494
30378
23452
917
96741
26490
37904
15653
66096
83295
99857
12701
16107
2540
3664
40943
99447
90459
23116
36701
6901
40512
56856
34142
11054
64740
17344
77889
36473
2656
64663
88382
41569
39361
22448
64248
77369
68818
30919
46671
24415
8787
63897
21836
59718
12538
73892
69926
38625
29621
88740
43153
51308
74917
77238
74262
79040
35903
83623
12743
78623
16499
39528
84880
34296
80386
40213
97773
83665
28663
20529
13400
98540
7800
28735
40801
84548
18151
75884
53384
35593
46562
50366
39036
65291
24587
33946
89283
98542
24983
89041
17734
86695
68881
85393
26420
31718
49936
21691
13481
14713
21075
14807
50381
41938
52955
99299
77167
30076
98051
4620
343
82327
95831
81660
18697
40321
65352
44459
31516
26601
82723
41431
19014
85948
40469
62434
43674
8719
14699
48494
16828
67429
79600
41306
29636
19804
38682
7008
53106
73249
3808
99467
60774
84534
27024
38931
61096
67667
25391
12985
31864
2393
29297
30971
83506
84227
34938
9746
78987
21995
40823
25425
44953
58508
54230
5379
63550
41295
49840
47034
71090
93038
82573
4883
64401
92382
69037
71708
51812
29726
56788
65712
39584
11889
20764
37099
50554
18977
72907
54964
72869
89561
19610
48309
4845
97097
12706
33552
5103
59992
61094
22275
52177
65504
53572
57563
24269
77462
53964
30701
48417
79006
35882
64158
26970
99021
7868
79297
44236
25521
53968
84500
46138
6740
24875
10777
7798
62226
35445
10382
89185
95609
14993
72034
47048
27925
40135
90819
34345
93223
69547
47914
10221
85803
19914
15169
46416
25561
73188
8926
42604
87014
16981
17052
25042
15021
96693
5191
6620
32046
54848
98240
98551
21441
47589
85479
91329
5808
19837
92304
2271
65989
47380
90505
74861
9894
91581
53439
25050
65908
41521
20052
63903
99848
72228
65814
8516
82622
97011
69579
9100
90993
54656
45220
66779
30138
52488
56044
15951
34523
89834
95703
55991
9921
39438
42282
10574
55519
17907
6623
84608
31092
3292
18080
95805
94408
6528
22389
2839
34318
77401
94222
45054
86330
57904
19218
2292
62842
38365
15342
65164
14644
28559
42156
69133
55240
80771
19648
30339
77616
13659
82679
16394
8512
17123
59798
56753
695
75068
67360
88698
63488
71994
963
40905
80976
65408
16235
39725
81816
70400
56301
30890
59625
26600
53136
45348
10032
56925
25300
67729
69781
53843
90229
86756
5893
19746
63752
5312
26599
8513
47116
3302
24965
70066
15617
74074
274
94274
82860
18041
79729
14841
5218
91792
56248
62390
67227
68894
53928
43548
95515
98533
40564
96787
20906
46604
80411
51786
21266
13039
58234
46929
94338
27803
28585
23831
38643
81367
77373
68046
31427
14691
23241
25596
11438
29056
60195
12520
21593
27027
71071
81620
38341
18720
56230
32688
40488
66095
1199
33476
13227
97273
73962
49066
96614
12814
36208
98377
19174
15702
7291
57141
91946
75864
18295
31561
39772
75085
55805
40650
58400
39031
51839
39907
32861
50287
76571
27344
45059
66426
28931
98530
42841
80578
14211
83923
48649
42043
90790
70230
93868
14829
78592
77922
1018
56051
52828
94857
43845
76287
29032
90410
39291
1441
16169
45150
95519
53681
43966
21024
54503
24607
57537
16344
57472
33211
15894
2380
13280
64305
63867
24671
75668
915
2305
11984
66667
35783
26439
4245
5838
80929
96664
53375
79278
37916
99581
22593
60171
90518
34178
16120
83475
39024
18674
46363
90355
10161
53198
91327
91109
98334
2452
31152
46633
46523
77068
42662
22010
23539
89237
30587
14585
15253
92057
34097
24624
65748
24113
83649
20371
11985
34070
72476
89991
57836
14712
31311
44258
54013
1708
99073
48622
50124
55169
3342
62531
79449
13340
25147
11412
11717
43663
54694
41639
39849
19635
75820
87091
37299
46394
79393
13215
91725
64054
54466
6254
62925
10585
28861
88031
10908
24014
14874
56589
56140
75204
26727
56578
1149
11010
31907
62721
47531
78662
55902
74473
10934
6372
59341
4375
80738
39502
3600
32017
21144
55525
28762
19750
6906
13226
8251
55370
79043
79928
66701
43839
66943
26701
63646
88777
8622
24976
23049
45002
84627
67203
76133
60446
95965
2431
53350
9686
61171
24182
25533
94801
25901
59905
29308
21505
1059
97269
48539
53092
19124
22397
78554
2480
69336
72886
29880
26617
87402
44773
28701
9568
22245
61463
92454
26616
42564
90467
88182
71980
70708
93535
27361
98844
99219
23540
26881
39826
42844
22948
99828
74576
35492
15664
54969
14576
87127
14020
45986
93995
87669
20367
67479
20801
82012
65917
90975
44432
23373
74154
55004
87583
41795
66528
66204
28673
41484
2174
62500
33220
41856
96615
707
6575
23735
63507
39085
31140
37893
80190
23508
70172
90865
62676
76967
54641
52825
21729
16680
88070
87795
23103
71656
71195
31392
62398
34687
57249
99835
55124
20565
1422
67342
4970
60342
763
27967
94641
65991
46442
77360
11920
8727
94369
8681
75358
66134
29150
51659
53031
52601
74413
18056
46913
6426
89428
24314
97591
67435
13652
34617
36836
28850
2543
43352
16455
24815
73957
1538
87157
42209
1019
2246
46082
62794
86579
57196
27451
7333
16717
70209
21809
35575
32051
38332
73902
32186
248
84763
51519
50911
1908
68193
49771
740
11246
44641
69004
70283
36331
75761
53705
65616
76485
48887
4863
53001
40136
73569
22615
6198
36622
90375
5915
5658
91645
9372
56881
95459
27796
86559
26132
39044
16240
2741
53930
45894
43171
87257
91248
28010
92495
21601
9019
86634
56675
30230
24025
72789
5047
18179
6145
24749
54864
41979
66429
56251
64906
12887
24809
27161
15599
93986
85174
11102
20612
92196
22834
58067
55481
41557
86160
55732
23569
94379
4602
94269
39475
80766
70402
20854
14012
20482
65811
49947
62383
48485
82725
97584
335
44482
27656
18688
32815
89463
65579
17089
33507
89031
51167
94867
72058
41117
39345
978
60099
40757
10744
16119
28972
7693
51018
78063
5853
25090
58753
96809
31367
68563
12290
803
18354
13769
92201
4829
94820
35588
94750
20897
76441
61240
35300
49886
62804
54490
35616
48849
34475
20656
79412
40130
48757
41423
43861
24785
17063
25001
84266
46227
86621
43822
22109
94399
96826
83086
99204
43727
71722
37804
31472
59365
20417
65247
35846
99102
57592
79733
52351
66498
24568
22314
86365
8419
27274
49727
64815
75874
24533
40649
31880
62675
41828
83487
51530
24422
98609
73967
40048
53541
39716
55674
60367
90000
71673
51971
47839
74356
21292
43684
46030
43489
67817
90777
35856
16764
76628
20533
27424
76136
84097
85211
3805
20719
23700
12929
48695
36986
29664
28776
40019
98908
93034
42364
77820
99890
93395
43558
11006
22646
6647
36452
28475
46429
84124
21499
52564
84127
86006
21802
71627
8088
36403
92772
66297
89933
7811
34959
49929
76914
50509
21434
70900
18067
65481
7409
91362
23404
4345
97366
99533
22745
51702
25461
51296
47307
25754
7090
94908
41073
60705
28737
62244
9365
60825
12027
72303
25503
61070
23339
43559
94901
29413
17994
29219
73702
2339
76986
4996
48413
74613
54776
33895
69247
43273
23213
95448
7363
19644
56648
93178
62976
28392
17041
62264
21644
77126
78721
98226
70867
6608
36944
47398
10724
55636
50096
93852
4248
80306
14548
12889
84023
31587
36851
37013
73705
9517
74357
40632
51732
51552
33028
42393
87338
37379
63875
13325
26715
61992
17724
46756
98708
31584
48820
64811
72890
86896
9362
19986
76903
59094
4120
61045
80540
11666
28530
65277
31894
77134
41490
75694
83991
36264
66388
83400
90373
2974
29759
98416
67670
67066
96114
39811
41356
19601
64942
84637
59886
42895
21958
16489
25263
65578
2521
24300
70720
70590
68248
593
94832
68025
19201
80932
33920
24301
6824
21735
39301
49702
89070
37045
76576
37337
38373
45396
77625
17362
61566
22751
62002
87117
99348
72344
30549
96236
24224
6143
564
36819
11720
66249
72210
3824
59651
46785
17790
83438
53740
1783
47402
69158
89481
32681
19458
80841
72123
71833
58017
68365
20273
65208
55643
29630
5842
48471
69510
66352
34077
27895
60378
36131
12372
7722
5462
49744
37766
72496
74360
99257
50760
49854
96334
74045
29581
4122
42832
20734
12961
92188
88530
20292
43746
61431
44492
62944
30180
57934
96199
1765
36559
27837
28877
96217
34816
39975
10155
28116
24070
3527
8076
31426
48437
39701
18545
97707
46943
46387
5839
19220
23463
34246
20003
36607
12797
17319
8572
71245
53105
3095
88748
27627
70070
30013
42835
10730
90619
23716
32121
39979
28908
98027
86377
87720
17033
51719
85863
61839
10455
83311
25284
20892
18248
44211
77799
59900
63918
86944
52057
58435
30308
88172
19559
7317
77371
66888
26016
40918
78490
31483
12883
46925
74393
43208
40671
47979
15708
90796
85481
48711
66211
98958
72538
63278
47553
37890
24282
45146
56663
22376
20008
77920
64678
58763
50966
28013
1513
76725
95126
80560
4508
81437
76430
59327
19008
99527
81170
5195
75529
58747
18934
6322
25273
81726
9136
25033
17229
39567
86186
40907
3906
17213
65282
64932
70275
47070
65189
72518
48034
17914
2041
49038
64315
21934
67348
35045
21905
46796
37988
36031
57625
29305
60640
42323
53562
1757
43230
13069
19875
31293
71183
38823
55803
70864
64800
99391
56718
71970
30483
98874
52766
50347
88225
62603
12435
22911
61275
7504
99221
68327
23204
91999
21440
33387
3965
24465
37526
14079
25479
55639
7727
70960
22400
46881
47472
40565
20725
83544
24193
17298
43290
86646
42273
82205
63183
45865
78640
82296
28792
21450
75488
21055
14566
64534
41463
45601
36220
39350
88134
88679
62807
37471
81693
92544
4718
38399
63132
67527
43557
38800
96859
6092
1519
89494
7199
72563
41124
44367
77049
61192
83746
5202
1769
56840
32854
71551
12798
75304
1262
69879
80629
8556
4891
55613
41695
91916
62945
19691
62432
22744
49606
52954
41314
4439
52514
8775
41319
26540
36496
21429
17768
42402
57649
22321
7106
42550
17950
80627
6130
69693
62298
1334
36700
2817
33041
35311
28342
79703
60980
25616
24393
32114
43612
19935
97420
58395
24623
35340
88769
73759
16052
36588
39695
45216
34570
24648
96445
11206
38460
45893
66797
62074
76243
354
30387
17519
56672
29005
31289
96305
68267
96507
52171
21736
44095
46167
9349
96671
95777
68336
90937
44642
45816
87600
16502
30490
6648
76741
39866
8497
31225
46814
95175
80000
43585
2108
26212
36160
37795
53011
91474
78517
41325
2343
29926
62413
93840
69180
77599
38834
23405
89696
85733
50753
20606
30823
75192
46981
37523
5102
2726
38035
73240
9691
31503
38679
28089
15069
48949
64839
78994
29317
7632
22574
27189
53621
55587
3275
29204
91290
84579
2367
78372
61315
72654
78130
28225
31441
3940
11834
66808
94117
24372
40961
80882
30346
506
96786
16432
32089
37197
62604
98899
31378
38137
67860
87420
72220
12747
43201
39415
68859
7601
10902
97724
94319
35886
9048
80189
27476
34615
69083
76862
30713
27005
88556
72583
17359
9901
56863
48807
4437
77315
63778
53435
36429
5866
77634
44921
16918
56156
77005
86009
15518
38986
10625
65977
2505
66227
42899
97811
22617
66935
45087
46483
23702
82967
85293
7768
39211
74896
77816
53821
39425
49350
50133
74872
33571
18103
41717
12481
29879
48792
13027
55689
50846
18279
13970
84667
17678
44731
64668
56528
20534
50209
41677
6794
20934
90354
46146
89526
53528
33533
36659
24516
66475
72771
97756
21494
98575
83247
80044
22910
87701
34333
51682
81353
48660
99149
37637
25279
8162
56712
16664
78996
36397
48911
74196
72756
47549
94348
75636
68385
8919
74811
73411
15044
40844
83018
18426
51520
57348
22013
11437
44566
68276
24544
16554
58210
59867
25706
73925
35724
32823
16810
630
38981
1771
47999
23350
45844
11460
8801
54403
76611
20189
18166
40032
5120
19735
65363
85743
29588
99318
53415
27267
72502
89336
14769
78516
34215
37891
81898
90789
86071
71991
21536
3003
8103
18496
6370
80792
63264
83886
21597
59757
90568
97353
81237
62526
85330
54620
15809
30139
46481
5256
54829
26480
32727
32209
17607
72302
4710
75949
67032
13100
76970
22833
34011
90956
53327
93402
57363
77488
9470
30733
47413
25044
66495
74213
31854
12619
4614
97603
26933
59258
74093
45464
1140
82190
24670
13056
5564
25080
57100
82391
33502
41820
17687
12721
11305
47185
90
40639
27212
83985
3641
23028
28325
54075
34556
6487
25251
70514
14753
16221
48051
11992
62897
51121
54482
53483
19494
9079
40760
30759
17991
73321
94236
83288
558
30684
28315
58338
57166
85070
85213
53117
78244
44690
3766
67632
8664
99501
30444
25298
44986
93471
2682
27814
92753
12734
90204
64613
69381
38925
96767
2054
25578
17979
72374
68475
27911
47157
69617
72018
27049
45134
81722
24629
32574
58944
86457
3915
57696
84265
71037
12523
54873
95594
51668
94127
48394
81609
27152
11259
24319
75131
38815
91230
42738
12431
38349
35729
39193
62510
95773
54637
53963
32896
15229
739
70401
50206
36120
40225
20358
68278
89573
39712
97636
55289
10695
77045
12682
76764
20162
27972
389
45787
25685
3389
27757
86849
29275
88251
29916
71597
60795
13501
78220
72075
88270
49561
11571
85280
19107
83664
39696
54239
77342
77326
11844
46500
50292
59797
48942
42354
29471
20496
7856
28543
31962
81356
14335
34597
61745
96967
89334
79036
92727
44355
60413
98408
93548
3881
29769
22947
20550
25860
63364
80052
76713
64395
35301
31828
57581
53772
24835
82307
65577
2703
13881
9805
12066
27752
92253
68
43261
71753
27500
75093
41317
40300
81606
59944
29038
76729
61568
58029
95630
82211
5116
40466
24808
3020
80212
51213
29229
6397
30272
40964
87419
62710
42583
69569
21348
1759
47445
29521
88636
6458
28551
2220
51439
29917
60231
34996
5293
34927
19892
56651
65954
60180
40113
66408
56755
80507
47094
85980
89240
85319
42781
14071
6031
62301
4925
74094
27823
46277
14510
19118
35144
32455
25513
15406
48049
71325
12337
20493
6257
56791
22708
64529
64066
6071
37612
9262
89555
36114
39574
18799
77235
34326
73304
32911
4733
18763
38629
51313
38064
9964
277
22238
1235
75382
59983
94690
76816
68168
76677
63868
98136
54840
83789
77651
29954
42121
4403
4623
91723
80732
64961
12125
98839
99684
22658
62457
2110
34114
59241
40338
30309
99332
52026
88022
41404
29730
15311
14169
79776
23382
35916
31003
79113
47836
34618
95276
68456
4658
56944
28634
63785
30055
26481
53912
12820
98435
54140
49327
33462
61101
19064
51284
1643
11886
65137
68187
54930
19445
29487
45666
73741
69235
88685
67379
60278
72664
7473
74403
26338
73070
68277
68324
35297
17963
58835
76097
20323
39053
36518
69319
69623
27401
4047
91905
72455
50721
58610
7546
93313
790
7793
56045
57541
49315
76977
41103
99671
33781
31234
62332
26314
59460
59996
7568
57028
21829
38120
41169
37098
19634
10428
43204
5031
59627
29757
42516
82836
71977
35191
51158
26919
59254
77844
64295
82467
50793
9474
33511
25773
80545
79279
52281
89203
28056
20327
74970
86806
31044
79949
70712
31218
62785
1050
42238
92451
67995
27491
40693
79375
94302
17875
5471
11473
25182
44009
28415
71447
18088
55306
42443
21833
56509
53786
3197
69389
20272
58948
80145
29874
5753
17481
64478
23770
99443
62329
73
58691
78821
59860
42271
55836
65568
52952
49298
63017
93169
1760
46581
3694
62769
3480
47987
84228
19316
83407
87597
78353
23045
38171
59053
98646
71430
11212
13386
19517
32071
61186
63983
84752
98175
92142
6326
60509
14330
60370
41354
74625
31982
98502
66086
71046
53079
67128
75855
86379
20875
39177
1567
4043
42807
7072
5011
11230
22127
69033
50790
58230
40579
65348
14442
42608
88626
76639
36138
10578
77331
12841
93191
32732
80736
85545
35020
242
80715
25783
6755
55002
4424
48511
29556
36641
16184
75551
62953
42811
57245
34703
92920
97376
70210
34842
58226
55217
51915
38635
24095
71906
49722
27025
58474
6960
69388
74908
81065
89035
15423
46755
77666
74388
59473
89982
35876
4325
25666
675
41865
46676
30367
35619
76025
15814
88279
83741
72607
83604
99012
27438
1346
96906
77352
65581
48158
15432
9806
77009
17645
67096
16953
32158
73609
15268
27174
9657
49766
38674
9690
20649
79197
60679
38181
85896
92205
83008
80684
13471
77014
57092
5425
77517
24174
76516
47554
59981
56669
70689
13656
67186
94053
35771
86439
83083
68095
1615
60897
34762
18532
14869
33560
25741
11108
57596
85686
97213
21143
98400
34992
4960
20301
80650
28444
62330
70987
7911
77953
57509
48800
92171
27241
49363
68799
27441
48180
39229
58382
62702
19394
48916
83017
28366
75344
27876
73384
37613
65487
16580
47192
1466
7265
89825
61949
92558
19490
37371
49450
90156
87175
48806
83033
61176
25995
20654
90260
71608
61998
13423
84134
65341
66140
39817
23883
76605
68827
91888
36801
61554
46605
72729
73415
72516
17161
30141
28219
39932
59122
23546
42481
1785
46052
57388
41271
4753
4453
69009
33297
89342
27141
30690
46034
96141
51335
8533
26688
18742
95563
12254
89693
16395
31180
29073
81572
25215
32848
85452
58203
74853
56959
42029
24909
55184
42622
25470
45752
51602
732
1755
39686
43480
79841
62662
9269
65582
41737
12065
95260
19334
64432
62097
50633
53612
66324
76735
84267
91343
83241
90624
26429
93026
4195
48510
16370
97092
63898
4249
1499
21289
23084
67608
77026
12934
48414
5057
66918
13709
35209
89230
77172
85672
5952
54470
86814
4088
76658
38116
5272
1352
46813
33548
86120
49205
93881
81975
52876
7889
3759
30244
19700
69584
60290
18297
24462
93929
79221
22698
18707
97602
38281
60487
4688
80349
30942
87764
31603
46786
39827
33870
8221
7642
87824
91759
24710
74291
31976
83170
3210
61201
59220
57840
12962
31939
44326
51536
80453
2853
69787
73598
73950
53524
45762
44589
40306
2937
84868
50419
30426
96753
8796
78209
77973
60112
29766
11478
10117
28588
52314
50857
49493
41646
41007
89586
30488
28828
2737
27349
48770
63686
87792
50856
25256
45253
64609
31195
4113
25073
55193
76955
72204
18538
31723
82035
82111
23763
92693
37930
67845
13446
8601
69017
27601
66335
56380
13655
93842
39601
30673
5200
35789
54074
16827
33519
5118
78811
47912
51692
50087
55279
13661
34372
84832
78092
14816
2909
59989
24489
59404
80889
72782
59158
43289
75383
88261
31306
44191
74002
42665
45093
78716
40294
12960
35659
89585
63596
3662
6882
67899
48016
92715
47117
76094
37601
84685
3921
59711
49177
26684
95700
61412
7015
67511
83496
47098
29968
23412
37084
69044
37211
38724
38913
77655
84855
60137
19664
33778
20307
91623
25347
34825
67457
89907
66356
19871
90613
46783
50692
86197
46193
40176
78497
84571
36186
21416
97012
53017
3837
80106
28174
66996
38080
75505
59116
38504
98953
65829
7435
28293
10389
35881
813
31544
52030
942
70780
30461
29142
10418
20699
32019
57366
34327
61085
38263
76424
95995
47487
64197
29631
59641
5553
56504
94426
69834
65893
57369
8714
48253
3467
79023
69760
65818
72512
37104
24171
62699
57355
51720
6962
47286
50180
15435
36519
916
47250
5861
35062
65820
52437
34515
34432
64221
85828
19767
47268
45820
15040
27716
49411
5160
79783
12828
99959
411
80582
19782
96921
41269
89049
36636
35605
30078
8800
71853
95610
53859
9842
35269
91063
21876
20972
57983
32429
27621
25127
37876
51071
73320
70315
93430
4575
73228
42119
75648
5631
22118
85362
25834
4287
22936
48558
40223
50957
11586
2669
17002
76689
38600
18896
14890
55098
23734
5315
22791
30695
7130
72306
25979
43024
29233
60043
11337
50754
60484
74875
99797
80075
47425
23429
63995
60412
11695
12618
95758
88202
45855
4766
78568
70811
96649
59479
5601
66322
79447
21274
31305
23060
69353
20664
20454
86502
90382
10415
3554
51638
12149
66191
71028
91540
93705
96675
98182
70143
3955
74683
49272
26774
59821
39731
41652
86037
31586
946
50086
49726
59245
28180
78444
48781
87492
86367
18027
84828
36693
46002
76802
30065
27269
66855
75617
44784
10053
16939
21068
5580
25914
25625
80753
98477
30379
90812
2686
7074
12570
41049
10271
17752
30714
63546
54468
36287
46014
7094
47391
83252
43506
27846
18866
14498
49199
83689
86645
12134
25091
44708
30456
70680
44855
78275
57698
47470
24914
91907
34
26623
81545
42635
52404
47645
11579
30399
52064
69370
64453
74013
14737
56205
27224
62870
38070
1718
84213
79229
39598
28949
95999
58780
43391
49965
23882
28223
66307
32442
78031
31763
42059
4862
19938
96068
38531
16159
14962
19072
78775
79345
51432
25532
2224
43994
95915
19977
70624
2407
66442
62822
38490
40877
25493
49462
65915
57373
78062
32038
42939
18157
15615
70962
45225
21858
15443
26346
61398
33398
28799
97158
2958
89963
36606
12127
32139
1406
16601
29827
25599
72336
1524
34265
32298
68484
39194
78203
21961
25769
13890
51035
24752
1998
87931
81147
11838
75487
11854
53561
22752
62586
50102
40720
22392
80668
89889
31547
74773
28232
83771
90065
77350
60115
14674
71961
8151
91297
85800
37944
3870
10841
62554
94870
79773
14433
62245
45600
24325
25400
53924
53835
22419
28402
24769
71060
68370
30741
95907
69627
36745
60387
63532
77668
32191
56062
26651
70212
41971
53828
71341
36257
41997
37751
55786
85469
62114
53945
18355
59980
31684
15695
43903
3263
84146
8756
22653
54915
84436
3822
30196
94518
29709
87444
61764
27135
83538
85402
63528
30014
55928
99159
85963
12247
76580
10335
72717
52328
67442
42684
82712
25126
37276
59240
68169
30808
27026
18894
34217
50417
6429
7926
13962
55315
33866
54432
82090
96589
12427
35188
45737
11646
17373
22014
44733
20376
60299
26641
81040
83585
75765
74810
72456
1272
44315
42925
11974
4727
59788
23958
20681
4500
69943
38979
63111
20010
53115
95
67359
10556
2309
22000
48276
71062
31057
11184
86276
56119
27304
21248
72559
78038
71121
57630
64152
73456
11994
26858
62574
55389
94115
2471
4165
23385
24999
39449
93505
15517
48041
72598
42049
33802
58357
23346
39435
72672
24545
30489
58732
30696
73647
48484
35315
25980
46247
58683
73087
33027
7032
29861
24303
17843
77295
27852
49990
18930
94416
72408
95421
64515
95902
27132
69188
1964
79332
91377
29247
31932
13078
47800
64539
97726
31827
69189
97976
76844
29371
10348
94160
84710
19234
7391
75428
17705
75193
43849
56749
12054
21657
25525
77436
13070
57928
20484
68397
50444
60001
15029
96847
38513
48458
55847
31847
80227
55998
62809
11626
21184
46187
84849
18118
3543
70606
84034
72732
78711
1094
14556
94937
82683
65489
77031
71450
68284
3851
70239
88335
33783
28406
76957
42138
22918
92008
76662
48507
76794
88977
62736
13053
89409
43748
26363
40972
92833
69074
70195
48941
20776
11427
91099
44867
9385
72007
89047
51807
26460
35265
77423
17878
74324
41443
72131
11209
45383
23198
92260
8240
94573
56682
38825
81373
70151
1719
89423
18129
3945
33672
507
47607
62149
86915
81835
17340
42490
20961
40974
72569
44131
65956
98626
2932
48132
89550
84677
65358
29696
54970
88859
46370
51950
28091
74263
51042
45353
92475
15202
5582
99480
96266
21491
27237
43709
8431
30947
1176
47049
54293
93559
39349
63203
31086
74725
91495
38639
44744
47682
35671
35568
8170
3092
60059
49664
57875
8197
28659
16498
71267
31461
93316
20661
14148
53855
29025
82839
48172
40601
25543
69156
44119
35319
88781
34139
28006
28488
83022
16272
66464
24838
88659
50055
84787
58833
72340
50229
58231
19366
9427
91808
81976
84604
14494
53906
30224
37462
4199
56806
72929
71798
59712
16293
89028
14436
12709
21998
82007
25812
29551
19029
88052
62059
1437
546
87389
86135
28865
16056
95616
55473
52372
31876
42870
82251
31464
76054
64402
48541
25247
15590
27514
80887
95523
95203
47031
87687
36924
73932
7240
75216
58583
87231
64069
7195
78188
75635
85158
35538
59446
86165
71110
64867
37803
48386
49436
4805
42616
40038
43047
37143
62070
8979
48312
33506
49013
27051
45202
56805
69203
66799
48572
14431
30054
66279
67302
43348
66424
37651
5926
38852
99378
8583
13673
78434
33750
29927
68972
47081
95978
75720
90617
16747
45945
43980
63034
30451
75971
19849
49581
17256
89672
4378
38228
3344
23075
93831
78022
26369
41254
65157
59380
43522
74272
94231
65543
78048
89668
84337
56024
62119
22548
32379
6917
34068
13046
68550
90797
56367
16884
73729
82924
32366
77337
34397
37933
24333
36285
77076
36682
52756
47705
30357
49915
1670
72513
90198
97071
46946
41387
77185
66417
73616
37728
20994
82264
77466
31309
96463
28693
59191
55159
25177
40039
51215
96346
20556
76683
88266
48130
65201
11400
89577
83256
51342
3550
85925
90586
53332
16006
64174
62880
6446
40266
26505
4181
9033
45081
15840
74921
301
54947
64611
97131
89352
56049
65100
68444
6741
42423
91909
34797
7853
66079
54959
42366
34730
5030
21081
1237
6115
95497
47838
10246
13377
10247
23741
30200
87056
41761
13562
34922
53387
42768
86881
93025
40345
22004
27699
78450
49098
37313
57096
98636
48690
85655
82145
52152
87043
28661
86813
87991
1429
87607
21186
50565
46694
89728
63287
40392
64999
76048
57227
36654
79111
24296
95420
62041
12491
72117
30730
5408
51540
56960
39921
40178
13691
39116
81821
12859
53130
91611
22677
41531
51951
92097
22196
41757
12162
74930
78850
41231
33550
49469
5033
79103
47376
11421
49445
74343
22327
692
85129
17797
63705
18142
82738
6516
12623
17241
7004
26656
71582
3207
85562
11917
37951
1099
74445
68870
87109
50016
39023
17565
53867
61492
53736
49003
24326
85212
82399
1658
95932
56693
37753
8245
57690
78298
1588
85461
22564
25502
83283
3974
24778
20863
89111
94125
6210
56178
14776
72613
33150
5162
36909
56100
54070
37554
21760
57083
54623
32444
12385
31170
72862
38452
60996
24036
49638
55110
57262
25856
89268
62466
1366
44674
66285
1319
74097
37767
24268
63188
5050
33524
3398
62883
4576
13637
39383
36816
47951
20672
81354
4749
7620
63946
53220
77294
25057
80086
55189
2015
93240
22832
77996
69917
67787
74678
40508
45856
9198
38711
28418
1330
64585
81462
24799
41172
81142
61639
71258
13277
67198
4789
20259
76139
2748
83045
25651
45616
32551
71308
19523
43017
899
99130
80500
7383
90470
8228
15886
93060
80920
80100
36107
78371
4153
3582
56422
83303
45186
74375
22526
7116
11932
48883
12966
2525
30087
13067
44344
93583
16987
84830
77336
3227
48542
49767
16744
41109
14476
6569
12145
31420
94582
25200
26620
47058
77541
75411
17721
19589
63395
42606
40091
10041
2139
67743
38067
41154
30464
48107
97456
7572
38789
16743
54238
80618
88635
68084
64923
31672
37102
32232
48425
23245
15171
52400
52977
63503
65245
41890
6260
56075
10000
34642
24514
3191
60333
48734
31478
16406
3711
22715
34497
26226
74583
21741
37989
60656
58538
58491
69626
61301
97128
61518
65158
57362
56929
36431
7384
47816
35341
20277
75708
95823
29680
8286
45303
77332
55121
80191
31543
59612
35597
18476
10399
58431
71186
39310
63880
94422
78921
99895
81978
40242
16511
5324
28945
45625
27734
91977
87917
41949
35620
83950
87345
66876
39534
36937
49762
81115
21927
52132
3274
61157
63535
15671
25770
99237
3849
79617
21676
55908
9067
38738
81475
42001
75084
91482
42853
41723
74944
67114
71490
59810
53086
22702
60153
25408
45718
67437
56516
41592
41839
7012
10322
40586
94242
91412
77267
28813
91644
84878
94909
79468
43089
95145
55590
7612
67181
58793
38250
25739
46858
70856
89939
86458
21592
44019
86730
12555
918
448
11224
85337
97328
41806
14741
69361
75939
44457
15498
77598
39633
62647
73360
43701
36289
59402
73202
63954
73177
45911
69206
82423
42721
56434
70643
40433
7001
34104
21155
21631
96285
98886
65226
78828
76866
74047
44518
39086
23196
16067
39414