99877
60084
83486
15536
57152
33
1688
76857
87536
80270
29733
45634
32567
20745
3222
13102
37956
156
28386
97926
69676
47572
67531
42240
15944
43811
28241
95103
13326
51626
86908
47053
1763
92600
89916
65228
24532
3831
36629
23805
57746
65317
22806
57175
89104
45116
41442
67111
50470
12650
54033
41392
9504
17595
90523
6606
54048
43435
38498
79508
16589
8952
53861
83166
98582
8146
32399
75188
76872
30845
26679
10873
14283
87974
4899
89783
22180
63743
92642
69050
22189
13249
59842
30536
49884
58576
91609
91268
50404
42355
628
82868
49217
47797
87319
28772
59708
81233
73724
41544
74245
39190
15261
37118
95332
29347
43058
22285
56105
86972
11179
38777
67819
73530
98857
13374
42891
17223
3511
14768
62083
1190
2486
57588
10621
51967
26248
78424
59430
19362
57730
52546
41698
75214
70463
73613
76783
8847
78064
97265
65891
46409
61347
64528
55120
52882
43000
6160
46035
6492
14276
56641
93529
87365
54357
93525
23492
6302
8303
87817
44622
18678
7994
42561
41022
3193
33782
25354
36608
87003
62314
90100
71390
41146
51351
85105
71283
7117
51395
55993
33657
85084
65012
89784
3142
41555
41027
70816
58549
14850
52119
65666
900
61405
5618
69482
44379
19607
51523
87944
91521
77676
15604
43580
52524
9225
59540
24590
88285
63864
60877
50791
12719
24230
14034
43059
3875
10241
83333
44696
13727
80002
69576
83010
76956
1138
37024
91597
18194
75973
43355
5322
83569
51641
15251
55058
77263
13382
7055
89785
72161
90540
80281
13118
57194
70270
43342
43888
94994
2031
72743
5536
96644
38169
49878
20679
20704
28767
34038
65420
7633
71153
85458
26836
65235
85667
3416
28866
69832
33116
23961
32674
79216
69484
7068
90732
65970
46310
61930
80922
79407
53352
62817
59563
63062
43174
70674
15532
72744
39834
68592
69527
81502
36003
80723
81958
43909
41422
47858
39994
4309
78897
90445
46054
26750
79959
64925
93990
56900
83845
89267
65361
51607
56822
12818
22074
40114
66145
34212
79306
74709
77125
44564
7076
26821
34225
43613
69957
7073
65323
31069
602
48892
50485
85628
59831
65467
2849
69238
6433
32070
47063
39819
3352
24219
63269
99913
84610
56235
43743
11624
1167
43081
34041
48576
13439
67880
96709
9845
34829
62549
98902
60375
53662
15461
65544
47430
62879
68787
21106
52999
4625
41068
1861
63944
55619
38816
31576
18992
4561
94567
59582
87188
1742
49585
50281
51362
3317
60377
66814
37720
42726
97826
55883
58957
9109
65313
3422
58074
23653
85066
91947
91356
91671
16068
12807
61516
41845
57988
18834
80142
61032
59288
79615
35443
97868
73906
8932
42819
48013
98126
44393
38795
89318
67989
57826
12429
21205
39416
80275
58222
85477
61792
31196
79702
96889
34868
68054
78837
70697
58112
94500
32741
38840
96981
90474
36199
56888
25880
44775
55209
37461
38585
8186
31286
53837
23929
45354
42232
50728
84883
67926
15355
15399
23172
75950
32532
59134
41343
29641
87317
18595
70161
2811
27023
8701
91546
52280
80311
42052
18345
93396
12931
63611
68309
44446
45926
7103
63524
80162
55956
23917
48634
78075
71893
9766
16353
85231
76053
3560
79126
92110
7080
41489
49002
48334
32512
81907
30900
75768
57324
56763
22527
96411
33640
82664
43210
839
44072
24864
34969
87093
45638
87308
92376
58907
8595
25982
13282
38346
77938
53248
86737
71787
55568
10779
89300
44545
15608
24141
44758
13662
5921
62926
97211
75893
15175
8650
26500
61891
96781
74916
48023
6349
14443
91222
97029
91256
86712
63982
46661
58346
17388
75511
73831
46826
32143
93046
58420
54529
62546
84607
67991
43262
33588
80645
84257
21414
33780
45759
22736
97498
18347
10681
68380
50275
31725
43456
12144
89649
45326
69940
80035
32776
11650
75181
71867
49645
93614
39993
52108
8798
98418
77645
22373
85890
6438
55413
24540
47639
97277
8308
75769
53583
64650
56997
9416
2391
95074
88996
70910
26971
9476
7498
57233
96519
68792
33887
37142
99289
32518
42732
63166
72720
41559
91523
51050
49816
38951
22077
41765
44825
84404
23940
85364
46312
38220
53872
75509
38569
84953
44171
79854
36033
7684
49273
83151
56981
50752
92812
39944
50315
28930
60455
45271
66740
90251
87855
64454
69087
67125
17486
56120
56311
72148
37802
48148
3575
31975
68405
52141
49364
6436
60975
4426
76033
41337
84699
61770
97311
86392
87880
69346
14074
79666
35878
60053
49040
53630
34410
61008
69384
47920
85194
78224
77338
13148
89990
27076
65294
90618
5344
39402
20500
25051
48036
5793
84390
78677
16504
56595
70984
44770
10938
32056
60691
29913
55705
73905
44837
25805
39995
72905
81738
56737
23040
53164
54515
34756
10665
7398
196
14429
45084
3992
82015
87572
82117
69406
37841
299
15408
77074
25024
57178
64026
85492
10353
62790
68633
2187
41648
70972
16842
56721
94569
91503
29932
62
43154
39079
92513
61605
89014
78766
8048
88879
56945
69390
76206
6066
95067
26249
8666
50196
14309
3233
53512
28692
96196
18082
30255
27871
49147
18652
42249
21278
95393
57654
60715
64749
15805
65344
77730
98053
27949
33520
35006
47958
68641
90893
14385
73251
90514
43090
6101
60081
52826
65825
26058
9305
7129
91100
14671
27145
14983
17967
97659
24106
13572
36382
56982
37336
15600
18522
74959
99584
30051
44398
27395
46163
48966
56063
96812
23128
84280
42656
46028
53496
22027
59399
93028
57750
92698
95360
83614
547
93660
74017
1283
47815
49930
72076
44751
670
30470
33138
52388
28742
34044
75736
46171
19754
17407
32941
68819
84007
73688
44346
71841
45594
38060
73380
82390
81056
89052
51476
33669
30241
65969
70243
46383
77781
33362
27974
79800
84589
79969
47037
23706
23209
93320
38173
54084
3954
59168
7753
90132
14152
99774
67709
36530
48193
65927
21397
79831
8111
85449
25691
79178
5323
66759
90339
47733
11611
27412
67035
76175
58805
88294
88665
54221
49686
57211
16352
14268
48907
41218
22236
23422
70407
13288
41455
71613
90439
40904
91429
82701
99526
82711
54094
49869
65702
72826
27815
82627
8551
1344
60724
18076
41974
85689
70827
31041
52752
44341
44703
48322
945
50304
54512
82182
11769
44102
63146
14970
708
86351
79369
11023
4989
65928
78581
21734
63358
52285
40215
11035
42787
80431
93744
41788
61106
12804
65015
95538
74623
6153
28979
82389
63515
53686
63943
13109
87604
59452
29697
20038
3002
40465
37719
58175
2845
60851
37242
7893
26691
29396
13066
70139
93090
39608
68822
33581
36873
4599
40797
88473
55379
33241
56657
28913
57601
60561
86040
63180
15482
47294
81613
25169
42745
19686
21531
32146
17038
86481
10986
23531
7040
86281
932
42623
10158
46862
99168
92759
79201
41815
58646
27637
49221
9680
69809
37758
13701
11163
87758
44955
27909
74158
11201
44548
92858
20850
76338
55457
1978
35738
39442
85264
78959
38011
20617
4757
43357
81690
40280
68167
18028
81215
70068
16710
77837
30383
31772
74867
17181
3820
18158
6341
42499
16048
52688
96799
55071
49459
77012
38200
41080
62544
1542
85595
68048
20375
91728
63258
56474
58788
91590
45257
70596
65370
94068
10340
25411
14313
66768
75100
98035
80790
61207
6126
76022
63039
28273
76852
14088
7584
87819
53177
88175
26658
84001
59525
45650
51225
32925
66637
25082
75307
5424
80180
80871
88747
80133
72250
6530
61968
21520
57810
20235
61269
48551
44270
99763
96850
71657
65922
79861
92143
86749
28655
29360
35685
36804
36360
95954
98404
69914
77261
35666
16707
53704
35957
88881
85387
30372
35867
99712
7935
41176
12421
59859
41621
3290
38696
83328
34258
93709
20946
11309
24924
84117
59610
77162
20526
33100
19878
67365
84544
89099
19669
72612
26410
39431
21517
48992
81751
9294
96465
64975
54565
61179
15305
77366
19851
30000
11009
38516
36268
6578
13752
93092
5628
54056
31731
53431
36379
85799
15234
55654
95118
60587
44711
29063
46056
60131
45631
46506
83673
32001
95550
56535
86987
12691
45332
82672
3671
63882
74259
30236
1155
60507
56221
44805
90604
66122
9669
97998
80127
9587
7876
50108
13815
44728
50973
22302
58484
77108
465
3022
99209
10832
40072
89999
78867
76266
92401
68447
40957
28216
17191
84438
27450
65232
3196
92629
42874
96621
25700
79742
56930
40616
65166
87153
60960
74336
86855
56918
51109
54557
2212
34705
26103
46455
46959
19153
90008
88408
70063
5832
49226
60868
14607
96790
8731
76668
56294
11093
17695
4007
31793
45717
75408
35754
57256
80749
76495
82303
86443
96761
47819
78442
95754
56956
76180
18441
34677
85346
84352
54612
65204
9018
74665
20243
72723
77007
95558
73179
68968
94685
97567
93523
56579
57405
41204
57052
77370
59982
71897
46825
31355
17285
17839
74873
71383
91380
99436
48481
75863
41919
1502
13995
3788
18026
54484
36309
1620
64227
22350
18306
34942
67298
90746
64089
21051
91247
94025
6202
43394
89589
34637
29193
47388
41010
54068
27843
29780
18368
4343
65793
18812
8442
80654
18574
19488
13035
3642
26638
26118
37866
87102
35056
95501
86714
14682
21031
93753
6976
1598
50259
22164
20202
36426
34540
264
51276
689
38118
94632
50876
55937
62860
88388
53665
67914
7009
67193
63717
83669
2553
85225
87168
67160
33572
1132
16956
39337
81869
91366
14959
49033
41505
41069
94249
86192
59046
72432
22531
64959
66612
64004
54076
7730
49063
46798
93385
48362
47318
46285
59296
61337
21909
16621
94062
5949
39100
93301
39099
49433
44251
50142
20750
35305
63826
72954
16904
55049
62446
87368
13388
99944
85315
98349
21370
76907
27729
78593
28124
66351
59517
36119
16603
71781
77683
69668
97108
84793
19963
34179
63396
73980
28644
31094
5532
21556
89020
44199
55205
19800
7665
77594
11829
37583
67024
65095
79660
53349
74554
90537
10785
23310
17771
31698
65403
86384
92419
3178
53406
27548
14249
8106
10552
38921
25372
54981
11415
54005
65538
46658
36303
23628
14820
56601
56804
7562
30870
56102
82813
20520
6876
14287
84160
11609
2310
49758
88794
99891
44146
10005
87480
41977
14704
41663
45665
36535
17833
29686
80791
63173
55853
62183
81177
35814
83268
99236
19602
49974
59148
99078
39065
79619
52731
87948
19705
35254
50261
80863
29323
98684
48184
38700
23403
94185
24357
35930
63741
18892
4539
49592
81548
34688
48168
50574
42435
41194
79086
80519
14256
79950
64626
58028
61866
84453
36603
17080
58142
59347
38381
13784
22674
95664
85978
87918
83775
31197
43562
57892
17940
98749
68908
92328
82171
30815
55178
85302
9637
65303
70253
97060
22888
26748
12633
86310
56041
72263
80785
18294
8403
44108
33449
647
67882
94961
10713
31692
4435
67265
47548
98233
43800
39616
91555
59444
96726
930
66372
8688
59266
43240
73672
32934
6434
28965
66303
58127
71416
26923
71409
78617
63092
23384
55190
86479
24026
24542
6801
84070
79222
88213
62133
38613
2113
34498
94988
34796
65967
3247
57514
10313
53273
24786
9703
24755
77494
63046
48025
30225
49809
86879
551
76114
13961
83434
31768
68493
76475
81131
58301
82275
14271
88596
72033
24711
64344
64554
53811
77347
4225
21446
41128
56198
88566
35628
77830
89853
85727
11949
19457
82004
1969
67124
50525
3056
80149
83815
69909
87310
85327
66276
84792
15468
9411
34808
12135
5868
15527
10622
15965
89496
22566
122
77829
23151
39854
15876
38568
11103
28003
76559
11625
46747
20662
58874
28095
66632
93187
72044
56366
81082
31580
45800
314
21633
14973
73761
61955
99476
85635
49631
50842
206
48574
58577
96039
28731
8942
1295
9955
96382
94179
86024
9090
99154
45091
43575
22122
1440
23139
62080
55688
42315
16684
1846
29243
1034
64016
45411
79457
34538
66286
88364
88857
69572
96110
16231
45559
34471
15119
15595
32478
54629
57292
45543
87573
74688
6291
90055
88565
51563
66381
8372
86852
78498
79454
45428
37472
58488
65327
46743
75735
51202
57716
26245
95586
76994
52457
93324
60101
57367
59076
40285
75011
31134
66384
93121
63544
2677
49530
91867
56462
2156
46698
68864
8355
57027
32291
76507
47384
38987
65199
41345
67584
63299
64241
77209
13473
84881
64818
46461
78154
56760
53269
5904
5239
58368
28648
61755
75676
43908
33304
9825
5978
49559
66375
19841
22856
21882
79614
43964
50136
66480
19797
35662
76284
36036
30371
78967
71566
58638
51155
24213
75862
42160
61789
25755
84672
82478
53761
94213
82940
80609
49906
7918
38821
79803
69451
3255
9463
16901
96580
51015
4483
33491
65889
98513
84122
98653
89094
15759
74669
73131
97520
98162
13807
56077
11507
89119
20214
82360
42075
57093
68401
35765
39253
92047
81929
13714
23941
30292
71908
98770
52111
8205
75587
72788
58145
78147
10992
28229
71847
10573
28237
21409
60464
84174
4458
1694
67163
45005
49116
93309
67023
13909
95334
62700
49885
21910
91549
48640
61308
70237
85076
2563
76403
84804
82332
5400
47240
6299
71645
67402
3154
52845
74587
98547
73117
9034
39263
74440
59099
61753
42520
67676
74981
5938
32230
41001
24059
72586
80423
74755
36516
25124
35484
35859
83456
62513
1581
16327
68146
52042
41118
29434
83398
58701
5859
94226
99773
26317
49672
25779
3279
38963
54343
17459
84379
66739
16196
70384
59367
43864
72112
17309
55999
76371
83271
10145
45602
67282
1379
3852
24902
42565
99086
69400
28313
54335
40068
67384
90016
96669
19964
59502
41720
9812
73090
67666
93870
76968
61969
63817
2803
48418
27940
71302
47507
73615
75996
20544
86995
70912
74427
32398
52203
88656
52290
71214
48011
58931
28268
14063
58923
34379
8871
95528
15780
61232
86894
86405
47500
77667
13490
94744
99948
61360
36243
4772
94337
41470
3132
8056
77657
56729
8633
11192
43407
42391
28922
49745
77962
94119
478
62406
33143
20536
73050
52665
46371
66578
47284
20997
7962
95398
66939
70758
35374
16436
11109
52686
85244
41123
63844
33121
90962
34502
20120
43265
59111
48587
93796
68245
30990
54731
72724
99588
31555
71815
54882
68919
63625
67247
43145
81456
55725
15183
53741
69500
42369
67973
77976
12451
51341
63151
86335
31345
91306
52499
98831
94578
9854
78933
27259
58909
1212
31439
26062
89455
89492
29868
28111
57220
36704
96577
17113
26142
81075
48920
58438
38479
66246
89353
57984
6292
26117
56953
45165
90421
58241
38101
20587
73279
7506
77817
49973
20448
80139
68902
90109
78037
95241
77951
9099
71540
43644
68391
23418
77577
57517
23118
65595
50748
1629
41587
55830
92526
58303
39802
91866
93334
47000
43946
10365
59758
22075
77303
20102
58360
59409
91841
58232
40741
55562
72524
80722
36059
24814
52084
8901
67321
48901
42118
70599
91288
15747
43038
62507
40326
69024
7958
18946
88354
85026
22297
31029
71172
43832
73852
68759
6858
1392
71133
47855
78469
28728
32134
18282
33285
24388
30213
43009
44186
49835
20610
66530
33806
52182
48305
76438
39195
67640
78510
97305
53689
12175
80594
67459
22064
98766
28623
44054
95104
34039
56399
320
82524
41119
27731
12870
26119
31942
55113
22721
70761
70725
9249
23998
79381
19566
58880
63385
78249
25131
52430
35259
59303
1863
59767
29042
84975
92827
53155
20330
44305
80160
80951
52738
29101
46745
9127
23365
61130
84401
44354
74722
23916
93203
62358
16833
13451
29878
90481
47695
47692
13730
24425
37711
90980
95786
87594
82144
79376
46143
66670
75333
50204
7731
27195
1935
92011
71372
734
52331
97372
55090
6861
16581
79728
8843
69271
79523
64605
59318
78448
39213
67870
74447
7254
29467
72837
67830
3713
44517
49404
34018
3740
24274
80867
38978
7487
5049
90599
5533
91565
79689
58795
72964
43501
48560
68400
55143
80583
20868
39873
71434
55186
46955
30968
73011
27461
39779
11688
71169
70559
82267
743
98489
61635
12321
65020
20298
26355
11575
30553
7050
52485
11279
30286
17850
98592
29064
7137
35795
51230
31995
46135
88359
23690
37256
68626
36383
57839
79092
73133
99405
95916
89234
88137
8320
87270
63521
65084
14275
31831
43173
88293
95013
34313
38013
75337
84973
73311
77408
75543
3085
73940
10031
85537
68468
54165
869
84091
92869
71575
88129
31674
27590
46935
91839
12088
98443
63036
11254
1800
70312
93336
96830
70911
87121
48663
23645
53043
69217
68591
56587
52120
57660
56166
24154
2662
25314
40193
52905
43487
59215
38188
94058
89988
2715
20171
67937
3331
41384
62625
24585
12434
52148
79237
560
89516
78557
87608
99127
14090
81290
91044
51780
75445
63032
68730
64031
88964
11614
44245
778
84248
98672
67038
73550
23212
34903
70741
3895
87731
72088
7433
43044
57727
48297
43834
64288
76115
77397
10641
51365
18302
99674
13152
43512
38688
27587
66407
15262
23057
46896
48718
71286
113
36563
83233
66976
40496
82641
9782
61022
49189
47280
57013
5867
43862
44602
34698
38658
84130
11947
70424
59795
43389
43637
4947
11401
97758
9913
82197
95108
18165
17513
11282
45266
44989
50772
79522
51427
3229
37797
69810
11370
81595
76654
83155
20079
31631
47007
74011
84338
68639
44314
59518
31917
81885
61595
19655
68920
582
64388
74592
42222
99836
94877
74945
72262
9530
43234
55237
33869
82918
26115
50392
83751
3900
68803
13174
76130
13088
44842
8113
46617
51168
70059
73022
30725
49549
99622
48933
45290
5932
64836
66163
81849
85226
90774
20284
97744
52345
56429
32742
98642
74373
21646
23426
79755
88521
16913
94869
43474
16116
80308
26697
86164
51064
7166
33089
59427
28279
69601
61526
24498
12746
37553
59743
65097
64436
53442
19103
74975
833
93598
84487
42972
99969
6983
30578
1545
52990
60797
2840
3046
95400
34084
73561
92162
1427
64853
61247
33406
46320
40007
82581
78273
69639
45801
96178
64081
13087
60267
94907
12815
10790
21715
31953
909
80214
88844
60518
85165
89869
25544
73986
50958
18959
1557
71244
69472
27800
60995
65641
50005
53965
22620
43779
25454
32513
56659
78174
28854
63140
63274
43084
67562
10240
36169
46265
54826
40796
78337
96441
13329
91178
77735
98472
10528
87172
98885
33446
6727
20513
68616
54828
82871
69606
58178
95197
54011
46979
74562
16636
48134
90771
897
2792
96327
24013
61700
35862
57357
90944
11907
43829
81247
55489
6763
96287
92409
96429
3144
81300
77525
33725
99469
13605
60889
88585
58873
55050
73239
66000
28175
53567
14542
35245
3574
9056
89708
26010
5786
97547
58896
68577
8292
17222
50670
83269
20043
60136
15177
66244
78637
73220
41110
13683
49986
93459
26800
14779
30022
62176
14516
80097
20856
20937
93410
43189
18060
50147
41451
90359
8679
98237
61951
39030
70603
37156
4217
40738
31815
80438
52038
3545
840
6805
20878
23296
50797
72411
92353
66647
69630
71371
75219
69046
78694
44048
35015
19960
85375
52023
71180
58582
62629
13177
60988
81721
48003
70735
97638
59123
67289
69883
58168
13862
24829
89135
40550
44360
72350
27572
39482
44471
62811
62610
95016
10019
29750
45458
90003
16988
69877
82933
33961
50421
74638
51670
87966
25294
49256
90437
10936
44826
24609
3139
78033
90513
65325
12112
65206
24593
61860
24866
48040
75426
46127
38548
74667
14032
74805
5389
9413
48990
16602
56113
92910
48556
47719
95717
67293
44724
30905
38586
6470
74845
9072
68332
86194
92228
97977
50020
53766
74197
80550
6134
3695
33480
48937
88373
57704
35282
85133
81836
23210
19659
513
25336
96581
47367
73605
77421
55681
72537
52450
39612
83686
1016
45174
27075
30562
90720
64387
57515
2979
98049
75913
43733
76710
67694
98599
82616
24104
2116
91817
67644
74578
91738
53937
28826
18945
1326
30921
79458
83684
41810
23631
67470
41749
54500
98431
79419
61056
69478
89138
13276
58908
62732
64188
73898
9441
32901
81268
9967
55139
90127
59716
86193
21854
56998
94301
84886
45658
54427
35339
71776
1711
68357
96907
32535
60424
89956
17317
49709
21953
35708
84449
99856
62356
47183
51840
49407
67501
31474
99796
37515
21044
97570
93558
69364
61610
849
57829
66208
18519
69157
23366
47944
48242
39980
48092
62833
21511
42421
2036
71129
59979
41937
24467
76591
46795
22695
28651
95127
74690
14068
60108
58089
1111
44443
45342
29087
88163
75106
30169
28267
46159
70027
95109
70834
7142
5646
99457
69209
86834
77121
61834
25015
81667
62980
50784
24712
2416
16020
35737
68159
64331
29690
43034
74419
74166
51208
54453
82665
95634
43759
28652
35762
62609
25305
14352
67579
1139
64628
77664
16392
12457
15706
9078
19423
43668
9772
21584
17514
44847
10033
96218
62073
76148
82657
44084
98986
27665
527
34341
19207
72011
65690
60548
18070
91543
77998
33683
11878
94214
29320
35111
87390
44214
74726
71816
61038
33213
99066
61538
60582
9552
79441
12611
71347
139
96805
47022
30756
27596
2234
38971
30861
58167
49660
31951
10405
95087
16668
97364
99907
46886
11439
74490
58286
53323
26028
77159
74971
1070
20553
25101
10924
24626
38603
34716
21885
22426
54957
71739
16909
21264
29941
85216
45479
75091
5801
81537
13742
97474
83691
99623
10290
47933
1775
87250
6464
53545
67120
11832
47844
80524
82157
59696
68685
46984
59987
37169
94648
5548
37458
30365
85290
95423
7490
46134
8921
40734
77499
79566
91703
79058
89578
3065
58949
54513
31773
48443
65911
46072
65620
17232
23157
99642
70047
38723
15854
32572
3153
82618
78350
71758
57001
79149
25676
75464
855
28468
17044
23439
81049
24988
64212
33776
13622
93923
18764
12082
43254
42395
98090
44181
43478
74282
72570
10958
22691
54155
36419
5798
63551
24888
28993
74101
53048
91760
21918
64175
93620
96245
15157
45799
94066
19656
60386
871
53314
44519
13239
45830
66805
23864
3075
39010
27492
33478
81994
88161
73073
54459
6234
60737
79608
23014
38021
24594
58495
71485
211
5028
79919
22254
19876
80065
62666
20791
5361
41486
34250
44378
80848
22635
58032
34939
84745
29563
94218
2078
75991
80299
7674
83735
55386
85692
69332
30037
76709
40670
29482
26253
17112
26157
90832
83563
51223
17030
74547
70937
89583
81222
46980
24989
68611
46075
49339
2026
22385
3829
73401
71715
71176
76520
40721
56342
19865
57112
17292
4999
66592
32361
37258
2528
7456
83308
58151
32533
22172
36364
65976
11193
72208
29267
45649
43306
18470
86117
74640
9087
55150
4790
63750
84077
72090
47802
33046
26597
80764
69833
99177
63267
44361
79272
30632
7763
78610
62208
68064
26047
48
68895
20870
22286
27493
96058
47308
83683
22512
19320
55845
76752
32044
42070
91594
4016
59011
67319
71373
82739
98351
15460
55043
71557
12882
36678
80039
59373
40849
31315
21384
80459
91596
79148
22139
61390
91663
42054
59320
82629
56807
62856
54628
89996
82619
68786
44597
75097
12959
21100
17841
84185
13354
15976
49142
6324
83024
89357
5834
14938
48811
58452
62844
39591
474
22982
97140
72742
90616
46907
92736
43287
84838
59202
91363
60775
33924
75329
95348
79019
23956
86848
74935
76696
83353
31032
19727
83446
48546
61759
61742
61902
28476
78844
74096
83338
88210
75438
28744
93305
52129
9882
85263
92291
25196
31612
62642
77690
49465
22418
75067
94412
88969
4041
72833
98529
80469
91447
4344
31523
18736
67850
31171
70794
75801
90279
44677
84621
75811
82421
9209
3057
70817
93103
75756
59175
62424
396
21172
57615
23427
58157
80884
71318
20402
11491
57832
5262
14410
31566
56361
41923
39805
75004
88680
17330
85414
39867
16045
44233
82018
18760
73002
63221
58214
87636
87483
85103
61205
61914
66537
88968
56782
6643
86399
59549
70544
51832
78777
93315
33813
78103
49293
93977
77564
47018
51834
77290
47827
55047
10923
219
60008
19868
62053
55941
28853
90282
48680
87563
97229
30114
66907
54369
81224
23497
86133
29399
95492
81325
86591
3987
65850
23161
67091
66174
6252
67347
38094
57212
87028
1790
86338
61788
95441
61090
62007
61672
55757
53550
84358
82823
88704
54608
96661
80693
43842
71391
76247
87022
73592
77899
18625
31578
81779
23149
44089
55584
77628
66595
3643
34990
52379
75460
95234
95130
80674
46887
47518
95627
77947
30317
5264
60014
36008
20502
80806
33468
99806
14537
1038
46978
52941
42683
51673
67104
36146
82436
15500
5067
3569
6408
65051
54119
33172
54877
55170
66444
85240
28348
61214
68952
88874
23297
84870
90958
20918
89677
94963
60502
16661
81306
13111
21226
29865
29559
10122
73458
7202
95982
86274
1894
50276
1106
96841
2501
63175
12053
15208
52286
78457
78835
13472
46466
519
94699
99203
29820
75870
80531
66434
60316
24904
54989
59706
84456
50499
55778
12241
61723
42940
45100
69558
83524
67340
93274
79357
20020
75858
62865
97669
33597
29855
15027
33298
38458
33292
85566
15274
95498
22549
42444
52867
96537
24567
66067
94758
1527
39538
88098
99658
93794
65150
72871
90951
59921
12336
39208
80926
74355
42988
62567
70888
79005
58119
12809
28995
16559
80404
36028
1803
45603
79774
34229
59379
33665
57025
30913
61058
60093
47442
87728
63573
28146
3076
43387
57942
18397
33749
48928
12263
1358
56037
29578
50
32788
75208
79882
26183
92942
98121
51797
68658
31110
29183
95493
85856
69876
6934
70840
54494
46877
84006
77418
59605
66683
88242
36214
60926
69687
35534
22220
4975
3113
97026
45550
332
90393
28631
98124
55604
28228
26911
90381
38369
87462
49034
74984
96595
26561
66118
83453
51393
88820
87846
6296
30377
37851
9021
63627
66471
84639
38338
30780
3158
80755
32257
13930
23625
82821
46005
53480
53150
76979
63125
47403
45256
89612
18460
42592
60500
74794
82480
9244
25335
26184
66346
31339
7502
18374
57295
55744
87521
41485
59120
48482
52635
28606
45568
41410
69942
76887
49505
89449
50809
24082
36398
10605
63476
60807
88127
38616
80339
48532
67524
37226
5588
49291
40139
3385
71567
63262
12081
98730
52289
52255
67544
57478
17783
69419
94227
99368
5260
85636
18437
41224
50547
39228
65055
86604
49763
38017
27143
97018
70786
30112
94824
74149
93188
44892
87034
61697
5958
39127
94815
25686
5698
52034
8637
20903
29013
99489
89408
56324
90530
59346
15165
62594
39526
16788
68272
58492
9288
41380
50436
44081
68624
63893
98588
86613
27603
53340
89709
21190
45112
52515
2760
29444
78299
75379
74052
32086
41313
43741
17276
91492
63809
97770
10782
86659
46782
18176
75480
90207
92045
52678
17455
22916
12426
41289
7590
58309
12867
80176
31165
81776
4636
25904
76207
15434
43124
4619
57306
31408
67814
29030
50539
40697
97116
49755
97398
30693
15446
71956
6124
57951
43295
53687
76150
99601
9876
19752
37508
58913
11675
49640
54306
22323
52254
17079
65471
65425
31704
39668
58424
51114
50044
95152
29952
79956
41041
89065
94019
20106
23456
63768
9179
90086
89726
63241
7223
31990
85186
60554
1275
77260
88912
81532
35692
72339
72055
77520
7452
13565
3356
73795
12935
58854
67007
16031
70730
85554
46417
5929
70147
29100
50997
84764
82865
75726
30408
96932
97642
44100
8885
65486
68979
46176
45733
47165
39388
6660
35076
35672
20637
98685
46236
45531
98939
76365
75247
96155
59162
92440
65183
81503
28622
41138
23604
86921
32877
73787
69420
7548
19229
3769
33796
15990
69093
93765
83327
17173
58965
85921
87826
60038
30840
97235
8784
18608
73844
81919
76669
1086
76106
98236
75821
48159
93746
95623
303
34193
27641
23304
39356
65542
5435
85971
27096
75435
38367
5520
95673
71592
60460
46397
64441
5342
68532
7930
34377
14783
97041
28377
35917
82974
3037
65495
88803
49128
45719
70223
52276
27423
55734
18966
45633
11290
13347
31087
31855
51545
86528
16302
40189
72039
79408
63571
99980
23135
68754
18132
66533
46374
47735
57762
29373
70632
79052
29516
55502
13421
60254
72180
39599
94544
1308
70545
24547
5748
67940
28704
58353
58378
30572
43597
5070
11664
36281
94469
98539
38483
3284
47901
44122
97003
21500
65101
93520
64746
53072
95846
17730
36582
6517
26159
66221
34450
12341
89821
36555
22368
58935
70874
80425
7650
17894
57652
16740
16233
32722
83719
13950
97703
59394
21528
92218
72230
78611
68578
21297
49180
12990
62678
67994
26426
10885
95350
18480
50453
31411
57440
58708
712
59250
32920
48961
88345
24817
68330
51486
16481
72453
17303
76699
51680
6746
41908
67560
32705
97047
60689
70768
57224
65767
46112
61297
14166
19472
45914
16888
74574
15531
92707
67463
82965
21013
35995
38973
42794
49663
30976
58454
555
48438
57334
98329
17676
67476
74200
45983
35927
48056
9412
63178
20034
94797
63213
9871
16494
31762
79560
94281
22028
74928
60731
25115
75771
20434
7446
39354
64797
62820
66026
29910
65618
56400
97237
84982
6422
46737
82371
52520
20321
15974
30376
52356
82414
92064
21153
82592
90637
12185
71278
85577
38295
88628
57549
80727
51955
99437
16281
34090
35539
29190
69827
33142
14513
48366
58810
6756
1808
51019
78047
19140
61692
95808
26211
33206
11716
46778
38942
24403
85698
41283
42754
50107
68414
82970
71150
33586
72422
34078
56917
25922
78429
46861
88839
23337
44540
9434
67650
80492
29048
68528
29143
69212
14559
90991
2324
35187
71179
77948
84229
94434
9080
83494
24583
49641
93691
73954
29885
3647
72375
90808
74137
86008
59574
83641
12685
45187
94197
22616
45408
142
49242
84941
77089
54059
30373
44152
18924
70053
75418
10373
71026
2447
94643
40487
25250
25722
56381
37574
84944
71621
57430
98253
42707
44698
38102
73554
9616
45008
82217
59728
45869
1040
9807
81066
49228
17253
47822
38486
30594
21150
15979
13204
4468
3958
75823
4170
80803
657
94863
34932
74050
76931
26471
82426
79524
55458
12142
65427
62744
77647
55260
13125
96492
79432
56334
59329
43825
85097
32514
33066
29834
44939
75132
21877
61478
46403
52712
36104
10173
5161
51200
15916
26983
8107
67536
4442
54718
58184
35063
76801
94040
44830
25529
69635
62561
78192
88122
16926
64335
25952
60374
11385
90305
62713
41607
47292
59333
22650
78493
44984
16535
55929
21915
65727
9438
5598
76620
51983
94480
49912
47082
35203
52139
56337
78164
25285
96574
44767
80015
41879
21742
18767
79012
54351
44657
38389
46987
34694
46448
83430
97477
74400
75666
51489
50816
81005
72922
50121
6205
53028
57147
36719
39933
94029
48934
20094
12311
51991
37145
97851
55300
87994
67901
83844
58633
19246
77149
87798
91886
28202
42083
78919
63909
12666
68826
47903
11700
55793
10686
96130
27029
25371
74829
39662
82818
95812
83752
34712
1756
49428
75816
9793
37743
55472
60426
9692
4021
99853
92551
44053
96105
63520
40437
47636
73403
10014
97202
4942
5738
64754
64236
2961
66173
5278
88337
32691
53033
53222
41952
71251
77635
45094
52847
96548
43339
6430
66775
17440
11185
89304
65252
98916
23982
30229
75339
39978
91304
6694
40939
36825
19449
25491
88305
95317
4531
50318
63150
11002
75450
53073
88765
53623
89721
82318
77272
14582
7370
46548
50224
59519
51171
75345
43678
73789
55199
92512
92135
37903
68936
36176
72526
36922
53133
49697
66047
9415
56293
23743
83210
55856
68150
1310
51510
42498
49367
71477
30949
52844
79772
9666
22155
81627
65098
48436
69138
47400
63871
56861
61292
89710
21350
72901
60525
48762
56611
59803
19453
24098
6788
34768
51653
86134
49144
50061
15441
22425
81200
83620
62216
8974
30275
81589
28214
38759
75774
64674
42495
84620
38899
94535
81239
78946
47455
97223
78738
25406
45866
20265
61051
62576
36196
90867
4173
5189
3032
66741
21448
69318
5505
81182
32084
48453
71168
12739
22276
56407
34456
6888
97693
34015
55088
41212
89958
95110
70452
93565
40869
88234
60292
2837
50072
57582
59956
22591
62256
26648
70988
66034
24880
70629
83330
50022
26692
39111
43331
96942
93068
23608
97189
75611
6848
47978
69707
92593
7463
23272
32585
50535
45626
41786
90967
38561
23818
58100
4264
81194
38461
46601
66497
49246
99870
50403
80486
40769
51611
14197
33631
2063
73054
60037
61565
70282
39185
93294
4224
55141
70515
32364
39076
6253
35669
92061
9855
35787
62876
59256
95992
18228
82822
7461
11050
40335
70616
61608
9320
91942
42777
98438
23374
25444
31444
56845
83681
41087
54444
13302
58077
43239
90725
64255
84371
31024
5159
92868
62566
24297
44956
85296
18789
39178
95098
85688
87901
49690
61797
39409
99392
59328
69014
81465
28989
81569
6561
7972
55506
90817
43828
30676
96399
98959
22898
91513
37467
30600
22065
69930
27694
81616
14186
11880
25878
41732
65337
32849
88499
1676
83915
59342
74950
72352
94686
26965
73495
16643
29722
97598
69303
64431
98907
50303
55509
95036
72214
9371
24871
72577
34404
51632
53944
91796
48575
23467
50569
14575
62753
60194
87713
80776
65117
14058
60269
81533
92330
61251
12365
64090
69267
36050
91120
76919
84993
99198
11914
1651
7485
19784
58414
82630
95164
86588
3833
78399
40999
24446
67496
70633
55607
80312
7269
61548
40403
98067
99917
95517
99282
51947
84785
85162
75108
78974
85646
97331
71357
15908
78152
95826
47306
83716
41959
61940
95033
82356
49897
92333
33876
21902
96381
94402
11267
57987
16985
63352
58533
53360
86128
76300
55909
75364
21126
7299
41441
10741
53309
37297
61935
29662
77083
50228
10716
42067
63277
57977
53453
25684
80405
4870
54609
30574
2782
31794
43335
26967
33306
83158
58205
54562
8219
43336
79753
41703
51852
65735
51801
20114
83230
35371
55037
63670
11256
80918
8763
77535
81010
92682
70179
89549
68796
11723
86979
5014
15756
84661
71951
17051
46822
64368
13160
59656
60717
90538
26708
15985
55738
53167
30190
50378
63144
35818
47974
67034
95686
83300
59431
19155
61509
2638
89022
24692
97892
77104
76652
1823
22283
1594
22825
82907
12579
69269
12394
4840
77208
73817
34169
86603
19530
46662
46361
83105
42518
35365
93908
15792
83081
1754
48306
34897
59268
48423
17679
26495
34125
92982
29349
64703
10474
26187
4995
38176
31895
94169
69391
62374
88281
50951
57343
74346
26509
43066
15137
78639
52932
75830
27649
45215
93021
84427
23930
31911
9187
86437
14778
90892
80463
85059
69057
25866
75687
3622
66364
95857
12245
38237
62028
14357
32157
80448
68536
31930
25829
72990
30821
98792
77588
62065
26378
77788
90226
69254
79138
53217
73740
40633
14477
99868
13813
76088
41972
66790
61674
14904
90336
70731
27494
93607
20890
31314
53988
84754
86854
48176
68126
57465
95431
32170
8387
24964
85071
12913
61441
83450
58343
72834
84597
84433
60017
45843
95198
68807
78580
18886
25483
93023
28144
76563
56921
6109
2413
14115
68806
14425
73497
40238
69016
56748
38982
35892
54
11042
81431
77864
2949
68889
17962
50360
16490
52250
97066
91898
39334
2882
16665
39842
63430
54412
15635
82559
60372
49394
76814
613
61211
56348
68349
47602
88457
15831
52824
14482
71228
27385
75504
88924
1744
99749
75664
52540
28895
77903
7645
86000
55898
60586
14866
77143
46578
61944
31382
45735
27517
88684
19009
88475
38207
19287
84125
59622
73690
12564
36198
46046
39341
78626
53040
81920
203
57633
44968
85977
75211
6459
89793
47423
66991
72520
69068
13487
73798
39067
22114
4333
66990
59966
55556
46503
78451
27781
12342
15781
38737
4123
53246
94609
10579
85321
52354
54123
12927
80056
19351
29152
76714
58926
28238
25674
84740
34123
69021
34865
545
49750
64864
79553
96509
97708
44041
45037
50114
10239
56409
70573
14092
75034
99887
90584
67720
64931
11729
2609
23728
89522
15150
51093
8089
88227
61819
89166
1584
99762
19395
10118
98701
47448
68970
36543
95435
28925
67618
40150
11049
10097
32760
37078
49121
97089
56709
65786
50254
94454
20170
5901
90288
67662
48730
64671
33045
38109
96021
78243
30906
68323
42103
29911
13366
5316
38293
11475
48137
58710
15219
41297
50685
75335
98945
9725
18520
69380
50585
3138
90114
93295
52409
50034
32412
38226
53560
15359
72945
33966
95057
78246
47614
42950
97240
46875
3364
47956
81411
80216
67450
49415
55453
12923
51367
92822
31164
88897
94687
26814
7375
80204
71882
75185
12983
68031
89597
13380
46392
89823
99100
21080
39807
29800
79580
25179
62410
80527
74538
44821
33788
8803
99794
98566
25441
80706
81514
73632
73027
62547
45810
84451
64855
40711
56534
4628
87547
88271
87740
99284
75783
90842
50296
90728
49406
47884
82620
45708
55781
17522
72677
20046
48900
55874
41700
74593
39197
48374
12888
38601
73424
19092
59315
64662
40584
70813
29381
90942
42353
74951
91646
61089
16571
63559
55752
26069
94924
53129
7505
25067
83970
44260
7402
80698
23934
36217
51943
26818
5726
46844
43985
51497
20389
92591
81368
852
20871
9559
57530
96077
14039
37219
79059
37869
54869
95530
71076
51878
93922
50688
74398
16573
66460
46912
48686
51785
84179
78144
6905
33415
62578
3854
94606
42582
78840
38541
20131
6716
77018
25698
7464
29715
49381
10114
7528
64737
79989
84268
34252
54936
26070
81172
52953
59938
31466
5889
83279
43426
50954
23505
84175
99428
12240
79420
146
46711
50154
95487
77774
54926
63577
57235
65430
57511
14144
79647
9379
52154
14878
38179
55552
33596
44427
74513
75414
64088
99564
39509
47757
33515
87475
93724
34935
60570
3122
80070
80575
99561
62310
7266
32469
85106
64480
69908
60470
30747
18111
65975
74522
68893
84472
67885
24647
26585
53082
50062
75305
49156
11196
86844
21134
15716
65574
64555
59410
83646
64363
24253
67820
25089
48958
27127
28432
91340
23013
19378
30854
23561
90484
71958
76144
37255
89932
11749
45151
3767
90195
55564
95160
75483
99164
77485
49586
89830
59408
36613
85891
7301
53675
55286
4207
64329
78914
23293
13856
13304
36796
43493
66458
89152
5117
29258
19454
30589
91715
78379
3061
49093
61876
47505
7021
83020
89616
86818
18046
21307
21314
44262
92597
49998
30410
44206
88719
6453
53794
30671
41060
804
82688
27110
82444
68383
27740
64345
15039
33682
13932
69184
71420
51300
70717
91601
8821
95096
44897
78810
1080
20570
11484
57000
18386
91253
55107
76076
77648
39370
69424
49658
58062
137
79429
21737
85638
92622
92133
39352
49983
36204
71660
32654
92824
93196
52928
95283
81624
5421
66750
72118
60255
19379
81463
70474
27497
70653
42858
32605
1128
44513
56976
53042
84638
52382
7573
17354
50466
51533
15456
87236
87567
39581
41363
50210
37922
74738
714
50095
38734
76854
38142
5941
76904
36346
94493
54157
24153
27223
34581
90615
51737
35960
12926
91312
89817
61833
41370
33413
40249
46525
71041
15984
83419
89569
98115
8306
69959
24823
71202
55176
18468
49589
5496
98922
22244
57831
76308
42963
52173
13792
86435
87023
16936
63951
57936
97508
94360
50370
52137
82152
59233
91281
62767
91140
98841
16202
25013
83835
70037
69692
67190
53494
64938
73161
99091
78548
76707
48500
27117
68238
48170
87190
10441
27544
4911
17916
23543
90994
5627
64445
14389
11881
50818
48559
82656
11557
67598
99807
28494
99440
48285
50807
93858
30961
14078
74489
92363
3177
28152
39330
33104
53272
30023
90345
60790
46290
57719
60741
54475
77874
37809
34798
727
28023
51061
58586
10046
61696
32630
89107
58968
19460
17781
58044
31896
58898
36623
61752
11570
11115
17365
76582
83718
11790
95396
81914
37939
56665
31341
36123
18690
68320
88670
38357
83995
50078
22120
93210
82807
54313
44616
11445
8486
77467
89558
81429
41377
29113
9833
67836
11884
51616
13425
97600
54409
84442
73441
68451
79198
23738
89959
29078
82981
44967
89553
64600
27166
55400
85505
60284
18488
58233
63100
61445
99707
12834
87501
995
14208
89960
89766
6340
60521
51418
67805
61147
91416
27151
87378
90201
98174
65014
45804
8818
92245
95660
65081
69012
1396
8832
36216
65842
69847
95341
93562
59110
48488
96015
92791
92161
49751
89114
69352
11033
82575
49579
40339
36781
82241
53474
8522
45725
28891
63266
5403
44301
4252
61064
75459
29129
47312
861
13136
88013
94921
69122
23863
90953
15104
47080
60893
81291
79738
42289
1073
46754
14109
61151
25560
27566
44883
22956
23538
98880
57761
17639
49693
10181
58244
53391
82377
65613
90827
22938
11481
1587
33766
51306
50533
32926
77393
80287
11015
28190
23731
63201
94749
50709
77954
81000
72816
36105
3241
75494
4902
32751
42574
4941
56202
97013
55073
9295
52081
84603
1483
51078
34684
16007
24661
4036
56379
33125
56168
64351
64792
59675
74604
7569
19
85220
56869
36736
6935
15981
23006
58742
21580
24397
39649
24057
51238
32004
1702
36010
78731
70548
75539
40566
10931
35556
54679
6771
8392
85541
98987
53799
83947
96730
42162
95424
14506
22590
97861
19288
45515
1250
21512
19599
37632
6311
18002
39357
32006
94997
49876
85730
15065
94932
56365
6778
68871
61585
86296
80669
32902
67695
52889
8271
4595
19687
85671
45811
23549
1284
90954
95869
45181
87282
83679
95181
5982
52531
41740
35022
82799
85728
26227
73833
45771
30396
51521
27754
82420
44357
7209
49830
86360
13178
37681
48526
22466
12037
51187
27758
62520
77524
40603
96198
80894
41747
3143
52055
4416
55371
82746
59717
51930
46627
42078
88238
90665
21963
55768
16381
41608
37
80124
11744
13142
78248
82889
50619
13822
84660
59077
83485
25512
79169
35476
60365
95329
70380
6277
31948
17026
21869
16966
251
65953
93391
35752
45636
76256
76998
31149
75624
82650
44948
76775
56011
13387
33883
55563
30100
3603
47347
96760
17538
69962
4759
83707
5863
99327
42655
71862
13300
50446
22231
53813
1211
51487
46986
24586
26216
97102
75320
10612
89361
34869
48720
14673
69586
56825
44946
13767
28436
24655
19573
68461
84258
14080
53904
64949
29736
77543
84168
52588
22379
62777
60545
79427
45278
79472
10236
51958
12324
21814
80879
3853
7834
77396
85544
56413
95988
41376
74972
34243
69641
8770
68026
51260
80072
14502
81250
91727
12717
80153
66735
9203
65041
94400
72540
11236
26908
97686
66834
19382
43264
66291
61386
15770
51689
87743
19147
56594
76297
64042
52364
26995
12260
31200
73269
24900
42025
88588
61014
36742
65964
60952
78940
91500
88443
17479
68557
97618
54388
61046
82644
31739
29103
70759
83104
67428
18207
14557
54794
79639
28977
87287
7489
61627
96418
15788
64494
28527
74653
78111
77202
49343
56616
12417
49484
64044
15626
29960
21353
19241
13507
1004
25234
65696
47608
37708
25842
82926
40682
51507
65415
65774
1384
97468
66651
79022
77379
39026
36907
71892
99942
7222
21516
58118
67671
15522
77127
56162
11053
47849
36860
78768
7847
29838
22662
73786
77490
91710
63497
71401
79217
18928
44275
10614
87439
86452
23580
42316
33427
6564
46367
67026
91041
97336
33956
96082
94070
62519
27191
27860
14291
96225
80811
29325
66389
48848
70077
9891
947
97978
97478
89464
8608
35934
92172
50332
88176
1041
16871
19561
80828
87226
76432
22134
79104
84149
10854
3672
24721
60144
44612
84737
66961
50725
62210
52200
24129
35961
71398
29424
42822
977
85603
46111
27501
57599
61233
68354
59280
37496
17975
19528
89291
83215
54085
98096
82638
60725
68138
11161
5000
32937
72222
68744
76746
92957
10773
7111
38475
72832
66849
15152
16288
7540
88951
93541
61732
15237
71045
60815
4327
76770
92965
65442
89414
3471
75838
50844
99241
2144
65465
58245
71339
82646
55994
68402
93451
10962
51502
2112
34429
77942
1282
15121
69772
27353
95379
19410
89915
4591
74619
86577
60822
18502
29435
41120
8417
64755
88351
93817
61209
3966
17871
91227
27231
83389
25918
73543
50026
84964
72198
22
76325
60886
77066
5007
12171
30406
43108
80837
53099
29067
58092
36470
56847
8062
59482
75166
60236
55394
69464
38164
8018
58075
52567
64872
40393
55784
73633
48924
13189
79315
83801
59005
60785
51964
85533
16533
46533
56369
25009
69054
26424
74223
12064
86039
69742
26633
92424
95779
66237
18547
32850
51183
42523
48030
12272
95444
85401
32351
50808
67094
34967
65709
29008
5127
42605
2392
74338
59031
86415
99748
38606
65630
13480
16487
65227
38714
37770
84823
54866
49913
80318
12518
39158
54035
54881
74705
82794
55292
76744
8300
31083
49900
75095
50342
55754
88447
41046
89714
9986
46928
31387
51658
52046
12376
51033
37516
70417
72776
26793
63831
40203
24173
51189
27306
29125
13441
75029
31399
92274
83901
4605
83654
68653
96386
98179
95215
89393
84144
87255
62169
92193
65694
28951
41024
33237
86480
31728
70510
57966
26787
18970
83393
85303
75703
43824
60768
69159
92400
95617
99453
6025
68788
23184
3420
24410
35250
78284
31499
9342
75674
60985
55356
79361
74693
76043
98669
69446
45617
20278
97227
81128
35152
27595
41099
34891
26832
49721
63949
26483
90719
6783
57502
8046
88784
11349
71877
16874
9447
31542
69117
70194
43507
48889
61132
58384
24028
38900
51301
38891
18335
10223
63438
81895
7344
21744
17923
61957
47446
1181
14667
78602
66784
56350
5199
51609
54062
78583
4476
80143
10843
4908
85833
13203
66380
74687
55310
18751
22930
77790
48368
41187
59117
51946
57975
70488
49736
56406
62537
17767
5343
26296
45053
47499
71488
98951
96380
35715
24628
56471
54685
12871
31925
82242
49023
61395
84984
58015
10473
75500
57623
1663
68790
66091
54516
16768
83490
54521
18466
78942
54153
51573
68457
30912
25216
83536
1293
80746
1210
27835
85289
30428
74786
30495
62111
90148
36109
72474
61956
9811
11719
84190
37398
34403
71802
41628
92754
96120
67349
64057
86154
397
95113
438
89854
92257
37465
82864
17999
32384
6686
22987
62478
51868
43764
94705
93096
72504
91742
75959
20969
81607
3991
17299
62548
14364
69137
28287
13574
71889
62988
12715
8412
99515
24277
4890
34788
89850
33933
37425
43156
84359
32755
81338
76961
79238
88639
86889
56744
56698
87951
20904
54242
8381
45197
47932
34558
82660
71159
15777
43350
51771
102
55608
42503
53466
50899
24535
47598
28477
23903
54096
33594
28739
68092
64878
39094
69866
83369
11240
82323
9872
31168
57849
58752
67462
34149
89706
62039
36709
23922
6597
47810
27043
1461
74010
69313
95426
10312
44406
49705
38859
70266
33043
94258
45269
11969
55665
82968
54719
69605
51588
65200
67884
14393
7374
35449
63794
45739
45973
13410
87653
71795
36139
75945
52496
92302
44672
7897
53616
79858
11705
68133
88932
88115
6161
51845
42211
36093
73274
73673
10861
57004
58473
88961
87949
96097
88381
17824
1681
74768
33583
46059
90172
93605
54240
35198
91059
98450
28758
87513
74779
26866
55495
70281
65717
57094
24369
67246
15215
55890
73301
55997
40925
22008
62408
21547
52088
77641
48151
7678
85701
54454
22157
74912
75431
93566
80506
21123
67593
63961
73482
57006
68572
14190
85320
85751
80402
59033
83672
33377
49170
57964
17345
52863
11619
57593
62690
55595
23449
12035
94693
54598
39207
50998
36942
28276
76624
35968
55133
58174
20620
64433
49537
99521
50075
91116
28416
61357
35086
39546
58665
71288
28764
11158
40811
84796
22110
64003
7396
15035
34676
3425
73973
69839
62057
92386
47277
59045
73365
59819
37997
55330
20777
74546
23267
22481
18173
51144
63620
66707
48400
82331
71323
64321
82187
59606
44864
26713
27445
86280
69304
7873
67110
58129
57863
5899
33863
89437
51640
40679
37042
71577
90594
47241
66029
21030
12730
4992
36293
39290
16219
2295
76523
17744
18432
22960
12999
83651
19131
59384
34336
38819
55594
58114
41093
33458
7880
21018
47649
51286
80756
81097
63860
68587
19328
5497
57471
22636
14836
64995
5443
18116
64397
8532
65113
39338
11680
31167
380
79975
20320
46033
6844
10921
97557
68151
51117
71213
54232
18722
62209
45218
49578
35661
12540
54735
69265
42544
52733
54426
88548
59471
84746
12463
65566
14684
563
93701
91037
23129
69127
56950
32617
34800
3036
2069
32757
21966
83937
71716
54621
103
52460
99714
70681
73421
86246
95836
459
32510
31858
770
45542
2917
7782
57126
50099
60161
46221
9917
94093
4752
61870
38518
18826
58339
12894
84341
4474
87078
28173
44679
68449
57041
21527
31079
5715
88074
71218
81521
3842
66626
82281
22934
56398
6170
86691
66781
13911
4377
17237
25025
46976
1049
69349
65233
97001
63622
97561
10850
19105
59916
97050
91783
55470
41414
73850
29024
94981
12626
30362
7827
62881
21112
92575
4767
90821
81528
40842
9779
12791
63184
63505
81698
62672
77425
52529
22693
25506
53555
58432
33345
62470
87018
74171
17210
52090
99030
32649
19603
3034
60308
72042
29595
71443
42567
33126
62731
73290
38499
8314
66892
75468
24308
73744
28384
41350
55521
882
14914
61830
94225
65177
86515
70504
20862
86272
97829
95790
12758
74976
15633
48448
10999
83316
23574
848
81557
40414
43396
47594
94898
69695
15767
95884
54518
64018
24688
97975
72671
34810
59177
70486
46557
53751
91096
14865
31910
28352
88498
2777
18517
20009
56005
98765
35946
63822
59931
12784
24969
50449
78700
24396
54376
31022
1510
21235
5396
33613
31904
2939
68381
58254
95556
99379
77281
28188
18821
83326
56286
77740
64726
78538
73213
22081
11248
2583
45384
7022
99290
6383
91602
78466
96539
11835
38100
81085
64655
71655
59194
59025
56701
90503
9566
81118
80203
78300
97429
62992
8330
93116
28227
88043
48952
69382
79795
78665
84263
64405
75680
34005
74130
49475
85778
72153
92962
49675
65404
66521
60957
58861
31834
47702
53498
63914
42218
48802
2388
69788
37224
41691
90136
32792
19613
48225
97167
80579
68596
61023
77426
26351
83160
78138
31668
55319
59171
76157
94785
21181
55016
19135
5229
50063
38254
71976
15860
22652
82476
51661
98862
3521
3589
17463
51831
62967
73908
1837
54419
54471
57547
46234
65724
84656
48765
80476
49769
78503
37026
38337
11562
85061
94674
75719
18786
61824
27700
67362
52196
22611
72388
40010
52875
14511
81915
70748
16267
88109
63248
92388
95709
32970
99216
46540
75332
52920
9260
90801
39759
84430
65541
12654
55303
15705
43074
64362
71039
16371
34112
42641
72648
68845
91780
4979
26975
10768
94155
33497
27639
66705
13612
90593
89369
86778
17082
99724
60684
43103
13774
87486
62840
57963
54596
49931
67605
86131
54563
20646
41783
68212
9479
51400
41426
7297
12510
43725
14560
5074
77782
63337
28018
44720
58734
10690
66984
7306
74279
64264
97551
89594
7003
46188
74109
59212
32129
77452
69198
71523
57878
84819
85961
64356
81245
14086
7513
62664
46439
86539
74157
30302
57645
95948
98117
41479
88477
62350
11039
23072
25049
76429
47995
39706
42342
23833
51817
53671
51137
96961
6900
45957
58560
56801
53089
14341
24781
40327
10390
24941
15450
79415
5970
30758
777
3010
43021
26150
89000
52644
11991
29948
60030
36396
24664
11714
63011
37970
51380
16437
7369
23513
30253
64342
78494
98788
55145
52188
86890
20554
36813
1471
52573
41689
90356
86600
86902
88286
49172
70361
91918
60780
81576
56133
21261
60663
52776
5629
39913
49694
88695
95252
43681
39232
27954
53044
72752
56851
98826
25816
2592
64908
3084
49803
45024
58547
12803
72938
47916
67865
26034
64320
43005
6804
85591
70809
9958
7787
38873
57818
93999
43162
98099
52807
78046
25317
73606
21177
24218
34611
8909
73549
87350
86529
14065
77492
11499
15454
15492
89849
54841
61152
91621
6375
93020
76087
64786
60831
71546
64834
20082
10593
729
21120
47870
79704
80174
43445
70986
86110
73378
89981
27335
2749
48497
72618
15544
4809
70655
14062
371
69862
61428
53692
21538
53266
20095
73896
25518
72714
66933
75795
85568
45654
92351
99823
35218
33202
65561
39857
33847
87479
80930
58798
87197
28115
29115
57021
46636
53151
48671
25181
30752
45254
39862
90166
98005
64869
68946
87457
57619
62237
8835
64102
29334
86344
85246
64036
30882
51850
89228
54798
66094
24035
35256
22463
98065
70382
83488
20489
28687
9593
97078
70965
7231
95304
13600
38618
63189
45088
67487
6423
73529
91849
61897
7380
9484
33020
91982
39
86693
22940
78054
21946
15579
24286
72952
58824
76737
31497
81006
13230
15938
44798
82710
40592
50307
25478
91660
34918
52830
33765
6218
52019
63244
38471
67201
88383
94853
53047
59522
68879
57119
23417
25178
15757
26359
3368
17281
11551
37747
10142
56736
12353
18457
50978
30697
12003
58204
53568
98928
68701
73069
27680
69125
57858
79460
49991
8692
76167
97803
89163
74556
89601
86641
8317
18914
42514
11495
21121
15909
72143
54396
63078
98814
28872
12470
26178
24087
51892
49723
86838
53500
25435
30607
11755
26726
55266
48707
19934
94983
18410
36642
78311
91465
50665
10042
91030
18619
4177
75452
53830
38097
30401
20665
10141
61835
54028
98100
79533
14679
84936
89466
59389
17728
50878
83498
38139
66565
32405
67403
50273
67070
36145
30354
76680
1075
22384
75402
24658
21767
98264
40301
57604
59904
75477
90902
62396
1600
9306
41532
37816
70793
28827
64633
19047
7316
15166
55207
75124
13071
49513
34559
39953
76304
75478
39015
59022
62108
78574
13482
2297
32116
31434
21118
53
58575
25361
59385
89165
24614
51258
47331
67849
7318
9327
60917
17957
2743
64684
23215
38910
63968
60143
52884
45183
93526
45109
17172
26519
5153
40057
55629
94703
30481
32079
68065
44113
55507
9091
56112
51086
2683
7167
46000
5594
53516
80094
54374
58667
64021
77346
4011
83946
45561
96550
60300
84286
46164
56259
33701
116
50427
16287
67809
58046
76356
36513
65478
5393
28785
74804
54736
95747
97488
52526
25410
29163
84952
25466
79785
42460
29843
85565
3609
59007
94280
90849
15632
87363
31265
99381
68424
35389
95117
84412
22343
27225
31366
56433
5416
26913
75662
17092
72807
4519
6601
53570
63647
70325
9938
52002
17177
57653
27865
82243
90490
98275
57208
96128
54860
13079
13373
75130
1341
75824
20772
49834
94172
13866
43564
91940
88613
18910
47342
75013
94382
72593
97997
23704
45585
3051
46700
27477
61384
15803
57677
85530
33409
99230
99263
75285
48538
15376
61888
58358
51562
2443
1751
56204
61579
70885
15728
21752
74406
61222
64206
57172
82334
99141
24877
31589
44127
65988
64562
67987
36898
43535
53943
52096
503
90885
51838
23388
90324
46212
11071
80955
10692
64099
62295
38806
54714
33675
75385
32088
54647
67149
34563
31511
956
88356
43157
34695
95294
46115
16756
58825
16711
3043
1198
69936
30948
8490
14346
55782
40752
66674
20219
4746
64591
34561
18593
82951
37668
93756
47355
81563
10533
5295
53292
76882
92202
22569
96659
38081
96523
19789
87670
35690
88632
11136
66712
30683
44356
7292
38930
58423
56019
98168
58341
37626
84588
18384
11642
83417
52360
6681
70470
3453
97940
43468
32765
76842
52018
46329
79491
61954
79599
93689
472
98432
53398
47299
67894
6216
18092
15650
83272
72315
25664
6749
82538
99793
40715
4732
73356
19036
43744
85826
51926
14461
68868
5707
18233
9211
51666
30277
94955
68281
23643
77814
42593
4106
9353
72163
91198
40872
66629
63713
8904
12386
37153
49297
98960
78016
72523
28290
34436
58819
42051
16736
90896
62545
22805
8019
97399
8369
12659
57881
89238
26160
99283
64019
15558
42934
93832
43054
61442
25696
72402
31332
2903
44554
40486
76800
84096
72936
57099
98761
95162
68077
63323
74022
67687
509
16906
50845
76773
97382
12120
16278
31700
4858
565
64548
23976
68246
56774
77514
50794
63424
73982
33329
85413
85139
71846
83135
62433
44651
89007
53055
37482
77703
67102
88061
18190
95027
48058
17632
65871
62787
76344
92722
11226
83458
21382
69874
67744
68884
52062
97834
7942
83397
55888
36905
79802
48778
78848
83622
31639
80630
50526
53763
32687
49452
88551
12984
53788
86919
20915
66491
49131
25442
33992
70597
86173
53172
73351
67230
93414
78360
57479
72358
8581
25756
39426
15744
76825
71831
89592
77446
19389
23342
71857
45343
99974
2446
21466
265
21401
10421
19102
37262
55634
93634
38129
81486
56757
81238
12672
16690
78359
5155
82999
7575
15091
48976
56129
74842
43642
77301
79710
89161
53487
51534
97920
95204
26877
77568
79665
20274
55083
8547
95169
57237
68416
46505
2457
36019
35217
77731
35398
24085
24003
65844
19606
29711
67010
13007
40458
72910
28794
89077
92755
89053
51624
90084
68545
10827
63374
44332
55504
75943
11166
17593
79233
60512
78357
51390
22686
70206
23595
65224
10623
51135
12549
86410
11802
21287
67896
71442
87528
27448
59388
87346
35770
52557
19903
8272
49772
30325
30320
20462
37724
54750
19291
72109
37532
78596
60179
88171
2779
79325
21518
45398
74108
66609
65024
42093
36875
89108
41996
64052
91917
15395
60121
89847
36437
87914
77249
75072
39280
98290
32714
27288
61690
27741
38057
49289
82383
63642
8557
97595
10459
38867
78534
47092
41824
90342
84827
60453
52528
86965
96133
77763
54447
59575
86202
54900
34968
2294
19125
67117
78055
35569
49373
32944
19650
2095
40195
60608
40383
73622
82075
63318
82705
56702
89476
13465
38879
24240
39613
99677
96353
46303
47610
53829
68439
65432
24052
55631
4332
1340
99989
55976
30304
70469
53034
78851
54638
31695
85589
58858
43863
3089
67464
6582
73832
61817
35008
77044
93692
41683
49542
49214
49571
27657
15818
74888
20373
20105
64169
70376
94329
11454
14345
50483
60633
1234
37295
4318
10846
97980
39308
97590
41228
47259
3810
29799
90377
52892
64870
11025
96930
12609
52786
54172
15476
38430
77312
82131
91588
60204
6018
60079
94252
95187
35246
18772
10807
35571
63462
1647
84296
53148
60846
79986
65836
65586
9503
55746
7559
58682
74783
48139
30869
61088
35498
1434
3498
20706
70409
19872
18640
60423
73958
66469
30125
67675
39271
68293
78045
33318
4182
59665
99535
27172
55345
35560
31789
74560
95375
16560
28296
4917
6915
25167
18115
98890
52965
77006
18251
9754
26302
2763
47679
99201
26197
1069
81873
20040
1351
13000
87889
91836
31502
69619
91789
62393
92739
29953
66747
953
42699
96740
26872
50861
16727
50757
22168
33234
38868
56328
80956
4451
69656
56199
76147
78560
82166
55750
23676
5638
80137
8202
23679
17466
93538
98541
95640
47177
30347
32527
26059
82417
50992
15115
87327
32112
15445
10746
58097
95853
5933
12049
90630
79593
73229
39661
54998
66082
83029
77131
40324
17640
82010
52911
56685
35148
88410
60021
78405
16319
19191
82121
88154
44578
15030
33738
12243
55812
95163
2419
72800
83630
10352
91200
76062
52335
32893
81939
19587
57868
79790
96648
17761
79782
21060
72891
50852
26176
86030
75143
6599
34859
56176
93654
52865
5835
61383
55350
59833
10865
37100
36630
78869
40916
13057
66343
23659
62415
1480
55687
74493
6611
83306
85986
10531
88830
55375
88237
12557
80663
61126
47225
52403
12647
81636
58315
65612
58794
14134
69086
87467
58558
88953
98261
78549
59544
25072
60931
75517
56216
76682
65899
79649
78977
23287
64638
54711
24444
25176
2106
49610
49860
59147
51014
55932
39886
40261
41028
79494
51542
81755
17515
42793
39818
24424
28412
12529
13746
52305
54696
66599
16928
2241
41156
80601
67194
20507
44046
21713
80933
88417
55707
57634
33169
35991
56684
89358
51477
80068
28378
67700
1601
19089
77806
9227
36321
53598
11682
36275
67571
18089
13393
92579
62891
64383
20197
97073
59054
16415
20666
30177
81780
3864
37395
31184
97828
23732
74407
16792
96899
6258
52803
3686
23226
2600
34278
4600
8440
48079
61109
20316
4023
42348
46192
82762
88032
47296
45873
64281
61057
73195
97036
80656
82761
48370
91448
8846
94828
64398
6391
67259
68594
29314
9664
77643
99729
59933
88442
19980
43635
14567
93325
18007
35170
47508
82438
63862
17275
70413
40166
49839
76595
46802
95828
74258
41620
12360
13789
40461
99112
19999
20257
40624
43707
32847
21664
63726
89879
45584
18100
11353
25463
57786
70974
93904
34290
45776
20954
4957
41643
12129
56364
72338
89244
14399
12641
39437
72190
96882
67493
58848
6735
39115
79235
14961
30005
80158
62712
55294
71235
91544
66859
50156
11326
49623
93848
64527
81113
27309
45900
25379
53953
26311
84142
17238
61786
57428
64353
35594
75667
16882
91803
42130
29583
25689
39541
39946
93340
78714
60628
18370
34040
64400
52770
20360
91653
85979
96246
488
93493
61901
67838
57423
89269
23509
10767
5512
76799
34449
60028
86347
31227
8676
58953
38356
95714
84093
28541
36635
39935
28586
16032
88809
36373
13568
59060
93517
25325
69861
94621
90925
64807
93452
2081
96728
65259
61570
36946
22166
34828
60609
90848
71085
17550
88931
85918
54724
35603
58102
74003
10817
32132
67130
27711
94482
59762
5541
49164
36626
86217
4039
28533
13591
50297
84514
78475
1157
52722
65280
39259
65675
25827
96103
24820
50051
87146
321
92318
72867
29775
83898
48487
26946
84951
65120
92592
58217
83175
96179
53310
11292
32646
95171
85314
67653
3714
81184
4741
61841
14611
5883
15559
88836
44093
46815
47577
94067
76272
87718
49188
9756
61248
91695
85842
12885
12058
2919
77546
58370
79200
27252
79610
27311
71382
51007
98632
68418
44922
38330
3140
15159
11522
58392
5957
73572
32631
35119
14803
81727
51416
30311
20387
26193
93723
58023
74056
25262
45140
99117
62991
37822
6392
98797
88994
90846
14376
43471
15310
40615
50435
82670
20803
61698
82486
68292
55780
51676
91659
64894
16364
99011
68231
32265
12221
84829
54541
48971
8397
42018
72645
79775
32063
25747
37833
91914
53653
30954
73253
55946
59509
48545
93674
8663
21472
39983
87525
62900
84538
93133
49341
45200
85952
65776
90187
79130
3702
86260
69475
58493
8444
46206
49258
95839
53276
9773
60823
28363
36713
38550
3096
84551
66793
39918
27229
89865
82953
61921
20551
57607
405
56191
12468
20880
13721
86948
82633
1467
2969
13346
50975
11712
70830
84859
4009
16274
56710
32811
32626
53210
95209
59423
52946
44441
28162
16539
8138
14130
33284
17201
19857
29813
44402
7175
63142
5747
10788
92764
71007
18030
75887
81297
91457
32103
5145
84845
64901
72505
34971
98970
27446
67367
20063
77547
96281
27684
32928
84287
40940
8422
37778
48021
80704
78141
90754
37285
1548
6432
56622
70241
4755
94015
91670
63564
85307
20184
51855
72243
63253
63776
5712
21514
53958
26055
51292
88692
21507
28766
47934
12098
97799
10997
73096
15134
86740
30145
61646
54180
37342
1207
86833
56079
12485
38937
94794
79573
2894
12317
64338
42425
20882
50976
43990
16260
39647
8938
94610
15930
85732
38380
39142
83284
86869
47314
69371
55616
57276
66370
39855
39506
85892
73756
1547
61399
76871
94383
94855
80221
19185
32973
45961
38140
90718
22513
17424
85044
38939
52098
26784
82163
84633
80475
67170
96775
85953
89058
99266
73327
72080
85434
77652
55380
49181
54102
54501
5706
1653
29333
22394
48136
85198
63566
23484
99795
92735
9190
37484
1516
39894
70807
98868
82763
25602
57040
44285
54216
82795
76969
40702
96260
70563
98223
50039
74507
55912
18702
98660
71277
93311
85629
61063
34414
45204
85197
54934
32954
28964
79556
47431
40962
81894
58383
14344
17646
81892
38159
57445
69062
47191
17138
55723
96840
18634
1668
93024
85049
17380
88955
29789
57251
55351
72941
94203
6063
51283
15074
18613
87684
50522
59946
33160
76188
29592
53224
22570
63075
76249
42886
69031
63113
5165
8515
59631
47437
17146
64071
92375
17837
80572
63185
56256
89480
76242
50591
4807
45712
59305
23668
54345
45147
90091
11687
67044
90060
75613
68741
63525
70113
9254
54831
16726
69236
49838
62177
7031
33656
59084
7471
91699
31642
61452
10504
17425
27473
6837
72549
13844
20785
60366
49358
16699
13603
43485
16164
43533
83680
35821
55814
30778
47377
42717
23503
62247
91345
71100
34189
79799
50511
94235
4071
40688
85987
22300
78544
66751
66176
92466
82274
84912
81480
38702
46740
72774
47352
54990
46713
56449
21493
56416
75582
4769
31277
585
89475
35675
28169
61306
35627
33516
42368
20060
24677
38280
99738
83802
9286
57554
67346
10380
56830
60564
64339
33759
57586
19119
50218
91535
342
22478
14396
66817
55072
44732
64278
52216
92262
75997
25971
53428
44857
29862
68379
65175
70163
54183
57206
14665
84260
37407
57316
76892
81957
2893
23861
35356
41638
24019
61767
80511
45445
93839
68917
20569
36434
73363
84057
29633
80843
39485
71992
64701
25621
9604
77146
86954
60836
2233
35382
96677
46873
9599
6559
31771
5544
5142
21948
84100
62454
62125
8353
72227
38648
94886
70387
67785
8642
60083
90750
75314
35034
66795
72179
28073
93633
65708
18855
68764
9780
11578
45768
66440
67533
20705
31691
37188
95082
99039
16419
46017
83724
3601
32625
51757
28889
1353
29682
89819
34321
69264
49443
10794
3491
32534
81904
60856
56223
33065
79220
71259
71984
57381
74894
71899
71812
84802
50573
11825
50735
45360
26935
79744
71011
58580
69204
4892
56320
48951
87898
51575
77368
43073
28252
65132
78036
90857
63163
60524
73358
70129
12537
51154
66772
61426
49684
87185
53027
35038
80888
791
61462
6028
82722
22284
27707
16760
82229
32363
33996
36330
39179
17186
10587
25138
35711
55408
45017
55039
71064
30826
11612
67823
8587
45351
39309
12268
24180
83444
99101
83997
15474
88751
83497
29186
17314
26195
76766
97432
13882
76987
79455
32874
39149
47321
34164
42689
97988
6857
48998
48059
20031
43747
23824
35546
86182
58422
68739
57018
65597
99544
69559
8165
85827
91847
53708
12892
51426
73504
19744
46494
6822
60334
38165
37405
87398
72086
59319
46852
29495
93371
49859
6104
58838
63232
99647
90871
51305
95157
45144
59411
43781
72647
55951
45557
1267
29611
81837
82972
35698
32249
83840
17694
69438
90862
39628
76116
91775
98597
90106
90034
3977
53012
68217
20608
24694
51435
46470
14996
18281
43935
77084
6752
51378
37896
40307
20947
34904
17001
13816
84170
46243
54133
12729
12496
94613
48256
88745
50662
43029
82406
92524
19908
10859
9588
90713
79033
6110
25538
4895
61838
14165
40340
8474
10272
73450
60855
40264
41655
92369
78506
58482
85678
33075
68002
99360
48466
97218
63886
27246
95073
58490
22592
83519
44629
43555
66736
95129
9042
40657
57835
12805
48328
3585
52643
55228
4026
77087
90881
38523
73537
84246
54457
91316
58299
52025
36231
97706
82873
56614
93921
75419
23666
58348
79064
93869
50429
57758
23299
99553
61920
86440
62158
33336
4018
99737
81815
81272
43166
84920
61424
33726
51041
81980
88852
96678
57244
90137
71123
88020
64643
6325
59925
37925
93597
97409
63714
42296
82308
36507
98618
73210
73836
13598
9570
24264
28123
25759
28284
18710
96257
75075
62484
68188
48784
64325
81016
9165
85135
24123
9622
67137
15052
96858
32839
12853
54590
4603
86970
43982
82717
66238
44384
55810
47706
86228
15046
43207
47626
78855
38196
35907
10483
58498
51835
22312
20707
19049
14839
68593
79317
90001
47660
75447
22181
91394
58670
41930
59723
47075
95847
94817
1260
94766
86151
85131
39730
49173
61599
75697
63381
76940
12942
2327
31637
9849
30911
14217
93532
91187
9425
96037
25628
33259
53038
95509
63049
58427
99067
67555
62595
67490
27262
9933
24239
64308
91332
43544
68250
56796
63887
66282
55405
82893
66870
8993
5936
98425
85810
26186
81032
78846
51554
23909
87292
22054
63090
40860
70175
90535
53098
99987
59267
35839
10244
78276
77728
99590
22992
94860
20524
55916
73095
77354
73186
40269
2038
84884
1388
48897
32504
12482
1700
54491
81377
94184
86872
77114
28028
22842
53805
13210
3549
51271
99354
7718
23053
13252
37051
33232
94036
55597
81044
36481
64359
65983
86648
10499
68101
73396
18349
71019
78658
41085
94152
71134
93993
51891
21077
4154
87678
56808
49503
82404
60301
79161
37870
12558
56818
24311
27388
89741
32423
80796
92215
23030
91979
85914
45062
24854
97318
49821
13474
63977
91702
43826
42044
48395
36645
45871
51066
81257
19136
60884
8535
50712
56220
30355
49933
9456
73751
62032
38517
27773
82110
21015
92578
98487
56207
92901
98070
61396
36992
37616
45379
49045
8805
71936
67178
88674
71838
44936
99407
88990
5737
41066
54631
37194
49819
62400
54400
79957
56586
41565
69140
57519
86126
97924
68692
68738
38680
18721
76549
73337
71456
4300
52110
5220
43121
16517
79828
87494
53111
87551
23952
61366
76478
85379
17022
97502
95996
33714
82920
22330
98842
32028
28076
56887
36698
15238
33330
59321
74919
7996
94481
55086
56073
52219
5034
96966
69752
31619
21568
53508
86918
20179
99764
62657
69703
22783
22149
92980
28331
92506
99536
42572
64440
90814
90741
19150
6001
78199
46741
41594
73931
76827
60881
20883
58606
94289
89938
1897
95542
80467
15739
87913
22440
30073
5223
17078
12728
92485
24058
39919
96653
14871
72894
89640
54356
48534
92546
98354
35172
50977
66693
98537
55640
63722
91112
83533
82781
38145
48389
36425
67567
98860
8331
99546
74359
6708
44780
86491
77654
52708
67146
73720
15
13324
88420
51178
81455
93676
40744
72097
47128
96514
5113
77304
61699
19251
90022
97906
88440
64680
41887
54045
68479
43248
39302
3211
2889
74435
35831
83114
68070
20339
50328
74183
67658
9571
55807
35550
96131
92596
6466
36385
87214
43123
33350
81650
83348
98891
67928
21326
22684
85802
67309
59840
71306
911
48689
64520
93172
68098
39947
77236
27968
47349
98935
29450
8051
21458
83914
5377
50143
57392
6053
87694
95386
70579
80082
35075
29340
44062
62898
70146
29082
22623
31849
17067
96123
67304
67532
71638
78208
60942
31899
56143
46282
95554
94342
52212
66682
66210
96565
9904
89800
7358
10424
36445
8639
98214
79283
13830
80029
40748
72307
65531
56802
28507
41566
64733
43846
24736
1236
70295
80087
81851
52261
29668
15494
36802
97692
47028
11789
71681
5772
26596
76335
12799
69237
75406
87837
11794
44159
11471
23167
65407
85868
95936
16537
11915
72067
67013
49580
46580
35285
70001
31308
43652
96358
68142
25563
15143
82640
84407
44680
94748
49583
28221
9877
83765
70477
71495
66839
6209
88586
97448
53564
69776
77792
74648
45377
68875
88923
93978
56901
21778
47036
50984
35701
1044
97385
29970
12946
14826
70742
42962
81130
54174
80900
61591
34346
20025
51039
22085
33463
79859
31418
27679
62280
21210
58225
41039
3626
65743
70341
96655
40585
89299
61801
57337
44044
18183
81135
29938
90964
54047
55412
84435
52641
99267
34033
45055
95897
92946
80302
75168
55735
70314
66666
22249
45691
81364
62863
75585
26615
65719
84364
85712
78833
71222
16277
28254
96478
92681
13557
3067
21410
86662
60139
69060
24439
223
60933
37217
87355
48087
14139
28177
20240
91681
3689
88593
81379
86369
59498
42540
85355
89533
38535
38310
34287
87736
75654
68735
32916
61278
45937
91838
45350
16781
48070
69321
44385
5023
74708
43912
1822
65667
51281
98201
6706
11152
85009
77292
12469
35914
47372
83894
3917
29202
54086
8466
5252
75446
35625
3653
48262
25188
287
74702
80387
92242
13403
49390
32802
38225
58038
75266
51409
77050
19312
98266
97084
9270
39191
39328
50950
53423
38808
42814
58344
2618
86671
61054
11257
63599
99954
57919
59459
99861
79010
13389
2398
1121
51605
77142
51721
53052
51619
59550
64616
87395
28361
15442
50235
63683
32358
6958
60244
65382
84503
774
35429
83072
45316
85000
3522
68465
45690
22345
54487
65959
58740
66692
54700
36900
73887
69681
2620
21626
7097
29140
62598
14183
40609
13097
33689
1503
66686
54589
86122
57656
60835
98281
58863
11262
41476
62949
75226
75798
29807
61256
16583
2166
71181
83909
27339
45173
24818
98549
931
37813
57379
89209
38155
60786
41877
71018
22383
54233
75119
88153
23037
33455
59218
92431
7501
58654
2076
15343
84240
84
45385
60753
23153
67092
5483
8623
5779
3179
18909
1195
58335
10279
58910
23020
78333
66074
38204
36494
53188
50222
44852
65929
73968
25571
59082
81419
61454
87066
70694
5717
84209
49842
71814
42532
51
25168
5368
76521
42327
10798
57087
93553
36195
85382
73854
97091
68371
57552
31115
40681
83489
84012
5651
37765
18482
53279
80710
59825
14598
31721
85759
44170
20893
27201
13221
17446
74559
97884
31650
44558
27565
5590
30667
76708
34257
93628
73808
9509
15993
87184
77743
58837
42144
87048
79973
80215
25562
18871
53087
23284
96954
286
47086
25501
77353
96234
63533
51368
49470
44496
62737
65932
19912
77160
81795
54670
66100
38396
43745
33402
34524
16935
67680
28142
47756
10674
40356
90569
53268
99486
27281
180
32977
39052
69333
17780
27316
3796
421
89973
34726
49951
73354
29454
21373
85282
4236
5776
24520
82815
88339
77978
37680
27251
9326
8395
2987
76080
29653
28078
28079
20379
93770
362
53902
35679
66650
52352
60706
72728
4001
62162
8954
46760
85884
28461
86949
5948
45247
86153
23762
53620
54006
79099
60034
78439
929
69459
72019
85627
97053
79422
27292
81574
68409
14738
40031
59216
16520
97196
96843
95374
45539
28725
65730
47814
43032
52614
36859
39911
62069
14270
96145
37172
9050
93273
22995
80653
47997
20055
84184
30704
46600
69858
93502
10374
93985
23804
53884
94738
86076
91528
63659
74680
58448
59066
95043
85643
10209
20363
57692
91417
61018
91784
67269
83994
43345
76487
699
84572
94316
16131
19065
81430
55
57243
18661
90312
5258
10124
58417
36993
89557
63669
52035
6136
10420
80040
49318
4832
33055
19576
38106
41092
38336
64084
95457
49650
43751
52916
19424
60503
45673
59952
84367
11685
91983
19605
37967
93936
88253
54771
8933
61547
68567
80429
7431
41983
36634
71081
85550
40975
52883
53396
22211
49901
91684
60696
47420
29028
27918
36663
51211
45138
56023
50364
21160
81702
44888
9829
59272
57289
48564
65827
56161
53661
77491
79835
56195
91065
18885
99238
87770
25193
14172
7682
24029
30762
73959
98150
37503
68804
88702
95993
80835
3733
58206
95957
77504
10638
24519
40283
97326
3382
61805
76155
35942
62776
577
72746
87637
93360
59040
697
42489
13642
95491
67373
77081
12753
61305
18227
7054
58629
53919
57307
98706
63286
20026
91519
46689
23122
93970
27169
63531
10386
53643
53006
11799
82777
48442
19823
39544
90952
91469
95434
69345
13751
26568
96454
97144
38267
33852
88107
87027
56552
47174
92847
26547
32062
35885
65877
58095
99291
15092
88545
86264
85457
82200
91483
15139
22031
76237
52410
72998
19425
98059
12256
52642
49836
18189
21032
99460
4585
20424
35744
78785
71903
94751
9594
95202
4864
52670
35266
71361
76590
63742
59684
43688
71440
89385
33299
73089
91773
4353
96838
78011
86174
52859
30266
72150
5551
60248
70555
36500
25996
85526
54522
93226
4471
22815
71840
65265
12366
71083
91094
78321
29470
66036
14375
42011
81084
15320
41148
30433
8953
94357
55839
66383
89607
29326
29695
62199
53939
13461
43868
78486
79053
5071
43160
28890
65168
12325
72309
56815
77937
96262
70247
67887
50628
37199
69131
97614
74539
41262
22069
92679
72488
60080
19852
55439
53795
21666
74088
24968
10183
90907
89125
17597
8373
2764
14864
55591
25171
46596
42305
8813
21798
5783
9601
80403
1585
63004
87535
5455
48337
42062
28689
3130
13778
82446
55975
26884
68991
37889
41184
51700
51118
6437
98630
57450
31372
5356
21342
97596
72054
67526
30806
17207
31298
10077
54783
78729
46832
25612
33054
20857
79629
47707
14887
14604
77289
88308
81004
85608
7224
12906
60425
77247
39848
91712
7118
28962
65
75179
28696
11879
94865
2313
35656
18385
70031
9403
19377
17304
5498
23697
82513
8641
20475
912
53695
1404
64228
5225
58328
63312
54179
9551
57329
8578
21390
84374
42069
67350
2627
8213
16305
36777
93704
29306
79469
62211
7567
52089
67955
52784
78975
99251
60885
75724
80862
71132
97704
2085
58407
68899
9527
64820
19694
30411
77430
42634
87220
85889
85377
60039
43740
85127
22386
97883
599
66840
15216
26138
6192
69947
20739
35434
73533
72939
36702
44255
12673
63580
87708
74062
63798
29301
29015
17804
75325
38983
12441
86089
29582
90465
76189
61530
52482
82502
48450
48731
67725
28158
26536
99321
13448
47601
38376
87715
51459
42827
91846
35607
82059
81478
54428
47383
62476
18123
82284
52172
31781
17540
65769
25810
34721
81635
22800
83162
4145
7051
28063
97919
24862
97961
94259
80649
61153
52113
3952
55272
60687
99351
68313
21182
6313
99571
288
64679
52640
91267
59366
56850
54762
65447
9792
34426
77378
60087
28883
3504
86628
64098
40482
63838
4659
80078
21479
69372
92414
53848
59639
95833
65463
44293
71999
72784
18647
67419
20362
4492
16595
69634
37798
30127
72149
23262
99244
6141
80983
14754
65651
56082
92164
66456
6338
50767
19387
66871
2466
7870
77349
36344
87938
97330
75098
5058
70637
5617
98113
44962
99234
58080
39781
71732
78788
37757
65995
3435
30803
62878
92327
29748
93225
12686
21270
54846
77509
61602
80451
60830
12309
68698
25237
73410
6644
93601
15533
23377
65841
88193
85006
10263
44302
90348
28064
19447
16648
71329
13731
97747
77484
33102
92652
8762
11037
44868
8709
89665
99307
17736
75074
47325
60474
15885
54441
87660
3408
24919
94460
7267
60054
5204
44952
17836
89797
20135
90499
38885
90320
29277
55122
30797
26790
49569
67945
34202
63099
88754
88312
77251
69506
19863
18948
74979
45414
6761
34145
74381
52153
66962
84089
6571
88599
44530
50185
70954
19792
66908
7980
81301
10967
69944
45440
19895
15398
74812
51981
47537
20332
88194
74005
84391
21812
92632
72657
64801
51615
52681
95838
69000
51853
8956
87429
86990
1316
38783
2497
10431
74278
82569
50437
69517
4159
97387
94059
98381
18205
66213
81444
43932
97775
74240
60280
6797
77176
69417
76159
77872
11865
43697
65760
6759
83831
54458
65179
56323
5456
73784
8081
51582
82580
95236
11857
77106
67763
45288
68829
10548
10332
17087
60754
99172
77072
88437
33892
53699
99061
83432
84080
30473
82208
57039
75295
37510
27394
58677
13456
59887
72009
65176
39853
95766
25378
58996
86402
44659
54149
66439
3819
44701
77365
48702
6157
26294
13944
97923
73278
71934
75770
83174
61326
95038
3997
27291
35965
35433
59153
12742
93072
19170
50351
6413
97157
96976
26710
85870
67101
46938
80045
86506
26871
2689
3843
16778
61446
8347
24181
47936
90269
12155
65389
14495
59074
94187
26073
20066
91360
47575
13644
34760
62120
10530
67595
16940
63379
64187
35963
50490
88843
52240
96810
91787
43605
19265
53215
58334
91225
93173
23712
38355
37877
6553
1177
66753
1055
24501
62729
27392
18099
20478
58124
58069
1591
78257
79025
42467
8827
56708
70193
94075
8649
58246
37101
64736
60662
2202
87876
93113
9627
97511
9719
20182
77507
57493
37158
10502
73079
97176
38799
77880
27667
38488
55709
87090
18066
48047
65070
87477
70374
4192
45778
4090
98726
80478
91477
97450
4261
59644
86477
33407
29118
91632
66493
52832
81995
60906
9182
77358
60541
53454
80821
67480
75982
56741
98029
74626
51467
68218
36489
53156
89078
56466
54781
98992
41537
30831
41751
40175
83435
78265
91437
50012
61561
31575
7726
32678
74478
74437
60803
3726
60848
77600
33612
81212
1370
41333
94000
28070
2231
93865
57008
62392
27891
40248
22867
66586
94734
3981
34963
62192
54879
20077
58169
65669
72332
72483
91294
25891
22981
55627
1791
65763
84201
4518
24787
56852
81435
80962
61963
71658
15431
61782
89073
35348
81360
69826
96045
52991
57754
60062
84559
56425
70815
75039
30457
10765
65816
7617
74333
54767
27606
56402
96601
48838
77756
92435
23292
22839
12409
95300
68364
4932
99190
30866
2739
24492
216
19010
17948
86450
88370
57864
70429
66398
86204
56094
16154
76002
50638
69042
39172
885
59015
76771
38303
51470
4247
92071
73559
51976
9024
98503
92346
73943
77713
3928
48662
62051
98585
15507
41906
1124
66109
94600
73289
78877
12925
37480
99845
67216
89712
33653
92452
11195
24496
86371
92534
98523
51802
63246
92761
96125
30566
94414
18628
63171
69430
26112
1716
56145
86875
25847
33317
87631
59553
82237
86289
10588
81587
40253
78093
85644
4994
55151
57455
16613
95977
17521
54646
69770
70051
27167
56567
63651
70396
2476
97946
14700
51371
46465
69305
45755
86451
39404
56894
82009
68189
49365
62282
60838
31553
80899
78749
28834
81888
37995
63051
98197
14146
74763
43622
35630
524
47563
84083
96481
1745
45661
61726
85268
56836
23391
47774
60029
28521
97351
97304
37230
2232
52140
10182
70766
57155
66762
10776
54022
11040
71358
3982
45045
18770
92649
10185
77242
80909
9861
71367
16848
48351
38549
32800
35776
84955
21853
79403
25191
55137
18383
41730
828
41860
3927
73604
34191
30527
27755
92342
24676
63328
82552
40520
41610
34393
59543
36673
20506
98188
49612
66284
42834
43899
16825
75796
82959
31247
26123
853
66529
21396
94503
93259
94290
59872
16037
32644
65511
4841
66217
31701
87668
5066
1907
98855
78137
38247
80207
39750
57958
62682
10914
2257
1258
76245
54699
92483
54818
71667
29525
11795
3534
58440
63800
81102
25304
64808
59314
11064
10549
14154
91004
45260
25151
80878
79824
14991
18412
8870
50467
11233
90826
14698
58739
10602
92820
53727
57728
7349
11628
36953
89201
36568
99984
55571
47121
92145
94656
68363
22226
13664
96230
1158
19763
29902
1244
88771
19901
86293
20074
86959
23394
69096
41382
31965
85964
56512
66345
34612
1117
9312
66731
73189
2222
47212
54940
90214
77077
14918
33002
38093
16205
68230
58791
48929
7005
6052
60904
19940
86734
74749
69918
36034
77130
32704
44306
98468
50191
65661
21079
64061
62874
77464
30188
99104
67440
25627
9698
4662
24131
58319
2776
927
96078
22177
24163
36384
4871
35887
33939
33645
24402
29835
56274
33124
15191
45196
68008
94538
1359
56312
88452
66019
76916
23186
47371
8886
26530
81168
90660
65483
36280
57777
19336
88913
20249
86067
46811
23796
79536
57522
95463
74117
62618
67701
57857
24119
64492
44586
24201
81439
96360
26791
66196
23684
76811
8168
26478
97484
58934
34416
34659
65254
58307
76414
59858
37499
84805
82109
59008
60718
16348
47588
16841
59926
66690
72082
90126
89310
67756
20116
53195
48875
12552
44169
87369
21616
98289
73017
50716
54545
44730
82050
68659
2538
22841
45313
32921
95576
68201
57038
65756
47727
85171
36083
57866
71017
25116
2285
18263
68185
68521
30846
37548
85669
58331
69994
94048
2781
61451
47235
77004
94878
18160
57335
19216
94553
29899
22498
26241
5104
91956
26361
51927
6577
88678
9420
66646
23777
39973
88673
50070
54773
65572
68413
34019
40475
8268
22631
36632
69677
68240
29361
15594
9275
737
64183
7956
47959
28803
60930
19500
75412
81376
70271
65090
23190
94977
97168
66539
35861
93646
36343
52740
45744
57766
22113
70546
46105
8682
15575
19641
97065
34893
46582
97109
16149
43808
49419
25923
35537
12716
48449
49701
1738
36148
40847
36675
58259
20837
94428
65218
6250
19796
71856
72172
62626
59238
55770
15242
50970
17610
78432
65003
45676
53307
19689
87667
82669
94903
59412
83602
18307
13780
44886
13617
69040
82174
12587
84383
79213
53347
89167
78703
61694
32411
66187
2873
35922
14207
14702
60563
75148
20438
71311
41835
82497
94546
96324
11608
61142
88611
47334
77963
14609
73997
1682
74464
62555
94389
37824
83793
94762
25695
59545
58134
30804
69278
33789
88487
64091
56436
28802
38878
90094
98515
35284
96978
81643
40798
76836
50187
16861
89103
28525
72108
81861
70108
27350
29751
97363
44772
35110
42409
84725
53402
41808
79971
49122
76105
18330
29264
9215
92025
46006
68574
33077
65308
51024
4111
66025
10458
28664
19715
34433
36917
92036
46041
86657
17834
48894
42588
44777
84678
5713
59439
91558
73995
98590
7877
48327
11416
90810
45047
59588
84273
55756
54586
23619
46841
19037
5734
44007
97405
81229
97
60442
19846
14373
11406
57427
88301
87752
71569
14662
54889
64865
84839
21295
26094
12042
82572
61842
876
59829
94858
86345
61679
17377
63883
86739
81566
87673
97855
86858
34994
89426
80915
30763
41444
23164
75405
10749
1869
12517
61774
44560
8772
94995
86617
23023
42504
12076
49368
55620
42919
86637
90931
80576
16016
6974
63217
540
49233
41057
57591
69512
52692
50125
70860
67815
31181
30736
90544
77580
1097
74380
23410
87854
39512
77019
26524
88035
48451
23523
97417
41685
20215
40951
95446
70403
20405
72274
5177
78356
20007
28781
4801
79219
96426
58471
89595
99089
36258
17409
56678
8837
24389
63749
80778
46868
22654
60872
47502
55759
76984
91381
19132
29828
38147
70246
63008
20932
8769
66329
3998
12757
76584
98577
89910
36624
10070
11589
13626
47461
69927
25392
5581
34010
36142
85110
94598
85656
84533
71193
36329
65350
38866
85126
22137
40149
98905
55212
14689
88724
92583
870
49143
72989
1842
33074
34268
54352
62816
2121
74167
74467
86726
79261
30105
5724
62214
69474
68107
6743
11517
24155
87450
81119
52849
56994
75599
8665
42581
76280
80688
52926
53588
58565
62677
71241
7852
90928
33787
1354
50583
62193
70648
99228
90791
15785
39552
55385
11955
59073
36096
85509
88592
62110
78795
15448
86428
56452
46249
97482
52235
61471
50258
97192
5388
83436
23360
39332
98337
34165
91263
49639
41862
28616
52704
61727
55534
64847
38284
72696
79886
24707
78656
44202
13452
90769
23138
26282
67767
19215
66576
15050
62151
3350
74023
66688
73656
84899
13613
84524
1860
38108
19971
81969
89753
39488
23451
6461
38559
92571
62532
48431
39089
49508
34468
19435
74347
67654
71768
99556
36390
86759
21586
67405
42943
45393
90602
93014
47471
68654
69754
63692
32207
65301
94372
44343
39003
98440
76561
29055
78345
82475
87784
41545
14544
5722
77414
3787
53719
32509
35312
55074
93159
35362
79913
54531
66518
65440
70213
36536
15197
37353
89227
33385
25238
21632
44571
61730
45692
38851
89605
58403
54850
28
2621
91402
5900
42587
59139
72189
31192
25804
19855
50168
95419
58258
53394
12184
92549
92216
89191
67938
71111
86689
58291
88980
49447
43958
39098
9835
2356
69239
69824
87571
33141
58001
1193
52494
75999
18611
25021
3300
92486
72319
33561
15640
15369
87422
6185
45941
3246
86198
61540
95257
83440
19027
55551
71340
55080
10770
70208
38025
44970
55456
44478
6717
89731
7975
18687
61393
35759
93481
26482
81025
98675
15846
87426
12233
33928
35460
15231
34307
84515
57140
86725
90890
8407
20760
57943
99572
2314
84907
54209
24859
75969
73734
10957
98691
77945
10966
64536
27003
80430
46951
69537
70323
60892
54173
30016
17711
75808
31498
6739
28643
67439
87693
33395
96694
18554
58770
63276
72670
22882
31596
93237
99612
50848
73804
36332
68695
76061
57285
22625
72861
3747
49448
62146
31802
48165
304
26247
44399
41784
49980
92814
87732
8703
90608
52856
91022
8379
81269
2068
80826
86674
46502
40608
27380
77387
16787
69920
9732
63563
45058
53287
23616
14530
73322
57437
90888
10406
90804
88119
4983
74946
41435
12973
65321
62046
52453
68258
80552
5172
24695
53966
17037
47
47872
67867
18540
800
50943
81710
67051
76610
83356
80845
34116
26218
40866
55663
17286
25485
48798
1996
63957
82944
34912
93708
83959
57632
45789
21759
60692
7455
96474
83897
64730
87123
31968
51826
71008
41290
10826
62832
93433
90237
85117
68649
89345
67703
1225
70872
10375
8230
98680
5896
55555
16968
8890
79125
56739
48641
17605
31972
87496
3798
26973
27422
36889
38666
66320
57551
76375
90149
48010
91749
32104
31914
91299
33144
87286
47107
17266
67559
73151
1710
20377
63343
69709
95018
37036
53338
38575
97717
70808
98039
66349
58792
88845
16920
16820
75215
40314
13107
80222
40518
87248
20744
5372
73760
59247
12183
75718
13551
44535
33547
54327
76991
64498
1611
60116
2262
79889
87623
33189
28563
11686
88485
43466
36975
25327
16333
61493
31455
81060
94195
49094
15324
40477
54507
72874
73297
26341
47242
95076
28820
95059
50476
71403
92710
16584
57685
26538
73883
24663
6048
76817
20385
90053
26128
75220
10104
52390
89245
57351
6356
80257
70549
68772
99520
52833
58643
67574
25558
64910
25830
57834
62445
96617
10258
3657
66041
34430
26996
16127
15549
1631
43892
96306
73280
49280
59908
91778
4166
57417
77443
80435
54418
29291
8173
89756
10149
47124
98454
55042
34728
35399
50817
66255
79384
3644
58983
78813
96239
27724
59179
55787
30970
77698
78507
5799
95099
61394
86661
55696
41727
33145
61287
37213
45447
41696
61948
35190
67881
99222
97230
64310
37351
61946
2470
32725
76685
29034
72181
4867
76791
8766
71926
91763
25424
44552
60027
55455
78898
22718
82518
2915
2432
95702
20588
45990
78467
46865
16450
47057
71389
60678
19068
42644
62472
57085
17587
43140
49813
56333
16552
29324
52581
43323
69952
38583
61844
30994
63449
98043
21162
32094
73781
55424
84284
61055
90838
5912
37871
67977
22622
53559
70153
52454
89413
55538
49414
98373
75269
57546
99983
54933
29920
18240
7786
54317
88945
84154
11987
74433
10410
66658
33914
88603
79906
46366
84890
86203
88397
38448
73414
18873
32738
67158
44735
93035
5572
76142
53149
74830
9242
561
45276
92925
34792
22785
61188
27866
72884
85779
34817
57594
77832
77313
14040
69968
73990
61796
29481
34945
68612
69546
59808
66190
59349
74226
49521
3675
51330
23742
6868
72753
56002
92732
54291
60802
14003
97367
29430
23480
95991
5844
59211
68948
63990
37821
25585
54080
3361
41964
16251
87448
50266
12733
53308
76863
14903
87641
63764
59782
44935
61638
66551
8434
5440
63904
84679
94410
75630
75391
62240
55387
84328
33247
71676
32785
72957
60023
59793
66156
45466
61803
45475
76568
17441
76240
18035
60927
18679
5683
40664
9763
91347
44940
69666
60712
98068
98516
18270
80432
49535
12512
41961
80824
28085
34274
89596
10343
67082
5479
83238
34034
9505
44325
6550
83896
64147
70412
51614
53755
96657
79351
64254
14514
95642
67611
99410
54732
69516
76303
92650
42186
95783
95666
27186
53776
45699
66776
22648
60510
71971
31797
61199
79881
39803
94451
11836
4506
26224
34368
31967
81107
85380
95485
60984
37228
99537
98119
80053
59834
55540
25476
10369
37683
64129
67436
29949
68059
16604
66259
79194
74835
99352
81148
30262
84986
80798
20391
87967
42309
50439
34162
24556
29763
9602
87050
89887
86325
99615
3742
23062
55897
71808
69150
83908
15786
26873
94780
31879
16241
46991
88128
47162
42252
28014
91781
76166
66568
64417
73619
73417
4393
18845
4496
90839
64118
46316
34710
43895
60395
61734
41495
6331
70289
95345
40255
289
51777
15341
36674
93512
56948
79165
50724
58826
69504
91730
98304
67229
79978
16136
33643
44990
67941
90111
51671
85436
52310
69561
35810
11555
80815
34064
92247
66929
24650
55983
56765
77968
36358
5669
82765
69242
47745
1423
69344
83726
64274
52262
33008
39615
9704
87649
75171
3266
78712
71635
80892
64223
83049
15022
32058
88400
56550
20503
61728
8761
72446
35599
54968
58762
45010
64927
61346
99787
29832
36081
74383
83221
40549
62076
44121
86123
9591
23748
96941
95154
27181
28322
45227
33405
10055
87872
56566
61224
18199
97149
85411
93319
99830
4882
43803
76609
53418
4324
36670
26652
89724
57976
14397
95035
14378
1227
60489
43766
78647
72000
4811
84990
44461
59599
19683
56719
78760
8287
71570
36175
18578
40529
79687
51504
64956
19487
96599
48495
12571
62580
79850
76833
97396
77506
10791
84471
78115
79007
53256
9813
79029
37707
34151
47597
56138
1986
59252
78346
22079
5630
14044
13836
46511
81051
94713
30811
67915
19400
43880
94427
53392
66127
117
75923
55388
89639
58595
2884
71445
61135
15584
18969
10887
99002
65540
70363
31813
66170
53064
66953
14069
30084
17573
61098
30197
74571
40777
12846
56768
89902
46203
29965
62300
81355
59091
79848
80485
71628
37678
73197
50283
87303
43662
44056
58807
15727
9684
91606
36378
37801
53738
22521
23165
7836
88152
71273
67786
36662
35937
47611
59514
24384
84599
60793
48794
54479
81739
23493
26407
80676
22991
71534
68872
13957
99673
79518
74090
74087
93680
24015
89432
60798
60090
78871
94219
75409
17866
97250
89748
60993
57853
32642
64540
58645
42284
85292
96743
86533
8810
77798
10584
85267
5303
39037
86381
68094
8767
79716
99211
42088
93176
69819
19772
86925
58871
94318
2445
17750
76199
14059
59200
14202
38133
93690
82293
31865
16766
12718
24549
92891
4773
85468
74898
3146
51713
3102
87265
88282
58485
63585
42482
83754
12197
74939
47477
30382
7419
4554
53317
61617
15968
64978
10698
4093
85634
2382
39738
6982
26865
12061
15293
68429
78705
97644
19592
91350
82859
93943
57296
1274
1164
28164
97256
54134
19075
29343
62040
78562
14590
56909
8939
33132
60946
70459
44551
13898
60126
2694
81621
11574
85817
67949
68794
63059
3116
20794
69163
10700
45670
20188
90101
97577
26856
94035
40447
8090
76343
4405
73858
87615
49715
88887
62596
27932
93917
25113
44880
18643
25838
77040
63259
69771
87933
20722
82091
83262
72719
18138
26706
81199
29527
88009
14118
93198
82984
83699
58878
3070
58768
22673
40297
33255
27396
69502
19448
20818
76585
75262
20670
17917
22015
74850
30766
54587
41421
47468
81304
14948
82154
76894
18809
10813
88660
89293
8341
99713
89126
80400
16852
59614
66195
99226
61039
80997
96451
30425
96119
31868
23029
32491
36792
94790
66552
59775
79650
65281
24939
30144
36756
72318
46869
7532
43689
11897
65312
91226
91981
14223
60736
48321
69543
98386
67711
52658
928
10719
19041
98750
19214
18299
8361
14229
57385
56281
71166
46790
66209
57879
72445
85077
25497
13408
44280
90687
99632
6762
75572
30817
43271
60336
60659
73960
54330
47850
71130
98956
53325
74887
66222
94164
45805
32583
38468
28937
25477
63202
52370
73064
45680
41475
59044
69354
67273
76103
75342
93432
39324
39496
14849
98241
12581
65106
88222
25933
18858
96118
57146
92611
44494
95753
29944
89984
42120
85944
20956
57279
69350
76716
43072
56558
7611
28086
65131
60762
69106
152
70762
42161
49463
64233
64220
79806
59523
23995
58273
5716
99992
66581
54302
83678
65127
7672
69753
78194
97948
99272
24742
59246
41674
99047
97034
5626
17436
8819
36389
22237
56275
85121
13609
67369
31562
32665
10707
46339
73205
84501
33501
86362
2880
15877
4398
93403
28653
20981
40544
64438
33420
86025
5193
49338
99849
89390
76140
89752
79628
47917
34773
79732
72846
55191
40523
79083
75374
34045
32711
40960
57914
81876
51905
17035
71677
57443
33414
32986
21702
99709
10079
96499
25159
9402
66823
27410
27609
84650
82273
45949
22562
18529
25553
41000
54684
74511
49773
17701
97076
85426
38716
4889
43878
57483
59745
70187
92500
24011
44972
61769
32718
2490
5892
86195
84414
94086
2877
9273
14720
99426
25917
95639
65682
24063
34031
83668
7525
49330
83881
66240
73563
70927
85210
2389
66111
88778
81806
68610
80673
78294
59208
55832
9931
60903
8545
34907
13248
69740
11186
27067
83627
73268
95603
45223
92975
94452
3107
68937
95667
73287
1400
92032
2577
27139
41029
60832
57420
34812
71453
82600
9477
87002
20254
35260
2989
15393
79212
71985
57999
51381
96258
71029
19117
29235
76819
70197
98677
68329
84264
71207
32414
80343
10676
71733
33962
93555
65210
62831
9887
82239
13286
74243
80639
58669
57201
9982
45242
56541
35773
53899
41407
53420
94960
5134
66132
9731
16254
20152
80196
19506
58436
41779
60600
61219
4666
66050
20965
38598
26936
96099
5877
80586
26438
97470
27505
1829
42563
82240
14129
16594
85353
79096
59376
84071
66368
81618
7725
90574
57569
94367
88405
62582
4536
4640
91562
77203
82800
19283
56272
27898
74048
24515
54624
76174
63333
62479
61477
55610
38883
63486
21758
60295
47141
21993
57261
94770
32166
70534
68051
91748
42031
60
95342
29513
42187
418
78420
5812
13076
11477
25632
4513
14337
95285
89397
11249
76510
93547
92156
83682
59477
52742
86469
28433
99563
14759
97643
89964
60100
84981
32709
6938
78709
50057
49271
75309
36839
61293
58930
1534
64403
27082
46499
574
70178
85939
33904
17134
83949
78445
95973
75239
3058
27782
25313
15271
71225
34783
62745
98062
14648
62928
69297
27386
96089
78252
57949
29502
33120
78608
27990
18880
9857
67303
59652
5563
58279
48611
8192
9462
77838
14822
38599
7699
60749
27432
83581
86373
21011
25011
3947
43097
52365
76963
20344
78791
94396
8105
15480
82236
69816
42774
21133
20178
22776
9959
54218
57852
22793
86551
28942
15034
7171
37764
34482
36467
68758
61110
50880
4543
32498
55775
65395
35547
31754
38443
31579
33740
86883
85532
58265
20715
66872
20308
18932
83879
81911
29839
27372
29133
95687
19100
82915
78872
77244
53660
57935
66412
62827
42314
13666
20168
2264
4447
61078
58940
92148
53411
25438
57518
26941
96453
36653
29994
25841
63022
94559
74497
4146
23965
91213
5100
95821
71555
4168
60356
17017
69053
97458
95691
70675
27966
86375
68223
26562
85717
57102
26810
50200
31198
70386
89021
33071
87928
63637
55570
66716
23173
11456
21848
54030
64664
92345
91413
92781
16482
16761
8207
89862
31145
59524
69249
136
88561
51307
88036
1528
75022
59391
29327
76545
43587
77435
23177
49570
66119
84269
69412
18632
60327
11457
97037
38283
72016
33308
15291
43962
91440
14622
43963
14496
97641
35332
11344
96202
47140
93083
96875
1381
8084
20949
25404
20793
60560
525
54154
36136
66611
36412
82719
28195
76498
65868
38055
54235
68125
25598
45162
78579
72665
55701
20902
73386
59765
96592
75212
7591
51895
62654
58275
26896
60286
84998
30753
75715
85631
98301
66603
16387
16227
91894
68470
23881
55449
86125
72811
59406
93622
7758
58354
57402
62431
81765
87822
56787
64000
91986
83773
96576
59804
44426
82961
72434
14978
12416
45152
21284
79106
18847
82045
91320
25480
54092
88495
86746
94479
41013
36000
4529
81464
74469
11632
75228
66960
22848
16257
79885
34634
96720
97110
25643
67734
79830
99138
71915
76090
70294
10471
15403
88544
91828
23980
54197
59344
78668
89211
71080
49932
23320
31758
90813
72829
57562
3451
90369
5089
84584
8725
58601
73573
30170
22452
40252
73611
33323
11653
38184
3816
55924
93174
56733
59973
72590
61756
11967
76084
60998
24105
69433
53457
21716
95359
85476
37162
56405
72585
66862
7229
54987
27605
66310
4209
88262
72401
11407
69243
82305
56139
62684
83559
83004
58005
93606
57321
87845
43570
12387
41398
67708
53030
14774
90670
71705
17753
60428
54229
20633
20732
99780
30101
59935
65846
57606
77070
24509
41686
70159
18899
80305
4677
98350
92116
22006
6991
18083
7198
68672
82508
24979
7944
91929
26423
85897
14943
80885
22866
17888
57803
84386
26661
75014
59037
76382
14806
41630
47095
50892
61125
46573
67516
40369
65290
80272
93802
31682
77119
39169
98679
96642
11519
83940
10882
92972
26252
26979
87585
2876
36583
48947
63443
80452
98622
11964
56728
15552
70144
64346
6609
17706
41360
85552
62968
69594
34302
92078
29029
36009
5248
70812
32219
55826
40880
74605
25955
46257
71642
84922
29837
20504
71392
40934
53203
28592
85991
13013
44992
56866
4984
94031
26106
20755
61476
61625
7390
63480
87481
93429
68421
63404
16856
18852
8349
8785
12148
76805
22332
99566
11936
8618
88287
83449
56780
60048
40708
87959
73466
25854
34332
26565
63545
70970
53631
70619
10976
47269
43469
88793
52245
53331
75380
72501
28135
94576
81152
15260
399
61581
36830
4961
57463
26304
1862
34529
55713
53574
9430
45281
822
4316
24959
9981
43799
48593
81985
19965
25928
29313
65409
57556
39594
13999
46294
1843
75985
70727
5092
81890
84934
7120
64789
90080
11824
25264
27329
41510
61401
71917
92184
3345
55158
18897
36573
86640
31909
64468
58831
69118
18933
50671
46110
8563
95437
67075
4657
16531
25360
42509
92637
80731
33855
90549
76047
69859
85399
64203
30202
61437
85723
94931
70136
86270
28920
46542
58745
49499
25344
48786
77473
86411
633
44370
31969
49489
86244
47751
84790
44088
18567
64552
82341
88322
14255
95235
30269
32915
18747
28462
38932
20714
33013
60261
84947
26209
89026
26918
62267
11745
69255
62196
18303
51392
60923
4697
35790
13723
87364
84461
20403
79192
12997
38640
30694
93813
71813
83334
68213
23270
44013
536
14618
21970
48415
20057
3093
48299
99005
50130
61118
52652
95593
9583
86048
71729
8550
70293
83904
7400
89890
70879
23166
58688
93318
38957
27792
72976
70857
59436
35234
61673
66520
97898
31495
84015
28849
51655
41520
51104
56735
65310
62994
29049
12504
42935
98994
60066
36306
74270
47923
79144
23931
72653
64423
88893
51569
1866
32258
25202
78927
17891
52982
80861
82595
58148
87092
19550
81280
65655
2044
69538
79817
47740
63682
13077
95347
77288
84909
60745
85763
15771
1498
18746
3259
37417
82136
86115
49235
71337
88706
7764
94783
6274
3042
3938
64082
54023
89667
70286
44712
12029
55798
59002
86230
44241
43113
86545
71105
96691
81396
51910
31010
90116
45349
96837
54643
33822
85271
37278
13794
49286
26107
87254
95940
29236
9788
8982
17000
54399
14795
15056
63805
42539
26372
85933
72156
11368
36963
87831
11999
68099
8340
79490
14206
19737
69906
90920
89954
64711
23974
89271
75941
58997
19443
26874
22047
69969
70061
8448
72919
44678
17990
80356
93366
37054
26344
81678
92437
13991
54743
28597
7840
53448
93216
5135
68914
13920
44580
31384
71397
89362
94935
96513
7750
59697
9655
1963
295
78305
80337
61443
273
64379
73544
43168
39372
87976
10980
37763
50717
16697
46804
79132
96122
17416
81951
33014
11746
55215
63673
9529
58707
72953
37928
37883
54876
41202
3925
12091
60331
30618
25062
57524
80188
5890
36660
66470
71612
75308
7609
64524
91218
15014
22649
28030
87331
54564
59440
89528
90818
28145
75281
45924
16059
6866
2674
35192
31537
44329
44273
98934
73444
14019
13585
12704
2815
14160
23752
93585
7744
14141
60701
49163
2551
36863
2010
24893
66604
56916
96160
57209
10276
73258
81524
10708
33617
21788
48678
73519
83523
25459
27121
7518
66917
22568
22533
3027
40463
36004
12932
51052
25293
56988
49299
99766
99567
50644
38261
60262
97027
73612
57252
72099
13361
94397
66162
25447
73408
69652
59029
80163
20943
73014
13522
1496
24056
24507
67328
36311
11883
60381
44376
45588
58676
23683
45513
27379
70922
59985
51262
15588
49455
76453
95281
54680
87263
91067
52984
69629
57954
43998
26880
22391
74396
5399
40819
56926
1299
42660
64928
89325
91953
89813
19704
35639
97322
46708
7653
87808
20769
72490
33522
91734
35355
6286
17061
46049
35528
46666
72783
872
43971
39888
9579
70165
89883
39543
45795
23470
42860
5351
42995
7453
88914
71735
73712
2308
80876
85486
51466
5040
90803
54228
83095
65044
99446
21304
53624
14668
7023
84595
23816
14430
32282
83176
79362
14788
74600
5375
11451
68061
14781
35799
18198
73478
28510
96335
13161
50157
40506
42463
95540
62563
98436
20166
40998
66018
65328
74904
61995
81380
12319
80752
46454
12574
8209
35375
24775
52980
17655
73637
11314
2864
49552
51500
90711
18117
98457
4081
81760
60578
79504
55761
84612
5305
17453
89700
54937
91688
11291
89340
30646
53808
59140
93474
61448
62591
4846
94001
43957
40268
16447
83068
82272
92515
13748
97103
98122
71562
33204
33340
77022
68689
89190
59335
6803
23978
10933
60994
9715
35318
1753
49805
20522
72287
53107
16362
40612
27995
99150
18211
32198
30021
77853
97715
63854
39565
30802
52358
99027
33940
67673
85164
14824
87844
90457
95742
21073
23069
28896
60935
74372
40567
95140
87227
91561
9111
50851
73945
78485
69640
27519
94377
25537
77174
73511
11635
61086
1119
18288
82846
12436
6247
91199
82150
87947
4342
84977
60322
32502
5969
21425
64189
43110
39254
46493
80886
25152
68711
1458
83933
31807
85283
21860
28172
57030
20596
84090
73156
55104
38512
61910
76883
76638
22469
87711
87065
63908
97769
65417
26360
33205
80897
92862
23745
44912
61862
7871
6793
43370
73409
50893
20029
80114
21012
72713
27767
71297
77118
27626
74654
25266
8920
66216
92294
92969
79766
38024
58159
83484
53176
71157
54046
61208
41385
82169
67357
71941
99541
78533
3748
8441
71138
11561
99879
94341
31640
1657
5691
13139
26375
55055
46026
2854
66547
63271
43594
85440
92606
78998
97072
64058
22787
75031
42023
29176
573
22340
65771
47151
38234
2973
97626
92538
54072
63398
71359
66063
66824
27427
45462
63870
97725
49277
71197
13157
29448
40129
43272
78447
31512
42293
70628
66487
51763
30079
12
21003
63447
38904
77407
91017
82231
77637
90451
65258
3106
62511
58853
81584
73869
85064
13886
23819
11954
41801
45180
90071
66600
61029
73348
66294
50545
79388
96031
9926
70769
28170
25315
56172
55801
59206
54687
99810
91473
88284
26985
69729
77721
81715
27882
7754
69807
28726
77993
29937
39457
85797
39559
74645
85917
67853
85249
11095
35419
32244
82623
30530
68767
64937
69979
67184
25565
18893
30577
18133
74302
10878
71950
90894
77475
37005
90922
62720
70728
57816
3348
36931
15683
16858
44508
59300
18514
3481
84441
56628
43062
94798
20366
62901
88972
97307
92469
3277
15210
2911
50634
30089
80371
36260
1859
12078
75986
43686
82914
70611
59494
84014
20594
41780
74026
59666
74893
89843
31397
64951
40413
52633
98330
89816
38718
78818
69063
45608
14038
73923
30505
5632
7011
25768
60176
1556
838
69534
5095
63649
85718
68249
5166
61762
5209
93581
76019
99652
48823
30331
80401
96065
99062
84513
28316
90343
79589
72682
674
9328
86666
88038
82047
59738
73330
81832
97522
37657
85523
77223
93833
93519
33727
94223
53510
2991
61933
86138
19142
95084
70692
86087
92206
44167
57663
46824
5849
46208
97560
77232
58252
36685
77533
48470
67389
10616
62997
11317
40243
38462
22932
86485
8947
57688
44126
57187
22557
64974
55285
3163
13306
50769
81681
63405
85167
95780
75169
76734
40891
29596
42016
21037
22185
63915
95633
60016
11758
64475
89066
901
34484
11300
86385
37271
66999
55271
87114
65287
21255
1125
43223
80744
98321
7968
3528
92194
18327
71221
28562
5583
4347
70925
27180
35931
56150
51843
84605
37604
77749
93919
80288
97438
20651
72731
31923
74124
70264
80719
91390
20746
61917
80150
59064
64112
77139
36101
86736
3758
4395
7526
76885
3219
16147
60223
51704
36476
85630
52076
87029
2720
84118
91341
71140
33236
91110
48198
55054
24262
98775
93454
57281
45705
27124
42667
83571
23899
84743
82491
25791
14992
20446
21115
12169
19070
47778
40498
48266
65903
59857
49025
48795
55126
31157
89935
98925
30807
71964
79695
18371
83132
83085
68373
82288
10906
70792
43867
10927
78166
59050
73719
22836
5796
71549
8917
59405
57701
87221
54595
85777
3690
57257
1871
73241
91259
40804
61332
19688
81157
78376
80590
47521
63641
73076
6821
3618
360
77206
38432
3108
20742
75058
92602
10736
89548
47218
57453
48152
6919
17858
7981
81470
17604
22596
56349
1773
73722
63483
41239
20552
25434
65619
58325
61276
2996
36226
85316
61586
11610
14670
34653
46704
38838
67408
80428
82429
59496
53720
16965
55313
61453
38784
47422
11501
97792
45171
70966
84116
24443
74198
51453
27165
99271
12283
71125
88686
31614
98854
52536
34075
72534
62082
91409
4080
50639
57911
41647
69165
52389
6308
75522
19989
2891
51873
45273
57782
324
94881
93568
56071
63856
20836
80979
84325
42372
36458
65860
40208
33289
27365
1444
90045
47798
59917
33951
29546
32119
61775
10527
60772
57850
27570
99990
59977
44994
22367
77724
58016
27862
14374
46172
72772
17681
9733
19182
48447
64835
46281
57242
32141
63174
94607
96329
83229
74561
64442
90673
96964
82555
19726
52820
75647
32876
73211
31852
11086
1541
82937
86816
58789
82368
28381
69514
27112
76190
56538
43798
51656
33824
26760
9548
37086
90508
11396
69444
62157
41054
53640
19997
42602
86755
89539
7957
85011
2365
87783
99676
84206
81127
60097
89101
4114
8363
89572
62243
92645
44429
53141
26191
6314
3840
69985
26411
96560
62631
82659
79948
66724
24740
9649
29643
3558
2223
46245
55684
46434
70200
49788
19364
28617
56771
58312
91514
75620
88849
28886
55578
63422
35229
66474
27600
60105
88837
56871
16182
723
90213
2971
27795
32039
63198
17545
24916
2659
55262
10022
10143
97674
92429
24812
2643
73123
25587
44162
46328
61704
1888
30956
439
7845
17272
93518
4198
14773
51005
23007
12731
99481
22130
94968
72656
76670
33779
6297
76856
82222
11173
30573
60604
94949
66515
10486
4282
51954
70160
16312
82590
70331
476
93686
46401
95855
44042
63116
38649
71491
34629
4082
10109
90363
41945
35847
73302
97352
49466
65500
3430
15361
84468
85421
3478
93979
81782
82301
24792
1017
51916
19554
68183
52189
22255
11434
58630
80801
8370
85247
76040
10571
32910
10333
85726
37518
60163
83439
70894
64240
36551
8897
73313
80735
62027
79225
76865
10265
21931
7837
51237
54636
83321
22579
82456
87423
52934
43568
63127
16685
88000
97067
68922
4085
57371
70980
89546
29479
97180
96293
13040
43620
18985
71257
65943
99210
34359
26820
42695
47675
60439
90694
3961
54476
40618
92916
86544
15411
60047
78963
89894
5604
95325
91906
19791
7603
83217
29106
39070
88016
7397
24665
27340
67176
62365
52246
10894
9485
40362
86794
22837
4187
52133
15947
87233
85260
46692
30934
21277
65333
89377
70011
77861
67890
27670
4308
2047
7256
2073
85214
53180
70771
63986
25984
46088
76598
58584
68605
21722
74046
99357
81216
28301
36652
75441
7792
31005
6558
57877
40594
72282
51935
24117
48145
87382
6510
96417
94447
59774
18150
76858
86380
55116
10133
80292
66012
25953
96952
38621
62748
20558
11788
91960
64990
35067
63710
78086
70638
28118
15866
67852
98022
70828
78618
78603
10314
39014
86406
75202
42276
70262
11733
46463
78720
23423
1337
36926
94596
39972
13513
90940
7588
5736
40726
95621
68615
19555
98917
12015
68443
50963
96894
93287
45507
95144
74509
65010
77748
16823
24669
58718
4818
33592
96112
12806
44521
23424
37799
62487
96857
64641
16475
40096
88602
12216
56585
16973
87120
34270
45943
88469
68606
79054
90274
16777
16129
69429
92795
82631
16682
19777
59381
80694
5518
13502
14432
30164
84676
23665
37645
48938
91142
52268
63910
75046
24511
59196
78266
8691
56857
4427
84475
75806
84073
94759
8059
99996
55794
52922
33376
72741
64485
94682
61652
60938
69008
64083
50999
18153
91036
88739
31100
27522
68384
85161
90432
99147
71449
4019
2418
89096
92439
42040
4138
39794
15829
81647
26702
38335
15621
85404
44194
73662
72124
5741
29242
1586
41591
16514
73514
95289
4321
60979
11411
8561
9522
19583
58224
20449
70045
97246
65742
33650
97727
79030
83783
96388
97422
25888
20701
67446
29842
9660
11075
17206
10546
9228
49429
67519
81753
81691
79405
75489
53057
47224
9937
51483
74143
12681
94198
56703
53414
86348
78484
2633
73629
52243
13925
64079
89875
92780
36485
48993
619
15541
69356
89061
39486
31050
82649
6785
12063
3373
52827
23587
73305
74077
80497
57120
74772
68500
50529
93357
62726
13534
41734
69545
16508
16948
1033
75845
21678
13569
33931
18495
79391
78983
46531
64470
71526
68467
49029
58941
10609
1474
87074
5511
67252
10274
43804
33315
1005
43917
31944
90627
44198
59785
45219
49757
93816
38546
79947
89719
28248
65662
62491
73242
45502
70107
67831
77852
6377
52937
41832
79031
59055
58635
38418
34510
47968
96587
16072
24125
12278
9140
95720
41809
67697
34003
96566
43135
84865
41878
30582
90658
81024
845
18684
21090
72755
67774
15037
8743
51549
47291
11709
86957
75491
88309
35219
8156
60742
75174
39212
22941
12239
43973
6632
648
21272
77984
22421
69578
7988
68186
69207
78741
2225
64907
69341
68576
54241
76005
83697
93292
32619
8110
47073
77855
37359
51743
68074
47221
512
56440
76879
95045
9156
80622
67548
50763
17542
99873
10735
1347
80418
16758
40794
45965
8597
88106
2007
96639
19166
67553
67222
10615
70442
92663
66904
19388
90315
50909
7662
83998
15006
1294
88842
98898
69672
67834
78796
30361
63478
87757
87886
61906
68851
60953
30993
18416
60013
83429
6504
70714
49594
68547
60433
84663
24459
78527
94700
48969
28625
31415
93457
6050
47506
4384
77659
93042
84684
43233
52036
17760
27088
17488
6207
68013
82459
10611
19210
56179
45915
55882
94899
44520
32826
89090
75360
43847
94888
45682
24662
38556
3858
81401
96508
63848
87606
74025
16400
65185
83294
63802
86861
89769
73428
90303
53688
7683
17145
49392
36269
71870
83808
94465
63330
50514
47627
32229
90033
48799
20083
11425
85407
57755
42614
51212
77815
71345
71227
25608
14195
81672
68100
74020
22873
13424
30436
49927
50832
13847
44411
55632
23973
59817
11820
67067
82458
23923
61159
23566
93369
79853
72982
15902
4740
75223
26783
50921
28009
98193
91193
71461
26534
59974
42531
50131
76334
30558
64149
6635
18350
83520
82063
84004
44445
9128
88112
25492
21779
6852
9639
29888
85284
5313
82038
85057
25343
8629
49655
66124
52330
22393
44288
21424
67795
37715
18550
31046
32835
1722
47874
59016
69309
20300
81139
72615
66065
90098
81964
44011
83314
93853
78952
72403
14617
39925
12779
84276
48381
19280
23059
98116
41911
63320
46124
55537
40952
84523
91642
98709
62299
55446
15192
53949
4527
60357
23182
70814
92446
23479
28842
4269
60599
40654
93849
74949
73528
44442
72286
5754
66004
54073
49320
24139
93350
36250
96069
40919
89349
21618
99406
30510
75574
6595
62414
50939
62515
10910
14343
31560
10319
38422
75743
83632
70073
40656
79323
49984
43375
87464
35503
24672
31998
82819
68403
73400
943
3741
80491
65453
39432
70118
79879
27816
34964
69324
64491
80589
10960
68938
67368
74257
28699
66326
54674
19444
80286
28629
65905
32217
72271
96867
68221
76377
49960
72426
71520
8150
59650
44409
32400
26012
60556
36897
92079
77571
10539
127
78669
60883
58071
119
90652
859
84445
58271
94386
86575
7801
84578
38087
46129
94077
54061
70235
22696
74134
4560
31649
69013
40591
27994
3631
80599
88755
6132
73711
97526
6909
94166
73847
22581
67
26024
91258
93163
97609
15631
40110
93573
32511
64375
88907
15707
55447
17582
59601
56980
70713
6628
96001
41434
81772
37126
51040
17506
78272
15515
58389
62553
94670
36599
98202
54131
5297
18728
10742
13636
8519
74953
48579
96634
94986
99416
37839
13089
5447
72223
53527
57467
58713
80108
37769
2321
38146
60058
36254
34767
96143
24751
22945
51407
3663
9108
43965
68555
40517
60417
92550
44626
75444
7619
88571
95462
75867
40375
71077
98954
55061
7232
47051
93564
70145
28650
40024
54893
2727
2105
98974
50584
73390
13729
99397
92423
37298
38404
6265
20622
36541
48133
94090
92157
54437
34957
57016
82226
74663
57799
16576
74058
28593
13369
83101
78200
68992
20573
84377
53997
22199
64558
66564
8220
67473
70881
76642
44587
23778
76307
14334
57992
86075
37502
24030
68386
31285
69218
49195
22363
2411
43451
40005
75241
5743
73345
89131
40850
12255
95445
8229
12050
52101
70192
49662
81819
30132
67980
92609
79632
20797
67604
53863
60072
98358
38818
86953
54547
77952
61131
24332
65552
75150
76059
87404
14596
63181
72840
44149
95196
66558
86699
28536
19957
17864
82054
99035
10397
71224
85967
96325
67992
88318
27015
89716
82425
7019
25970
95368
57108
90113
56890
94666
73379
4968
70933
1811
96578
7081
75490
33212
73432
98643
85984
93359
96458
27520
71237
94842
51876
90699
44904
49810
7385
16384
26298
28487
98042
23041
57813
51085
95926
47875
58125
99727
98578
336
71291
9977
61649
28686
49907
9397
17077
25473
74530
84424
38459
89080
95353
81481
70284
50406
36001
12621
48404
18235
34427
93766
37576
89790
7044
65810
24445
88252
49668
68740
53438
5087
99503
67063
38577
66613
63029
74651
56282
76143
95268
75704
62164
69070
58019
83715
58980
47099
63230
1394
51859
87181
41
83784
94678
16536
60283
87647
23868
22876
6065
48841
76205
71034
7472
29036
26257
90661
68190
19585
55566
53393
55450
57648
84477
82330
88676
98173
48654
98014
90456
37455
28836
23091
60185
61065
77498
65957
61227
54037
21316
70124
55187
98982
46953
54358
82270
43251
88840
2042
34214
71432
37495
6229
93356
92360
14710
88178
46734
12271
19778
39547
53996
54043
85995
60304
91669
46226
48956
47952
15319
18188
18387
52462
15797
84230
31143
99041
42790
72328
77351
61200
75663
96352
73053
3230
97264
3674
55528
76421
31256
81510
31533
34091
15791
32042
98696
28679
42696
50684
98075
65264
83425
52509
26233
8094
22508
34140
11154
60348
93388
91072
51901
64496
49898
87329
82904
42558
37567
16418
28367
29504
31583
71875
19030
74586
19016
58041
33127
32000
93478
57540
91337
2636
89827
30857
36762
17919
65000
35736
79335
403
47267
87905
42736
18492
70123
73328
23314
10660
19045
50959
48301
6720
60323
71294
33280
28178
62015
76011
42294
55364
80634
75227
47991
86607
2731
26883
62852
73204
5589
26796
57171
32438
56427
10197
23855
65951
16986
95429
25617
4689
90357
54398
90013
82515
3863
27746
82634
92897
84148
64301
92633
24232
13973
78965
48899
43423
44248
46668
38049
21981
41260
31323
82496
77502
32557
73402
25694
34947
13397
90202
63820
73010
54682
53998
59345
15138
29702
33176
34582
86722
55953
48217
49421
75352
60182
83478
24421
83454
95928
88711
77392
14876
63877
17491
48456
90758
11689
9213
2640
31238
11021
23088
76071
59478
77811
16309
20294
56237
30475
37165
45541
30074
48348
76911
34669
77990
67296
84756
97362
97656
43139
43945
17754
99193
63632
21328
71126
44778
78341
95860
54364
6850
56419
24521
27812
93206
34979
27878
82759
78441
17898
14251
36780
96299
63970
15958
43616
34673
70000
36844
21256
77064
88518
67561
99928
16292
89309
72310
97234
3710
60626
51829
80712
33785
83312
73382
75298
32863
64213
3269
5125
51449
85885
84047
48601
18110
10895
27253
29554
79136
7509
24118
97077
80336
23568
63135
62369
18102
62251
61028
47244
73512
62896
6668
6395
58765
80555
35634
15529
38615
18125
37972
79062
22993
99448
43774
24801
71907
35870
51998
36564
70837
57861
75161
76437
88011
46727
28391
17930
95452
2302
50215
46340
56574
67635
29967
59312
27591
74724
2427
41408
50082
83786
95879
19250
33687
59911
3062
21376
59733
31020
82570
69539
85037
92457
53472
21761
29719
8631
75860
49644
35421
61468
59230
77977
12393
19352
65707
89226
58445
43865
31465
58042
31400
99346
76988
42493
15957
43191
87559
51890
952
83479
31648
22474
31272
80597
58766
19499
63240
18162
4924
60483
80581
19845
82472
12006
27511
2045
4063
48066
82285
91231
48464
20860
18185
20582
42461
77496
39045
11505
59945
45160
85901
58526
81651
81922
34306
30059
59387
29734
20532
61556
5148
70509
51054
7659
3201
83142
11759
3920
97970
98895
82979
14851
46772
66571
93327
66657
62524
70957
52092
50214
64160
53445
17740
90270
71030
24675
73245
7641
58306
60781
94655
13061
70651
67332
5526
79347
81318
52283
25916
83510
77917
10430
13299
44485
1893
97133
58758
10402
88871
12356
61435
81913
65125
62611
51894
9543
99706
70941
62923
61746
91798
65414
94940
86483
55985
21301
56307
51278
8848
59623
61583
32109
8853
59129
67172
95546
59251
58869
5311
94130
88622
29189
23400
67461
99699
47160
83388
91949
62227
53304
28007
86055
99395
36526
39727
994
44155
80696
46709
66188
41249
72015
8484
51612
79891
55849
45092
51959
32652
19257
23747
19713
38003
99824
99720
40597
26824
76473
86936
18671
25255
67515
24986
37942
86027
31496
22495
46341
60355
71290
95605
4172
16905
77151
14519
6885
18744
21421
51464
79812
11180
25903
46970
82322
76641
98490
86512
6890
61666
11188
37950
83960
39093
11724
78096
30062
9751
84753
84282
76241
33235
42061
88950
24618
29782
9739
87305
6641
64587
68843
31393
11231
47803
59802
54334
28369
43312
59724
51728
58380
48643
12508
98191
69290
65355
50795
63600
69904
79579
43284
9929
59507
57063
52595
9319
6321
56904
15077
47220
67235
67374
72527
23089
39514
56123
70261
50515
11869
79340
74748
45642
55164
10628
68438
93989
82143
8119
79827
59137
21039
61267
84826
42026
19233
59469
8856
12156
31493
53595
775
51752
7593
44945
72267
48465
17060
65637
70333
60371
604
96347
19891
33079
90757
93787
44906
74789
69373
24017
718
32388
5140
70254
79276
81384
23529
20696
61387
69563
97125
95407
45886
98151
217
35979
5992
35264
47842
3001
15344
39951
16459
79756
55758
61665
64598
33326
15963
90966
70990
15660
34847
70570
77586
26591
61736
83214
1189
75386
63813
85027
42952
819
27842
28163
18478
48195
62347
45237
8859
15734
2524
88421
5542
9446
91001
42680
69659
5276
57628
62269
73717
95089
78984
39702
67863
99518
26788
88191
35504
33058
28892
83911
73680
78027
26522
72266
11618
54799
60239
55418
48946
79234
50487
53724
95552
2753
94243
25426
97101
33107
22203
33380
52456
5678
77341
88432
38506
54760
61975
60457
25339
34369
68682
14272
16588
91614
57534
75700
11146
20684
26389
20329
76104
50164
93314
60694
41023
23563
59573
90471
64306
31172
82484
45763
34201
22804
18918
36020
65514
68671
86928
12275
99904
88371
71590
7423
53119
94876
801
46117
54597
1602
61161
27284
56607
21990
12199
64762
5909
90181
12196
19858
73060
24948
23234
50806
76461
64035
17830
97734
80465
86891
75449
92160
38528
37971
66083
82601
74031
28709
71848
78723
92719
60710
62005
99847
72773
78924
15025
32403
90280
43464
23263
32142
15321
8327
36972
92251
1289
38500
76901
60198
36771
30288
2034
18568
56706
41050
64028
39735
47691
89412
88120
67551
79263
6119
7334
61983
88798
43181
24249
66973
92818
22597
59228
24997
22750
37119
42669
95784
93052
92428
41527
28200
8755
67534
78263
72192
98920
35452
15263
6981
69097
30294
13503
90636
76589
21128
74191
12539
41528
2805
65413
91181
97767
38245
31515
19860
89906
3494
59237
73666
87611
33286
34054
8902
89347
69593
9727
3289
78060
54159
87814
92059
25002
89055
57548
18680
50555
83791
82870
91654
4147
2035
30497
6106
73777
26307
11668
99636
70672
74463
25580
4844
73961
20413
16582
35255
30729
83098
91948
33311
22324
88987
47557
2404
75111
85598
76944
60580
8127
60965
72285
42039
51256
74728
71489
26147
83566
47688
64457
59862
91964
13511
6360
30314
61601
80961
71299
80873
51302
47885
8674
53361
31191
70705
69293
31036
95017
4055
46994
37682
86267
74780
28255
84039
22107
9461
42195
12159
57403
34405
85132
70683
47998
83513
75925
78340
55615
37932
27526
15977
8223
6614
62020
72962
43735
40271
84432
36239
12610
20180
62372
23175
7818
52332
9245
41447
40351
16102
20844
57622
75453
56034
50866
18193
88017
14539
79609
52618
22554
4251
82470
98081
62963
75054
10974
97492
89248
18286
17863
19403
4931
74836
2572
78110
72038
79224
67674
93713
70019
35813
48499
74696
60429
67236
87550
89436
95335
70979
69107
89941
23109
54797
74557
15523
59456
72265
90494
98481
89127
45128
85597
1815
18440
2668
52669
97485
52435
58850
89391
80679
23199
87453
28497
88666
95307
1273
82662
65684
14764
19757
16080
72959
3325
86465
25281
68181
70824
65799
32621
45433
53922
64829
58661
60991
54939
15098
39453
43361
72245
61497
87652
15888
56443
82453
76876
3772
8258
49276
60963
36438
79851
39046
88156
67212
94033
23021
89930
73888
64739
4558
16765
96223
20966
71441
75255
49389
91393
88568
35902
33950
14681
77986
89367
68347
69983
34769
71231
27268
38317
51758
48569
57889
38659
90852
71620
72002
50617
13541
41059
58821
23230
97913
85839
84431
85649
36181
8371
74775
62875
32386
9534
83772
41320
37814
94121
25374
35554
93857
29011
35853
31222
98640
84655
89926
82069
87321
20013
50084
78142
82189
9143
8155
91667
6652
11797
40054
66679
95222
89880
60910
10029
75125
91074
73547
23372
64302
63416
3960
43483
89791
30341
36856
50653
84467
56800
4234
35804
96304
52848
25594
20598
54602
83310
24579
93105
57772
99905
55149
97296
14900
54413
65423
20579
15935
87946
28824
70048
55003
96472
48434
11303
98713
96541
14884
45143
57219
1856
96535
75184
76092
49160
4470
79651
86630
90217
60272
91934
39380
38496
60095
78051
56670
85674
34128
75207
82225
86372
50387
27439
74172
88998
61368
69511
92115
70821
59056
80718
82854
65686
60364
14898
21609
46697
43305
54002
79309
99716
14045
47083
83738
73217
59359
53122
42837
75556
80021
55680
36934
97887
77445
71399
59096
87069
63966
13583
99909
22598
12140
31748
63406
89037
33692
30516
71271
96312
4929
15657
25672
13548
26370
88300
28805
7907
14384
33428
98641
33098
65972
75021
63732
37676
64997
73699
52197
85185
66430
55353
68825
82613
58855
4412
38446
82680
84422
96341
39333
28411
53293
6863
8472
29732
47807
77794
64323
92728
76832
38706
5924
55859
8118
52604
60109
27780
41473
16634
76168
50233
16876
2500
78358
95217
40202
89544
86057
51099
81749
26398
69721
86572
15677
7053
33442
9246
96232
83540
86229
94100
50614
42719
46288
77956
11128
56803
16247
31430
90314
68640
73009
92166
83290
24454
46325
72175
61274
69123
49600
52016
77693
48785
9759
36080
61612
64568
16945
2723
76418
82677
7903
97533
43730
10862
30336
58754
62819
72436
5246
60596
74123
65060
86675
62528
80643
28748
5422
41375
51578
28904
32806
25108
9934
61668
82375
30659
47818
95613
24430
87165
65336
66828
44452
86821
31463
18600
46532
57962
47886
10542
43578
92595
27106
23906
7692
79467
49720
86624
9542
33110
81884
37291
92947
10955
6524
63812
13217
7277
85622
39244
28670
56026
11058
30217
13120
14663
81393
9232
54314
57876
49941
81520
1979
99696
74136
19937
44932
83948
52679
70052
70838
30166
28453
7243
14304
80360
78229
37593
24706
6047
74030
96274
97612
90249
94417
43016
25161
39320
29506
84512
16464
69323
29227
39906
6655
71109
45578
43889
30312
23802
37490
19181
72450
94330
57905
45635
70736
3469
66234
97436
16060
43650
56565
3993
14043
8257
6664
78970
81350
45637
62882
1522
72660
16335
54281
34554
92971
43244
74195
7740
86878
148
96989
77195
97293
73725
58213
40946
22819
1940
92093
67307
71487
43082
65744
22410
92945
65910
90979
94866
42797
90452
41203
21087
56395
33973
17686
28305
8145
43941
35335
60658
21668
90124
10003
31288
57894
38936
57095
76226
78169
70498
40412
43052
26262
14325
30645
44683
68977
2355
86504
58914
13151
83870
3933
93757
41469
60349
4220
88721
37794
52602
65243
93814
56783
37460
67893
68288
96108
93920
5112
20226
99140
67087
19059
66167
51081
58152
36782
13668
55070
57544
79722
60808
81810
17053
38088
40900
36339
62584
44203
61277
62939
71625
70473
14605
76324
78893
18618
95401
81712
56340
69494
14296
69463
85022
25738
32541
49141
41468
68688
42573
21610
15639
48272
12143
63685
53193
56246
53887
13624
54051
81775
8201
39863
14386
10640
95661
57317
44803
58557
7083
15212
91083
69126
59063
75083
75244
19780
18942
47529
95565
82443
92263
32136
45722
91735
22344
8436
49963
34738
13954
8399
96829
75176
80358
84864
87754
28349
62656
2887
20962
81208
45993