34053
40474
14057
50234
81145
4898
19678
10096
66624
69714
50913
56609
26590
89509
39441
95933
30008
63256
33819
51557
6120
58126
5222
58790
76915
83126
27963
74350
32869
7253
63736
10362
67681
28389
43217
85141
15051
49412
38554
84121
66615
15692
34774
46808
13398
62366
71459
33918
31177
7018
97160
84155
85999
13356
26330
74012
59239
5001
28496
90125
11637
63719
2190
29796
16380
54690
4073
16731
72691
66890
97187
59204
75877
57222
74397
49857
61421
32237
91398
28874
94773
28157
4348
82671
75729
43224
61061
2140
43315
97126
74533
4638
4611
96531
9450
23324
63952
57301
25802
52660
95789
25957
55094
63956
24089
90048
1796
72382
40691
6657
56732
53664
5409
34223
34103
71913
11728
25145
36218
77823
46430
53334
66989
41816
26951
90614
28713
71769
51646
32328
31155
51290
75839
14478
84519
7026
96356
83555
66719
69854
5302
54060
16315
18277
37687
65147
81525
87863
59772
52596
20341
89478
35231
57555
58052
21275
35921
31577
44786
63753
80994
32187
43749
73203
31318
68234
31132
63237
45117
55332
47782
87167
7917
46945
36177
35802
29981
6701
73610
94023
43065
76225
60454
51317
35201
24642
30493
12631
14854
55434
66453
32420
37286
42450
97093
26797
10909
85299
59747
89088
21567
87595
43364
85096
47373
40981
9659
6663
85119
58099
53274
4169
30131
30001
98569
54726
42344
73994
56465
262
42859
46932
91219
39728
92502
95156
51387
39914
17421
56457
76425
26916
52017
23096
38670
24935
42048
56588
36233
54606
75659
79748
45709
10592
6768
90995
51806
1705
65996
71467
22801
97545
29271
49560
91504
27821
47254
74608
49666
74131
7570
66780
52260
76581
22782
99158
68853
35615
34867
45357
47115
17452
81882
53484
85223
69202
66039
19294
10875
95967
26350
36210
19570
96992
53888
11311
46047
27116
64199
71284
10699
87986
10818
49184
17765
32467
7933
34500
86288
29391
8944
61962
27012
893
1732
37959
89137
1061
35648
50109
35240
18291
27686
16625
44480
29475
3825
23985
21753
8656
13162
48665
40958
40360
53981
76390
13914
86525
51881
8279
40631
29331
13
76695
74777
46723
32310
21791
23357
74660
54100
70859
4649
81603
50001
23626
85228
57117
33826
8211
9706
41513
29307
98548
36648
73580
22454
684
22524
59634
5760
16687
42158
56393
61444
72708
49263
21082
27765
95061
31814
83916
95912
37428
13868
82227
36162
67294
66868
31759
79107
99260
66964
2052
13580
45325
18382
26388
18361
9705
44618
21303
60264
7248
6083
52629
30540
60623
87410
10311
55961
67311
7092
12055
38086
46565
40015
86080
46311
15103
33661
20430
30858
1362
48548
38928
34836
35899
79638
27064
9597
85419
59187
76577
78297
48022
43165
4155
24638
25474
84575
25988
69738
28561
20111
47715
45382
12090
59024
6874
16696
59035
54017
96846
46109
39837
7576
24455
54175
46444
82875
2276
13651
43855
11963
93684
23219
55676
67041
72810
38393
6532
36661
14552
11036
200
88449
533
88708
33604
66978
47712
87727
21897
70010
93456
3308
18793
69993
76458
7027
19524
16746
87531
55971
75533
64319
92964
23504
55030
98889
21367
18713
53097
62180
1632
69153
31867
72051
78197
58229
34163
39707
26046
49601
71066
11726
50834
85016
42642
20023
50246
32530
12137
82960
6964
58961
80353
51451
24982
93129
18024
65162
99250
56773
64142
95466
56152
17258
43020
30883
96244
27362
79146
15758
71410
93252
8293
73418
73971
58202
12765
46061
9976
22422
28479
3470
35289
66806
88461
22953
15187
28680
23163
74900
11699
3709
26780
91348
48608
68483
89754
65484
20206
30150
75881
63009
38206
5373
78854
79100
95708
9351
36761
49536
40043
58587
35416
74963
19795
22532
25363
33328
81342
42250
99429
83470
13074
93081
53575
97755
11321
76784
79296
48975
50458
85180
48554
42362
88504
10953
96958
99783
45948
57425
77642
47038
53239
74844
71096
42632
49935
17360
72341
32516
26762
49627
9340
27406
62309
62213
80966
43051
87542
36478
69041
27702
77767
83468
70378
20923
79108
25018
13567
77053
99826
94190
58674
89064
93735
42688
65446
27584
92856
16864
99178
57559
35807
79943
37426
78902
85444
77460
68132
94244
41903
59448
45607
98576
3060
42030
38322
72168
68441
50785
82881
40287
70876
91210
94349
5181
19304
489
59513
77623
62428
81335
96188
7149
92054
33660
7484
65122
50813
56823
66359
9049
9043
41358
77802
5472
33295
39364
55572
66161
66061
45320
50941
1333
63308
21427
80697
52490
45632
76064
87070
12096
92246
45011
45172
28029
44114
25511
21999
15080
14554
33452
45798
53592
5132
10089
70623
51586
55543
20086
76449
48936
17870
12639
37374
31689
99620
74496
94317
89389
86070
33130
71533
55923
61924
79568
47148
30610
28251
54253
97358
21262
31683
44954
77427
82291
15303
82843
86776
78100
94662
35299
7016
34909
22939
14470
28782
99240
49954
5319
20830
32203
57380
79829
79208
94565
45897
39235
9409
55514
17904
29246
41668
99662
49629
94282
8809
18953
50414
43245
11768
48687
79877
80128
36601
50561
20510
41724
76203
58494
92665
87791
60841
92888
59869
56734
18034
62191
68504
1674
50279
85160
14126
31097
92336
26665
64992
7535
99880
74821
29629
48319
62270
18484
21432
43641
91883
53995
133
42548
50747
95132
99878
99160
96990
85806
54026
17050
51170
7892
99483
44290
1937
32607
20145
23609
68699
43386
70356
31922
23799
47374
94123
93980
8288
99445
71791
38608
40577
86798
9123
33499
32775
51652
71052
95668
14103
25362
11287
90041
33803
51469
32410
79471
64988
20258
32318
92520
45015
16522
18637
30593
78781
86425
17555
83610
48885
94362
19452
48648
61076
9734
25863
89498
10694
75088
4665
49700
65949
69722
42005
41321
92640
89772
26645
70180
34854
57162
6334
68505
83584
33171
47970
60813
77199
9767
31643
47653
56238
70205
98298
83737
4118
70608
47687
6412
22372
79621
66758
89382
52878
67578
48715
40814
67889
13262
57282
97667
31915
91494
32995
64659
43237
9495
73503
8049
58014
20845
33335
8790
37906
15903
23158
11900
14286
13436
1431
78900
30250
53355
22179
69822
3658
31991
83832
7971
49692
98932
3136
24687
3232
95003
23485
56653
46020
30732
95740
26122
5684
6469
93527
16146
78331
50726
85869
48955
42923
40712
82906
66881
60818
16808
65794
57341
19438
17825
93161
95183
76213
28747
78010
99242
47146
91762
41772
52449
99667
28545
53543
13180
29149
8883
5947
20286
28587
11339
29793
4215
97605
24621
55357
65856
7973
11848
68503
24679
85181
29619
15269
58660
14651
85285
48701
17011
10737
3627
11864
67043
2956
64946
26915
32316
24441
8831
74180
67414
99514
6419
2358
46897
12304
65779
49036
65892
87888
64154
15751
64271
4632
79355
43033
2180
63464
41294
33591
75901
24746
22212
50993
59499
23285
82721
24012
5048
21322
62292
69923
74492
58971
57783
80030
93151
92872
90182
16061
79980
97008
40095
68974
41561
6765
14236
63086
53259
14247
54397
65615
24704
29370
54851
28833
41179
36602
92052
42151
79582
39640
68173
78607
76512
43683
64825
9513
62718
30237
31696
40913
32601
57616
8334
42709
48335
81476
42929
6144
53075
31118
90573
38361
30345
39419
21815
52858
80326
99126
28756
21624
7420
74237
30629
47008
66463
36708
17473
31011
8802
29442
36703
15322
51746
42097
34249
32556
65857
80761
12489
51377
49575
25579
72211
66466
99032
10466
39965
8791
83849
98345
76039
97444
34802
74309
71699
62812
32061
99409
97284
27078
34549
67356
35925
60501
64644
57107
66316
30
46867
84765
51576
34764
25104
28249
4909
67268
10760
51761
39535
28656
72074
17749
26639
19297
75987
90147
71916
71108
75908
55508
27771
30965
25638
9574
86175
62636
34811
45154
29339
29579
73475
56816
85621
98968
46678
60077
74637
24834
37954
53875
87885
72126
35082
24574
17854
7245
57661
3321
28613
77115
79627
64766
77180
82745
67645
22460
24460
32701
49239
93135
66911
37171
98265
32156
42403
40036
97002
84474
4143
76651
61160
70610
24391
42521
29821
58113
61528
66087
83140
81937
22683
2622
66815
25624
23130
98486
83854
98024
28253
76884
97136
62266
55419
41058
60618
37193
20559
19267
12904
8582
88192
6440
70202
50885
23335
56356
17003
87459
83934
51921
11055
2756
98094
67993
32445
51508
69448
85134
79314
9475
91554
89986
72629
35050
48673
47193
94137
75137
97821
52412
22360
4589
40198
4255
10943
65475
34972
70311
54506
45955
43869
83677
3131
58444
77554
43750
98687
95313
1954
26928
17602
87234
99858
57937
7410
41514
43511
59667
65445
30053
51457
90773
74609
74160
99116
16600
544
74127
74265
21496
59677
234
50348
41836
30398
27108
37366
73282
99734
98463
22890
81158
20519
27845
64895
34184
495
14107
1065
13130
61977
83996
51413
30437
68362
61629
50384
10101
67651
49207
95632
70290
86496
77886
63665
51410
57432
92823
36088
83755
39501
44148
32027
3792
37257
14119
1162
87794
16105
98010
59841
60158
22523
38994
93803
37333
52804
86830
16138
94777
74379
41191
18677
90841
45139
49780
56355
70478
73736
85641
49527
12544
21449
4024
71955
67287
65739
8645
60648
67271
52760
43881
28608
67422
23829
9898
51541
87219
79583
17099
63018
68205
40161
57735
24714
72715
90781
33890
36074
4907
8415
39787
77596
55171
89521
67215
13919
30538
13841
66854
33862
52619
62972
34775
39134
36133
88870
36509
94189
88407
37456
74009
67254
49108
75299
89251
26943
89332
11927
22182
65045
14331
32946
92232
28529
79008
36644
8960
65961
6420
67619
49187
40041
43537
45845
99143
47106
1715
4985
48393
46947
53053
91137
42693
82349
11328
20139
87470
88750
88856
1576
91854
77229
99580
82942
59659
10752
17683
45968
77674
72561
44836
15270
25714
65845
14102
37120
32810
68156
36140
42164
68599
19197
46067
38526
67008
4823
1988
36090
24400
40035
27513
80316
82445
2286
62512
21451
60739
10351
6369
65061
84114
73984
33391
51749
24044
3893
90987
98478
37835
99979
55764
93049
57899
90651
48859
9142
90275
7108
37391
93102
45920
92271
87523
4329
27162
30850
25942
92272
79690
11131
22639
41580
68513
12634
83740
8748
27602
51075
98774
82876
86292
28136
98391
23070
27099
72963
6344
24580
36406
16896
55796
38351
12832
76410
42873
4337
61928
98525
88768
44631
10925
47522
57026
69080
15097
32371
77545
39632
47491
4046
23411
6728
31061
97402
71516
42898
47120
28020
60581
79495
39059
92961
53802
1540
34786
31737
30186
40684
25369
33608
77109
10891
10564
62927
69174
11048
92467
76333
13315
95137
47530
7773
52967
54765
38829
39405
81664
96991
16150
23413
37459
4703
54520
39571
15013
55213
27559
42375
8752
54510
42033
68076
24145
32573
46078
96480
19097
85425
87614
86051
5481
91860
39804
31343
3283
10137
91651
12266
94913
35072
26602
21599
95793
69186
57828
53278
7467
84378
73679
43950
26607
32082
69657
22988
68164
15997
40920
38539
50691
96076
53456
98013
39558
17422
79616
70360
52228
73271
9449
23273
19959
59034
27984
65343
2307
37380
32587
67031
47690
54117
47350
42003
94691
91411
67782
41504
16784
83725
36282
36244
12224
90411
40415
73361
92051
64918
8485
42420
45476
40923
72676
83263
27681
69282
22775
29303
18462
85473
25389
52194
34228
95192
42386
48090
63460
41802
14403
48621
68925
85055
42397
47004
28185
34807
34666
90547
41901
17534
38809
32137
63514
58253
3260
14215
62388
48483
50672
70414
23617
40050
93878
73101
36190
92165
93195
87642
86184
31446
24116
95648
35023
59789
97197
8039
75256
72330
67105
90153
77198
18214
19383
87042
40106
42441
99258
5385
64994
59193
71684
29196
93373
78582
61881
71945
29393
41265
17808
20642
87503
5872
75766
57981
96521
48178
68643
19146
28008
11065
84405
42168
62038
90255
55736
60746
22971
61295
38453
45576
37690
7946
65006
84244
24478
29524
24244
70093
87767
44296
48697
91459
86277
49410
37752
94642
14084
22954
31204
24952
62323
27579
17536
14683
90185
71175
78531
37544
76592
81275
96488
41097
26225
58978
98664
59737
92397
29906
86318
25467
77532
2379
31208
91552
41244
75113
90761
29299
82684
80322
54764
47873
93947
9433
29469
80101
20136
52471
80777
40199
76897
97540
49871
50548
15873
80690
78719
25717
18436
33799
46732
69820
56896
38757
59533
27399
38312
57264
70848
84043
95306
26838
38624
54322
62250
91414
28544
29706
19870
69705
5917
15762
37134
70211
40411
13170
49729
26942
65089
94928
2856
33056
40813
13981
44372
95625
7950
46024
57129
61158
6474
15939
11596
50669
21189
12041
62198
29328
78278
35791
53209
27293
84225
31034
65455
46550
162
89039
52432
3587
22734
77388
99123
26808
31376
239
25639
58235
47260
57426
60376
11027
19023
96813
23359
43484
44051
20081
54755
26598
60971
98453
10281
93513
44063
93939
40344
13536
65848
14312
12872
60667
71191
81231
64078
53486
62778
34122
12901
32624
57819
70055
25231
67625
33595
38242
65028
84560
2762
80814
93463
3484
96880
19192
46233
65387
1
81781
18521
33434
76423
56190
63513
49916
13672
70810
93856
61434
4010
1399
79939
50432
35017
70067
67829
25937
15798
95966
7134
61079
76630
14010
48088
61712
28595
93498
10331
88097
17097
55656
30048
37311
26134
92311
17293
95480
96205
60033
79752
5268
9675
95194
21763
73042
38360
6154
40750
1605
32397
35834
9013
34240
38411
13575
73912
62689
11540
53168
6967
29743
38124
97524
10134
15048
58288
66432
90583
31437
17775
98331
48965
64581
70298
26168
40613
53910
75899
44043
63065
15414
19633
11643
79239
53972
70320
14027
80632
35121
46230
71763
91133
72926
860
14750
36848
39754
92948
38231
73526
63164
44988
56962
73774
7082
2754
71226
20022
44647
98312
22887
51468
59038
26413
15920
29591
23047
87297
24395
20318
29386
84353
23415
54649
26730
60384
60203
50942
27163
50000
31676
8112
38845
4250
73440
74054
48882
71104
73901
58637
44474
19543
88895
8987
84159
49161
45571
80327
53465
24376
63510
12123
53536
38580
34317
25798
67912
38667
18606
72817
74138
8876
91220
67438
93721
61198
9291
13036
96404
52029
76239
44491
41523
78831
12398
32124
36885
22925
6184
79551
14279
23092
64226
58361
36370
60875
46906
32025
61270
52273
36262
51460
14185
5792
6269
96396
83242
65078
73571
71496
2252
41466
925
90246
22725
30746
95352
77784
70133
50972
47407
99708
88900
28770
53313
65375
28578
91242
50646
12264
3934
93251
94224
83500
23004
17794
68784
62759
90495
7421
31365
60791
46238
3415
93485
32213
27215
17311
22468
22794
17159
16826
28243
43198
45592
27045
24853
61616
98402
65141
12698
55885
29020
27001
25223
67277
36152
20428
28591
6239
71219
41373
3303
76299
58314
82034
19531
77030
66748
26271
16942
19436
6135
84682
92634
66271
61820
59970
11654
4060
2688
7378
63936
26932
21356
30465
29021
1131
7010
10669
14789
77381
45822
55938
68869
21583
82536
17720
96398
98362
98751
86022
419
42254
74480
6241
71990
37176
42701
84102
67552
67541
92407
16692
47826
63855
34174
93516
19904
11647
31047
52684
27562
25772
21643
39249
88615
66272
92152
38152
15520
3328
43430
76845
38691
24099
42056
18320
13873
6193
32745
21889
84339
67655
23960
41112
31595
98145
938
59620
78042
86376
83224
97329
42288
67886
85771
72006
20822
5652
31242
22413
83038
28539
92657
28105
86124
81153
44276
12810
75065
28334
71086
46458
27666
6095
63969
21224
98366
35509
20441
85204
81387
68344
48054
47897
92046
9774
95165
88948
28484
69441
28885
11678
40574
10010
35552
72102
32057
51034
54845
27095
62278
43679
85762
36694
34855
56797
26321
25777
58287
39476
1743
45157
81956
76983
15259
28519
10567
16855
15794
15719
29671
11817
17371
6508
36749
40541
57368
36153
5391
34230
31488
14095
52611
15630
45463
81646
54967
97070
29187
32292
88654
13768
97622
67950
76613
45292
46890
66937
20756
53160
12713
59551
55879
53672
10175
70919
32266
61799
32495
46579
81288
19838
65493
9248
63530
87409
58927
59012
81440
97652
12474
32446
87632
32515
71689
87682
866
89050
41250
76503
45723
55327
24554
22582
56101
30467
97518
76796
20680
58006
183
74348
48927
74287
62001
33245
83128
10082
32620
89688
70654
46198
50309
98129
16545
17469
56219
41464
65758
99865
65036
42312
43844
72337
25658
39576
14246
20909
56487
50974
58866
67958
27678
65700
93762
17641
67116
40611
48271
23097
47866
31837
29753
44086
19451
27687
17855
92871
33445
15890
62395
19235
97316
63083
78389
77552
34539
25414
34579
96715
61415
24361
22432
84632
59275
17472
23113
63053
81105
75032
98224
80921
66413
9206
85816
18093
97388
84724
9037
73991
41768
47125
77325
39587
87616
2795
32959
57205
25986
26772
18617
97138
11320
8736
19034
59068
39183
35477
58860
82543
30285
97267
64336
33373
81600
22957
74340
36219
96397
93738
34997
82295
27289
30072
17657
75660
98387
88054
74132
35822
41291
98101
63297
41990
46624
99610
26031
59455
46690
43031
84999
1216
12644
33302
27811
83698
50137
1137
16725
25932
74512
90859
95918
7909
10116
70381
26352
91603
46425
25274
24947
24371
51321
86998
96132
23349
75317
91024
10233
66053
60675
4457
15154
27629
65042
49827
40909
12567
49118
16467
95890
52373
49234
86413
28345
16130
6506
50285
58915
75957
43949
74514
43030
52295
45030
34463
92418
32122
23406
47975
92697
29096
67155
62464
66742
74969
87802
82500
44026
47214
95589
25929
37448
32427
72448
23902
12466
53876
61584
74684
15106
55948
81901
56986
32589
45994
24334
32037
76556
75079
19143
72625
58939
76452
77094
72281
77481
40184
84778
30827
97702
93112
39680
31405
82787
14624
27283
61226
50740
60664
56316
18630
51564
31607
36760
76822
91470
72528
34376
43984
40678
92866
89337
48075
5363
64924
62592
62326
38083
37663
76546
81716
33546
61606
11099
62999
54675
39796
23808
51337
69296
27658
92616
58735
76254
16166
69076
43257
12428
75457
16171
88835
37647
29497
95644
80977
82706
39120
7187
87785
79734
53702
8198
77440
39483
44456
35592
28741
41578
81764
16547
91714
23771
25452
40388
26521
97079
76096
53283
24737
47279
69750
89859
23830
32197
12826
66841
4920
99007
30820
11867
9729
23381
22944
27856
92564
4032
36504
64912
24423
64989
58137
7969
39002
38894
81833
87112
98681
67898
96062
26158
7077
59663
66512
33296
43852
93054
63126
80263
92433
2922
48522
36996
9795
10734
19736
53625
7205
1946
56228
34460
83399
28761
24018
84689
87412
25254
63124
75730
99732
30986
16349
56924
14371
70434
2574
87574
28365
73212
60864
64456
35549
26469
59201
58463
98872
28514
18641
25649
77099
17438
31931
42668
33980
71615
75598
8593
10476
25837
52737
9860
97523
34487
81324
11813
48106
65968
17158
32160
40743
25589
52138
67205
55900
61473
78631
39822
85623
70199
6950
56680
80235
23364
3803
25799
87665
7955
92836
68394
83172
2287
40676
18951
61976
39384
69755
13734
89270
30950
99618
47304
64715
23691
18639
20838
7226
24317
73155
67779
54581
68951
44390
30731
41192
16540
57669
27688
21757
45182
72167
67383
27861
15676
2542
97263
75203
85067
50944
2454
14049
86636
69890
36129
98309
36729
14521
48027
54258
37677
40081
88752
39160
69471
91890
5510
2207
17901
2123
18409
42387
68613
91244
62248
12177
24720
67704
76177
30876
11681
36045
950
18309
20059
59301
61100
76209
86842
16975
77055
60558
85760
73238
2172
81236
54103
31636
76483
44862
49008
12136
96807
91319
25095
23695
23294
96176
1456
7716
8783
50521
46752
1929
15315
12614
505
10758
44608
7211
26885
67931
26559
60151
29255
47450
55510
87009
8003
26215
27000
24418
51356
56758
45999
27809
59764
35906
51556
94892
53481
34946
96668
19385
6181
26036
28538
27087
81484
69148
88450
62505
69553
31477
22530
60399
61402
14456
55740
25775
16679
42207
66866
76646
6702
22049
60380
54524
76623
46638
30903
16529
49764
60242
92277
31842
96820
18481
34085
56025
28234
8776
45106
38079
38950
23642
66536
61510
10830
16982
76565
6640
46575
23656
28332
4542
76476
62920
80691
95070
80615
95451
24077
68229
67587
78423
88094
29943
42637
13956
23994
40718
91285
71674
86905
64484
95575
66583
38051
21158
5418
27279
9317
3754
3995
46177
94120
6922
77276
93353
74624
53779
57510
11241
49158
24433
64546
33036
5163
46098
38650
10654
39376
9218
74394
49287
27697
49713
7734
85895
26693
27265
43582
58556
47204
71460
30134
35614
47410
24725
97055
13831
54786
20709
18290
83541
94537
67006
83690
63955
11904
4096
12606
60947
12899
39265
82834
72942
4997
202
75049
65064
77988
18091
16050
41713
44506
78013
43947
88076
73825
34177
41896
37573
26280
39711
86548
29002
85670
86459
18620
7866
49877
15278
40892
59740
31395
10725
61059
38107
95655
76218
36949
43453
62540
63542
80192
13676
86923
89148
41818
35722
76074
2590
81586
55743
62981
34012
85376
28451
10220
63849
36051
58304
11690
7321
60647
97786
52166
45121
62352
95161
92537
20935
84669
28721
22619
28604
92458
20410
48032
20682
64843
56779
12204
35973
25211
43526
31058
29253
25409
84277
13710
72073
44271
79922
56197
50546
53529
97955
93193
28077
23886
611
769
42577
61633
97216
78621
41051
46229
75546
81469
27378
37741
39874
11345
51526
89323
49247
78400
5499
36965
76474
41623
40626
61741
94462
27628
63549
8047
68486
44823
98284
73499
35057
54961
46996
61589
25020
16614
77184
78991
30519
60950
52959
70803
52714
65473
47226
66242
26870
80607
56254
94548
44351
60828
64604
51788
24790
64502
31791
53289
52398
24
93649
41855
6233
94614
71718
46674
76492
94812
26042
94912
67771
55596
66441
36079
80628
55092
23945
55788
94288
79643
87348
37116
41994
75456
10657
23457
15125
55293
18645
84748
76407
97934
16165
34803
76618
26969
29012
15286
75041
38944
90874
77222
59962
14827
87293
18200
76298
45966
86143
75727
60485
80675
79670
88886
64993
18326
38260
10262
31263
72213
67050
32362
46634
31618
11738
92777
28971
75047
43989
96651
56118
39257
10398
91433
43408
9619
94107
71061
21229
90811
54255
78352
25061
60549
70732
59557
69744
58748
92261
63492
28355
48380
92949
42074
15941
47889
31002
85258
16132
40394
19441
49231
44633
23936
54367
35972
34195
47211
9668
91370
48204
20228
81240
2082
24582
43694
80716
21980
52270
66
15867
95288
2595
58209
36892
43972
45555
42901
47579
16263
75809
24222
60314
69028
22732
39743
99052
10192
94767
73542
4544
29433
28740
60065
7346
12600
48377
91972
24482
33084
6164
14379
10379
31908
53358
44575
37768
56637
5167
22667
96559
30914
47194
77105
38170
82342
35030
62085
20137
77412
11553
53382
53666
50543
79358
64202
4058
50317
95543
30068
78910
81842
39379
25422
75673
47683
92313
79537
31525
50981
59773
1238
92139
738
6543
23633
67999
59995
9532
20253
17366
62501
55490
58778
40368
76674
49483
36527
99746
53116
65029
44377
77556
72906
60709
30788
45496
89591
97309
24588
84291
74422
26587
70365
71331
77519
71845
32899
38647
26696
82001
25005
79152
13132
49741
66448
21360
55699
46232
79929
67037
50897
68228
63675
41151
31500
76052
73224
26287
99808
98893
75871
89326
67596
24897
4213
63115
175
62932
28522
27390
54768
12991
49848
47282
58409
34245
52880
61748
98424
84776
37931
67499
58198
68597
22204
47928
70385
39898
83753
76551
60228
73451
97286
72762
17208
24487
68304
74378
23396
46108
60782
65520
71142
48922
22103
87847
68897
28500
22072
31369
55549
19254
74806
45974
51236
67573
91991
66496
4928
35092
49236
44316
37575
19612
1045
14051
24973
66665
46559
71756
17669
85824
4268
61149
75922
1855
18591
41579
19439
24846
99543
42855
66861
58608
68736
98840
26364
97437
70221
15063
48865
28788
78523
49487
24374
33853
91527
51043
24689
34542
2858
58680
50530
67798
99778
24356
95975
96638
28208
30414
82903
27617
4171
66400
28900
93399
52369
28448
49225
27808
50300
32260
43390
41873
16222
42143
88460
30708
40636
99591
94237
32719
35186
66532
20211
39507
13337
7381
68445
76653
44004
17310
82584
53618
40704
14538
20098
4461
42219
88827
33162
77590
90308
89179
20160
78238
48379
82648
89896
15745
10678
62733
38810
59694
39218
45504
80179
70014
34062
39786
96030
49828
25899
5920
96586
47365
31336
27873
68374
57338
19920
95989
11164
73148
97009
27213
1486
12104
94206
87304
81453
41814
5697
29145
2219
73091
48260
16929
88776
57177
87147
1105
24605
87116
87381
58851
10423
72899
8275
49240
63363
65073
75859
47835
76583
47504
43538
31178
80759
33283
56751
66022
33582
44017
76774
39864
12710
99889
6304
38061
17611
5898
88482
40719
26732
68022
18452
24617
37212
67612
8685
60206
1160
29195
57464
20702
93239
21139
11114
56492
90869
58501
10293
20266
14266
96370
36822
11859
18699
21095
5656
34262
29384
22433
31004
37314
54018
19950
36393
56635
56699
45565
79473
6988
70069
31783
63648
69661
12975
79249
62435
29238
17398
60860
30160
31173
99494
6357
80729
76877
56747
42804
34367
41328
5279
93769
15512
48340
21149
2458
25509
61370
67575
61265
6444
18971
38694
30380
21714
45318
47633
26974
38897
65474
46150
39714
53734
68625
66661
87122
81069
16265
10521
32434
80151
27153
64593
77124
53925
6203
57484
89565
1420
71089
55603
71744
58925
62627
8989
15329
11771
35664
818
43293
83455
55652
21901
88785
71074
74170
34121
98941
51528
87182
11348
54472
74454
28455
34220
67976
51386
73236
31959
35705
51861
32214
9635
5852
75695
53793
26021
57184
77508
42178
75135
62276
61289
39634
57130
70428
50337
76627
58021
28779
3613
49202
25487
99019
36317
34213
46376
46871
99496
51162
51403
66194
37550
38006
88772
63071
46210
17561
37992
84375
33618
54945
33068
28196
77181
40386
99594
29046
6075
73144
97081
19414
43202
69581
59018
33347
37014
24631
38327
4488
50677
62643
56731
43200
3533
55522
36910
87241
55486
4696
71844
60305
17997
78916
9490
9162
34926
71571
11979
76056
32657
91878
32580
24928
44925
56949
69815
64284
67903
35811
21072
78664
79380
37334
87057
14176
36824
48860
74757
33985
54439
17401
39226
43381
74799
88365
15738
94669
18456
7507
60977
30412
31600
9145
28882
57263
21132
93393
11393
99903
38661
93793
10445
77618
52584
83976
22141
18422
8828
90073
6009
82884
24190
43319
62134
93711
77241
71065
44584
44849
39593
19536
80148
29175
63130
2120
26265
85546
199
26646
14861
24420
46684
98735
57650
46975
66802
46496
5484
64774
74588
91904
83999
31833
13650
14664
66309
54698
50678
59092
28695
85938
40051
61594
46799
41966
5600
7804
11591
34894
83251
55254
14437
91666
87922
15371
91672
96998
78620
47319
88672
12947
18136
73470
10659
90739
13225
1830
74495
12397
26170
71254
6904
6165
74351
76126
93942
51350
34662
16157
88276
83130
19252
23106
26188
20990
38125
31481
25776
81445
7630
32179
80069
79575
80223
34970
46821
45850
6290
29383
15946
28094
80647
51021
92121
67335
4391
45319
82707
56575
9453
72442
69925
48742
56206
99132
94456
40881
3205
39940
47416
30306
21347
90506
15203
47392
74212
21712
16591
29405
21166
47913
39381
75631
13415
51388
72293
76494
82180
69997
54622
92035
56829
27650
50443
22375
19984
39617
2482
30888
38943
61551
21526
24283
16548
99685
11019
64010
99998
844
74854
91766
50708
30576
35493
40599
55698
1261
39458
17302
85400
86016
357
14257
70038
65678
25241
80925
54278
69135
63568
26608
70686
49919
91379
39168
54809
45552
60297
89745
64012
56147
28005
27080
37494
51092
56603
60928
76187
65782
72373
32280
13173
42241
96316
28787
38149
29358
14417
37772
21056
64377
69020
30113
46672
25258
65731
47841
62179
71773
37512
63754
17247
579
64596
28346
55397
99109
47435
76393
53229
25048
31407
40713
15892
55201
91186
21211
71507
58967
90310
94163
34632
17908
50320
92853
66104
44848
76010
22369
567
13889
42779
77677
81993
37579
42299
45409
69739
72599
14879
91691
50961
19575
38185
53401
14616
52896
42613
68157
45185
11462
27366
88581
608
26987
49847
40272
1678
25307
15651
73431
7785
25844
17243
40948
71797
17411
89977
30805
63426
55545
9928
84387
38501
55915
36744
59839
75758
8976
46766
2033
63487
84820
66490
4824
2459
31133
75327
51751
87396
41276
374
75869
85373
81538
29074
744
57375
59205
8716
46736
11444
13658
53208
33959
18683
79875
85966
91825
28471
14426
35654
54095
94786
7735
31901
61815
31756
86079
53211
88558
3231
29496
74342
11046
1508
62646
32325
36267
98819
93008
83713
80422
71042
40737
36225
49285
17879
29871
42024
12022
11850
31679
63965
32375
18603
85784
75190
42081
58681
95499
12856
85498
36921
31727
42974
76004
10831
74982
62815
83183
64060
69101
36984
52376
47462
45785
27618
10202
40870
40667
72377
74671
76457
63581
75231
49171
9902
47714
99376
30534
39061
34259
47175
14284
51875
5068
40571
90329
97087
88891
36733
21395
79244
39841
47112
29866
89085
25835
89985
26114
64092
16010
14073
68178
11667
70804
4959
96528
12977
93465
58131
20560
64219
20783
49215
14751
67245
50207
94321
14231
33351
43183
84218
9590
81688
49624
43006
27318
51282
5308
2461
30333
35114
67801
7561
9223
38901
95559
100000
91811
14711
39689
59555
27079
42371
85825
47035
65244
81654
16354
93322
50611
60049
65657
75592
32927
92547
77173
90193
70701
19518
4613
10506
48304
67855
6732
5569
94570
13492
13937
17786
81695
9354
26584
27333
88275
73175
7947
30251
21406
5006
57254
1439
75844
43588
21019
12345
50723
2626
70368
30887
75427
88770
59136
6040
77429
58786
49783
76973
19426
39001
23876
54916
72050
40623
6775
11693
69851
51555
34934
66656
39206
20108
5360
58295
41669
71119
95825
91717
94513
14610
33109
28326
32895
23016
68725
21400
71632
94760
15477
33648
81446
96435
33530
80786
23850
50491
23200
56730
15570
24348
60229
6070
88426
89001
57504
26347
55945
32996
10981
7885
34330
70564
64522
79410
35633
69550
23810
42470
47977
9293
25125
48647
42469
87988
9144
90491
30716
53587
72904
72239
49151
43428
90531
18571
25757
34030
16401
99512
13952
27897
49376
43817
55889
25098
50896
426
93082
63031
57228
77671
54956
44380
37700
18765
4233
55010
73275
79044
55005
62375
64725
7651
33752
41263
20546
8599
13378
56437
33984
30798
91694
40495
31851
68903
8452
36886
11044
94327
85908
68930
49759
40970
12180
69560
56264
47739
83781
34789
6889
61439
47378
70527
10222
6523
19881
3217
38793
75050
39877
10408
12590
86757
36593
86113
13320
41615
5374
62724
16912
25592
86882
1579
79754
64862
13570
9189
14481
68341
29729
36071
81258
9688
71864
8694
68638
44
31635
18489
20331
25950
13615
8521
1011
60266
23992
90727
4368
55838
40398
90004
50201
31229
59880
61342
64722
40103
68856
34552
16807
78304
70822
27970
34459
17326
10932
72081
23957
12516
33025
26868
32326
64521
80789
39490
17318
20142
72652
50782
54823
68028
40662
39035
40079
43250
46885
51772
32676
74032
62307
25574
76526
14612
77960
98843
77069
24295
26767
56592
31113
61262
69408
84109
97117
65239
13850
18097
35336
64328
74228
16609
88538
12843
9798
15327
1720
54294
72104
25745
69868
72308
53935
9251
30535
45164
18399
96206
35719
92426
42888
97494
16716
77256
35749
30303
59587
22928
41678
51419
53071
44404
98723
61508
89950
50751
50349
52353
28184
80332
93152
75524
34082
63091
42045
11965
82386
59751
52519
44312
71685
40983
24473
3890
45258
90031
26887
52919
51063
79480
52374
59636
43369
33489
49374
60577
8999
28615
34098
99532
18443
72078
16860
8394
2477
7450
92405
99120
98876
87884
13897
60639
31604
47927
53094
72787
5271
94387
33153
86958
72878
28424
57756
96157
47101
87689
93372
87354
50460
18956
37807
58317
37633
29380
18818
38977
60191
3172
35396
30937
18711
77017
9074
63803
71755
25940
10078
64588
89288
43188
63160
88515
78635
41432
99872
47087
92319
42854
31751
91105
88616
11105
20150
54502
37887
80138
84929
1188
40172
70036
16259
74224
10535
41998
95411
15217
20865
98702
42013
32889
87334
49808
69889
43106
32458
96956
27546
81820
68287
84818
66722
53315
92766
38668
7542
3850
43676
60515
85159
26137
90350
98006
5558
44094
12008
76391
69887
54892
33118
94707
82774
64683
98804
15790
53678
23421
12514
35872
22273
24359
52988
35948
87782
71000
83643
50635
78972
96035
65559
13385
19515
1916
49441
85428
42410
3068
67004
56754
40192
9088
97340
14405
73659
71935
97569
17865
83731
49553
16979
63334
51900
77156
41353
79596
2797
91101
72809
50249
69274
75926
16090
6480
81474
95581
33684
30363
27623
26878
44511
70550
32050
8722
87469
37535
67808
30944
69845
27735
82796
33529
4151
60190
14167
92852
72543
54754
3156
41837
70847
51106
71099
41939
66755
25703
53174
17152
83855
50322
75080
44983
99740
71012
8500
12030
72500
52198
85564
69899
94005
43738
30070
66427
44865
54282
52444
39604
95854
27054
29745
30556
92183
32729
75754
79995
29640
48342
71650
23671
15830
20459
63289
21333
38690
75889
50208
84671
35717
98882
5072
26557
21405
48378
95945
353
35377
78308
59106
29232
23039
42957
90502
13272
21819
20765
40479
98295
93575
1180
91251
27769
36486
59492
74432
97249
3326
97852
36585
27819
7325
90891
31874
49355
35674
99304
42845
40319
80060
87357
49790
22914
18967
71806
70436
60680
65172
26473
79448
36310
99350
73255
94737
25495
76553
36345
72831
13521
34088
74148
99841
45417
61003
86224
42982
91628
11204
63179
51175
55821
85029
56810
32125
45334
88746
94032
43142
9315
45013
59997
65963
39278
35478
83833
89241
3797
91899
55871
756
66883
46888
3077
69110
91058
18178
436
62441
65526
79274
68058
18467
74927
73933
97816
26129
64465
29461
16932
92999
8479
86116
16328
28490
17518
68450
29462
23938
33820
3477
78343
32314
85859
38431
80984
97159
46079
91188
83188
40305
65698
34841
52361
51987
32342
30405
65751
60394
760
91098
10511
3386
28528
53532
60716
45074
47902
86156
61105
97242
43036
17984
92674
96314
71454
94558
67386
57812
97743
46025
38306
59885
89145
32200
25655
44289
22224
12675
34037
52817
99631
76109
25778
50407
56877
41474
30930
28560
98413
78866
28153
44156
38158
22764
21792
82021
7099
95143
87766
37552
11232
26329
36591
40337
60479
99956
28181
98012
30504
8850
50983
25334
17384
70951
75089
29408
51152
34380
25999
79581
14873
54386
98790
99199
60475
54540
90712
11365
1817
73026
2242
8284
54788
48091
52491
42796
57134
56389
37159
69646
38425
60245
10433
22891
37920
94406
17613
9585
67153
34347
35753
81027
1204
93688
644
170
3306
56144
97406
86220
46498
96545
39007
31812
12732
66433
28999
10190
34298
6228
87969
97736
88378
82791
80232
68197
82206
48729
17715
92533
87
29946
9114
92543
85349
13038
83062
81029
28171
96713
68546
18415
71319
80392
10881
9966
3812
77231
27580
17182
44891
1667
67474
66141
73459
97152
45480
16313
905
37506
60159
13030
99046
21502
40573
33906
73062
67509
82718
44490
98849
59481
39839
28380
90422
11377
49544
25581
85295
53739
79255
49940
35364
13365
4644
71282
73080
63386
39733
57390
51272
44634
83110
66126
22310
46866
91573
63660
79209
90913
54761
24061
68279
51618
84224
67370
97058
65335
90909
70420
42365
85259
87926
87956
42137
51172
39097
12532
15457
78769
52087
55305
9560
38945
69616
86910
39473
62851
62889
57676
11118
63765
69961
76949
23351
27708
45618
67710
80859
88526
15265
66396
10047
47176
17443
31774
88625
16397
3935
71351
8346
6589
69535
66450
28182
46699
53654
30928
25416
66803
60175
49135
35997
28848
57823
80985
42155
83899
3908
34331
9445
75114
41177
58730
85795
68944
59070
67794
43488
53857
23120
4702
11018
37673
68072
51597
40898
50655
58540
5939
3099
28923
3038
36072
21291
59036
65251
78706
54925
60847
49398
82422
38211
54673
31053
3687
79654
81310
89722
56655
35004
47426
4548
51511
2056
33998
85208
26430
91633
73051
11997
97942
91383
27010
68290
55261
34102
47219
52777
42636
3751
2412
47281
65551
96284
2721
92588
45478
80754
30207
86709
25133
63096
88736
92462
57485
11935
60878
10320
22883
89575
66959
56411
50761
16569
34697
53032
69306
65528
48411
58842
6472
62190
49179
61084
62166
78052
99278
20432
30825
2164
50018
63787
63865
17673
84458
12340
9216
72988
67908
78171
12405
49597
39742
76828
27203
28940
86541
29178
52592
78868
28039
81191
14301
81926
77095
43356
7062
42392
17556
4100
47539
18243
554
54896
80893
93892
5766
99421
90668
74566
40387
52475
87957
23986
1942
15328
90883
67554
61537
33926
35512
59180
80225
34699
60118
67394
93233
32333
35308
55206
59501
54973
86279
76999
9613
39679
85252
92002
76807
30243
55367
86041
51886
73576
73226
45889
87721
36423
23933
29085
50673
80588
92003
40600
42739
20088
48469
42951
41462
1356
40462
5840
60226
74301
11210
87890
50408
17184
39137
65462
76227
98026
22467
3704
92752
28916
81211
29876
97397
70280
6605
90046
55430
28660
81783
78226
2503
70226
77997
34351
69270
53302
9696
18455
48857
27806
92159
84690
18768
65353
96562
81707
88168
17325
29934
87217
47458
59889
87279
31886
92130
57294
96149
59278
22050
86393
571
57571
86060
32987
5423
79653
19060
13021
85190
6294
26834
54617
22390
34117
83466
37497
78786
60157
21365
18610
48625
33751
33371
57474
37998
61425
68757
10705
9764
38091
20346
38567
93436
23944
61011
61422
64592
48896
99781
64791
64311
48083
38669
76467
68720
33925
41162
20076
6918
40125
63435
13602
89782
84145
22447
78681
28128
41032
82756
53923
80294
14621
86036
61181
30522
59161
36649
89545
13515
88689
40460
6364
2142
36832
26503
81339
61062
41396
84853
89222
92498
50917
27942
80211
19813
77898
5608
60213
72836
75059
18900
70785
97654
80496
65376
83695
95218
29366
61784
85793
19826
98189
13353
76156
98629
3496
23573
85625
77523
40001
57793
16723
45110
14507
97705
39884
72393
39590
63321
48197
82792
43412
24777
32321
51506
98612
2097
38160
22228
55476
92743
85811
55621
53299
98668
20227
10069
24365
6177
71255
35003
8511
47138
25913
11830
4551
42927
38703
97486
39671
26104
46408
44893
50027
20740
59189
34910
90949
95279
77710
10892
56107
89826
91229
17357
50706
31416
25819
74370
72184
96530
75793
69613
64898
76732
36987
4736
92857
26686
72560
59210
40030
25740
99319
68034
39948
94358
3638
12725
58083
4627
32763
59528
14258
66149
45853
54543
54243
40399
73266
55860
60755
61959
51996
45455
21545
30348
63731
22697
94171
31270
3206
37009
60009
81007
89736
96765
27442
7272
96685
85902
87546
29728
14438
6418
57890
38314
9221
73398
73446
54137
73498
79085
86511
81579
77102
60747
95872
68631
32867
14066
32221
87244
96965
29065
14303
19976
19753
48567
38999
15642
26805
48513
55253
31001
37918
30392
17608
33208
31979
53163
78885
68681
66336
5850
72288
44294
74978
27890
88966
94936
44625
41631
48912
16610
69496
90099
33717
35418
33849
68260
46518
7388
24468
72499
22209
20861
17717
3781
18511
281
16957
24347
36990
46215
28303
32653
16666
51902
97348
94692
96692
68650
9643
89503
51596
11020
62556
56928
48631
19271
53519
16812
18905
80081
24863
3706
32426
69489
27904
97099
19955
1184
68686
73237
96833
54701
25220
47289
62397
78004
9408
58281
24962
95797
16628
76888
42255
77034
31702
50738
17943
7777
93994
12192
66543
4463
97063
23081
98686
19175
39755
12895
68406
47596
26729
13899
77689
82179
6155
34818
52749
96452
28976
77285
58090
82057
36292
25027
2161
40701
37076
78101
57291
40371
88807
96348
89060
73893
62447
11554
83957
35155
41797
24522
21486
98482
73103
91458
27818
77771
78519
62288
45754
64595
56596
35774
5962
60325
60871
56276
61170
5648
82106
38311
43850
27547
57213
13209
33475
77088
32285
51072
93154
81336
56130
13411
36314
76517
68317
75019
78373
72297
63353
58446
42090
82337
16142
8740
31394
49648
51798
22973
937
87272
66451
54999
34439
59115
15605
3272
21318
58627
10503
59146
81740
78431
87328
47698
14264
10722
48475
24345
23983
32740
57169
60769
71178
50038
14949
7449
53369
72470
61300
35475
54789
8097
82744
33882
20056
73463
9017
42800
4186
30335
2363
6319
43349
22630
57932
2573
49249
20971
65804
30256
53291
73878
84455
73288
5755
23176
12359
32525
7024
18239
69541
77653
65558
36587
54440
1597
67343
22989
97014
59760
48914
8880
48020
82557
66965
59270
69588
27375
30978
48409
20469
62912
80850
40389
58320
30409
74518
51391
58592
12527
82326
99200
44879
82892
53280
73565
38725
92147
46001
46892
54054
33290
57258
63643
2210
63858
75565
99832
38611
35357
6990
27463
49059
20730
15380
89908
67115
20494
40372
47574
22021
4778
34530
14484
89523
19402
96090
20498
83761
18872
12102
69154
85381
9329
90581
83987
17475
68393
73583
7447
76428
72683
62305
96808
22838
95088
44781
17648
94946
9541
76288
54742
2807
73277
50602
38030
9671
16261
64360
67768
66093
27308
62504
12577
57080
66577
74250
63383
53710
3440
96186
19050
2952
72275
43026
77067
71498
53013
24212
18741
20317
30991
71978
86495
63712
94974
32133
21136
11278
32327
58658
7067
29429
10805
24994
41844
7101
51055
993
12674
48738
29553
72486
43856
55060
37264
19071
11
44870
59837
39412
10168
33518
58818
68656
38537
39270
58882
98316
71315
50924
90603
9874
66771
77111
20689
91296
32401
61376
2650
47685
82785
17766
55530
60567
44065
39151
12012
33324
21464
83351
27668
28723
9094
66484
15856
59646
8804
2325
35237
13145
30295
53933
52455
9261
45796
52649
98733
23576
3252
45460
89331
32794
4107
67962
65329
65598
26714
9120
55339
84716
71579
98944
80947
92007
51690
20869
27364
91010
66643
57113
41315
56038
38092
92848
88075
9458
64239
72380
26683
54671
80126
1182
63118
93805
90316
37327
726
59661
91279
87820
95892
83136
40858
35249
35694
79009
3044
94061
81817
66064
38104
81977
24401
12168
89159
20567
79254
71408
11126
81293
29627
30191
13848
70870
82488
69898
17585
92664
85184
72256
10950
26518
35658
32766
41869
12835
90825
80701
84349
84634
70865
85005
52583
33793
36237
41636
92178
7102
38766
25396
62023
67998
51275
76463
95937
51716
15573
5672
43768
23431
21510
10949
19944
48890
93665
45337
89092
89315
97836
71583
62717
82820
37924
57356
14222
65193
69888
88733
80593
67266
87809
5366
40451
45035
71377
42106
78204
18660
57896
75311
76509
71261
16620
58541
6457
36552
38262
55865
96
80743
69532
17468
47181
95850
73078
43960
82
25939
67237
1171
33473
64809
81811
5817
20476
23288
84609
77537
5037
66137
19467
17410
63623
36392
6295
29945
84033
12377
66057
23767
13820
1397
73310
85846
99131
23363
793
43901
56745
87067
34635
13979
80536
15987
14718
52439
88425
51887
68068
40456
82697
13940
2515
48712
98493
48973
60339
24227
32918
93612
2481
26276
30402
74752
10292
41622
24709
5475
22063
32329
68182
66767
34299
32942
49331
94455
84236
42741
6460
60096
49403
61294
15613
6899
32117
23787
22034
33538
46608
99967
47583
82741
37774
40788
56907
14857
37125
57712
89590
91626
37345
84304
79252
55737
78056
35071
19699
14688
1220
59119
34884
18860
57989
90283
46396
88648
97689
37003
75232
91270
29659
12865
54150
15156
31621
89582
93479
35623
48111
72096
62008
55791
13294
96543
29635
57234
72845
61972
21135
85145
74785
87881
72796
50193
87391
32962
82673
10297
35782
23664
40590
50298
35579
10309
50517
65354
99750
59167
7192
11919
56540
45471
23639
26542
64063
19720
14687
7705
23820
96081
76995
33733
51767
56809
91136
99473
53403
28186
5492
47566
44760
28288
78196
33209
58310
40645
28917
85744
1737
835
65384
67380
62429
64744
85936
92507
34686
82689
82856
69891
88269
77807
21841
3576
48099
61637
78102
50171
22040
19422
90701
6633
32370
11937
61880
13020
46010
60726
36147
19627
7028
81080
41954
13407
4319
98883
76440
80048
29254
46201
97496
11122
15592
34795
59298
8086
76396
43724
64195
79846
51693
66760
57621
47032
76169
26592
18753
64700
98083
34850
74114
44150
70846
89776
44755
37748
47467
17568
81952
69863
27920
39551
35677
99207
93010
11631
45590
5829
47298
90090
36628
96516
81167
36872
77080
56542
37881
70664
56095
29009
38068
9110
58729
52047
46194
90081
56965
48577
77197
46519
94042
38856
97476
11910
7943
10470
30501
29731
38581
91079
56903
31918
48384
62587
48653
73114
49920
30246
23622
91990
26605
80157
2869
30537
68071
49845
12294
2468
45041
42661
22308
97830
23579
25
75462
80908
15847
78988
27723
28633
90688
34955
40428
85195
37149
65646
79816
33989
21420
81179
48439
18822
74254
82023
32840
74868
13757
41480
96256
27257
75800
91260
48767
76113
88506
98242
82817
37008
18054
68139
8391
37240
83341
40117
39055
68888
45821
55417
19433
78545
26816
96194
71536
72994
45743
61853
49642
44553
30865
58465
29276
38607
70723
35397
68814
89360
36013
77298
55034
80298
41920
82615
6262
1231
63657
61264
89562
77439
23402
95946
96938
47669
73953
1348
53125
24302
13682
22912
81887
77200
34573
6298
90662
76341
61663
22629
77531
22148
28413
71051
68482
20439
69173
13497
5568
49862
30754
32081
87568
25600
21221
70609
42429
71751
31945
4256
56604
10662
83900
81628
48999
65111
92134
2075
49303
29240
61123
83861
58589
80509
33190
10067
91518
24149
40060
68655
82434
7995
17168
97095
22803
21883
90250
19345
3444
67833
10537
56386
54535
95889
53515
98471
34548
37068
42285
42
90587
52232
52857
13243
83806
93370
8751
48661
90868
17323
27619
36778
52759
71842
57411
75626
40843
31033
63489
19922
85516
78930
9171
68222
99491
57673
51505
40838
37222
8429
29665
4258
4206
33735
72072
34528
39518
79506
2619
32871
68435
80677
82118
33254
64518
61908
28489
73780
1064
61688
94407
47173
29758
23326
75276
86225
40659
54383
92805
25183
67241
83119
71666
42756
13788
6293
89394
59881
93841
50032
33721
37451
94735
45685
79598
89484
34833
70539
20470
22504
95962
71987
74603
17180
19803
9799
52342
50995
38304
38665
97461
46300
51517
66914
8866
46851
15614
85266
95095
36717
21369
27154
79
73814
30896
40377
80347
33835
54467
31217
30323
79781
74558
35456
77551
18546
60690
67789
81662
94605
62559
73406
54279
3602
43298
58722
16835
50733
16683
5819
67341
58571
51149
65530
97232
71997
4648
91396
38636
32807
25943
88609
66192
48207
86932
40884
9909
95212
32305
32180
51906
30893
10944
71742
37481
79060
48780
23775
32168
2289
65576
37436
2605
63261
5699
71469
87592
43761
23369
51908
43270
80194
82424
3236
20800
2495
26308
42626
19116
51543
50643
38907
22270
193
8378
93179
10201
42261
74516
57466
67011
76508
50008
68669
38877
38972
46261
72592
30904
41030
42846
55259
607
14112
38463
3103
35582
9718
90959
10020
11068
74071
63793
57393
35238
38213
12217
35533
59338
12616
42806
70751
51706
20995
72017
392
72029
95475
16903
28835
6579
11740
20364
16578
17417
33278
68334
3384
37420
66228
14571
11513
6339
23229
52275
40736
87431
94975
44222
13422
51198
98801
5644
54263
41215
11989
28518
41247
96362
9878
30462
31357
91658
10484
69175
89006
48600
69314
31000
16350
62679
66363
97493
46451
73866
68350
89652
15879
48533
1103
83250
14342
40012
19614
1915
59353
64020
96928
43970
18265
92917
67585
48563
47892
81986
22256
73769
52217
91128
81800
10446
73978
44596
28567
16062
76633
51185
35379
23367
68742
18631
93899
70920
41800
95914
50306
3510
9195
45361
33981
74515
511
19768
12072
57009
56957
71541
37233
84577
67272
46587
60867
84381
38031
91174
31546
45459
80767
55123
92580
37356
78394
9606
54414
80844
4720
39815
22335
49807
90621
60955
6007
70395
26861
30393
68629
51032
84219
51012
64046
55211
83993
91180
92427
36312
41251
49087
67957
37820
61532
35955
92953
61154
48638
6598
88050
74389
11414
85659
38543
60359
21387
3475
90912
12789
21965
36336
1523
59998
96298
57255
58552
78955
55763
49708
33305
70733
63829
84344
14446
58031
19834
48290
9153
1746
80554
15222
10536
10617
27638
11725
23315
99477
30035
75526
13787
78807
83493
78059
55407
37646
71374
71898
9054
52837
92635
59304
32978
77818
851
60734
85238
34205
85946
20928
7795
30468
7276
37898
59971
87803
83757
32023
55601
4836
90521
9536
17233
56243
14232
57774
44681
88550
58620
33019
66508
57703
91212
36880
34780
64804
14579
59085
35553
69355
28769
23261
52879
46750
40950
53113
66786
79927
76098
64068
84490
99103
85820
87840
98199
94816
60792
10011
40108
60132
36227
49431
10784
11447
25064
20491
32841
88352
26687
53007
88132
44415
6536
97878
5944
34094
7921
21428
62106
245
36814
36017
65592
74572
60360
52343
98940
62650
10110
59014
20841
80819
86789
62873
28829
66011
31340
27128
62272
16321
89410
47327
33917
5458
52655
13188
64780
59936
51759
43281
99129
37063
72650
63602
25245
1628
47360
39032
51080
75947
50382
19033
58272
70364
80244
52542
23694
67017
95762
92222
75741
686
4340
71930
922
56610
16285
31888
29929
1203
41084
77573
6285
45370
9642
12979
34740
29921
39236
91635
45907
58147
24993
68852
89005
2597
28871
62552
99811
35562
53080
44827
59909
93075
46287
82894
23468
94012
73315
98409
88528
31624
82013
66367
12384
16143
24086
19148
78938
58262
2740
35290
65373
29214
92473
6979
11649
2746
66514
74860
80362
94081
54310
42877
35085
65642
20747
31129
56390
51922
25727
92867
83037
74326
66645
22190
70355
31304
73926
71419
74027
74924
53513
5723
32453
66709
75967
76127
11026
74418
98356
51847
42388
39784
51774
17278
27775
18551
86069
76018
43607
18314
29365
84332
93492
86567
36846
35422
32194
81786
8212
6497
12232
10880
34838
38023
47329
48977
48719
56469
48333
44022
33818
27296
5275
6984
71728
94575
31569
69082
46944
92884
31260
66648
34765
42513
90325
57481
59702
20690
78387
41995
46132
50850
53604
34665
11061
486
38074
95935
86765
78378
37269
91303
34749
67691
70738
99908
9023
85488
16429
35544
99065
33972
30886
94484
65300
99444
58817
8016
88619
41570
27943
92703
62843
2855
18752
96424
40123
8007
79417
29493
53744
81989
77603
52312
2565
96214
72947
75740
83590
96395
1506
46260
41199
58703
16098
93438
94772
25464
53252
24370
26678
53969
89258
92076
66115
58800
49796
15560
9172
46746
69675
60094
40011
31160
36947
28581
88331
53016
15332
634
53139
61960
47684
49200
73570
67108
47501
24041
97308
61618
1561
90070
40971
4203
74992
63729
37761
67747
58705
58070
35212
30605
49855
17198
81255
58082
69724
24382
26514
51941
32611
1013
18673
87902
93898
72046
62312
85796
44550
70018
98346
29438
54251
47203
37322
32238
34096
46818
38730
73618
34758
69932
23988
30524
12693
27973
51514
7361
75553
47020
25398
42708
50111
63367
5495
39783
18049
4676
44670
48617
30772
74729
74977
16224
72383
51762
64824
26619
28635
44501
81671
45643
53413
4709
21411
72298
36274
38110
47390
30977
73043
275
4719
20304
50937
44417
26345
67728
31419
72415
57627
33875
39721
10899
80619
54591
89891
95225
51783
48012
48502
25934
2744
84252
631
29848
30843
84536
4223
11338
50424
2790
98497
18719
15400
68176
50422
7883
75840
73840
42742
672
7274
24644
42591
4394
14263
40761
82333
60688
92826
40489
4673
3066
91976
29704
83463
5346
27986
26320
89112
93716
68063
56523
21743
97046
96742
44776
69445
9953
57223
68137
12303
48462
21839
36815
24470
53765
87223
89387
61349
63376
48043
80981
20944
49053
14520
5616
71505
25731
90625
51263
89398
24802
91169
47606
64796
8527
75834
88597
82065
71780
62126
20058
48813
21271
33275
85663
78758
16804
11833
43539
20964
52300
54299
78653
27170
70379
59861
15752
53636
55931
578
50472
81092
12046
3426
26208
66075
31070
18788
82645
78416
51889
85193
24971
27207
43494
56906
26578
33423
22334
60025
23193
39304
49255
11548
18718
68003
74901
43682
22756
58098
33331
53318
43213
50042
75954
43977
7578
9069
5348
9915
37659
2372
67150
25460
26127
54772
42691
66160
63300
44985
46922
66462
27923
46762
93974
78287
36658
4742
54787
41533
85590
24743
68687
71210
95428
5802
16339
40922
9785
34344
76533
62871
11875
51879
35501
89086
33273
834
90557
58531
89681
84938
88380
82685
13419
13818
58704
35139
61193
84904
64885
38032
8965
63562
41415
11593
21025
1881
49046
86387
42555
56194
65087
56067
12816
29604
80098
33040
24335
74079
47054
64732
89703
68389
72241
64217
5197
16492
19854
87337
32812
4334
42771
64358
54965
33471
51045
65783
72555
35486
20431
59273
38929
92053
6943
36194
15730
5663
93376
87975
3596
71736
78817
60528
59832
97879
67485
53535
74903
38215
67813
87076
71122
30173
97918
33338
74548
53067
17552
34565
31287
76398
35660
85707
11639
97449
54039
48839
55275
12963
49349
7434
96267
28450
73558
27674
36571
95533
22550
28716
28708
23064
9122
84008
53219
41369
59104
60708
32059
69363
41286
1214
6454
58839
61237
15925
87161
23068
95337
70795
31900
70100
24512
48517
41915
18599
37560
65583
66323
94539
26840
96491
98246
28978
18380
53109
40493
60070
21553
36238
33322
83147
32463
15227
93608
3024
46516
11090
59560
43769
13764
36183
21962
44598
69567
69582
33016
41437
26354
85527
41493
99442
17405
7713
81289
50448
88920
66620
87299
84670
54971
25973
20381
79000
53993
39180
6490
44265
79815
74937
51775
11382
29818
23879
59823
34319
55038
54088
91204
85569
55075
41310
78020
25213
99361
59255
28640
89401
70667
25417
61986
43763
16172
57659
51647
45203
89920
85182
63370
51883
91436
26435
54193
59984
18172
1734
69129
64574
2165
34806
34247
15023
70028
89882
70234
39305
59324
98524
15333
39463
10663
53684
81530
50105
331
2786
32016
95210
47077
8733
23877
131
30761
68161
94355
90650
2532
65144
80412
28445
42474
84581
32279
68038
7886
29080
71528
37339
13133
56905
79284
15637
76310
81685
79110
80460
27930
40236
52816
12695
54763
9996
21544
11934
53005
64410
73347
60632
62632
23692
83511
85801
17881
71589
30884
67770
43710
73851
19347
80880
82324
49342
5420
71413
76835
74119
32770
56508
46840
59235
23542
13965
66548
81441
58182
90957
59653
73639
1037
464
76813
17088
68634
59151
28400
59618
60057
33266
5705
40997
7326
91974
66977
60967
55623
15945
90194
29389
34266
63380
5327
93416
41697
33157
28399
93199
15610
74784
20543
50520
14458
22215
99741
5169
11197
62907
86247
52229
73600
27545
71595
26644
72049
21959
83254
19133
44414
78067
11017
15565
94016
39610
89929
37641
7138
95585
33239
2274
498
49620
29081
50253
78049
70645
26653
7275
9401
43275
77037
36672
85153
55974
38474
46421
50295
85962
27770
66120
66328
72898
21862
81856
23010
60721
64146
92846
31442
5017
63902
636
82176
27486
14627
83582
43220
41132
74458
42778
21837
73880
24719
95795
89820
80747
10206
18512
95800
35947
20867
81061
46585
86329
72047
33083
53100
11106
86840
79413
34905
52251
39920
15620
58717
54481
85058
47658
47895
4525
53093
38126
18301
76131
91418
57820
89
86658
35543
18149
37919
2204
22248
62034
72766
78216
76798
97746
18131
30056
23557
95142
72252
16191
36052
16544
87658
92672
48847
15471
44147
37570
63553
46941
65378
79910
19663
39555
59393
90047
35987
45251
63117
6089
8043
73698
47097
55302
57538
27490
79890
2936
57873
33496
80546
41913
6478
52508
61495
50590
78509
87186
55492
32879
46769
44498
54849
89157
1913
82357
61488
78986
13328
51089
17084
53680
6836
63064
40083
99478
35833
57308
26484
82283
30770
54325
43069
8203
28555
47547
87716
29993
73099
13022
28811
27622
31521
46119
5035
9337
12902
56987
2921
63439
32700
7056
91790
47961
32805
28921
88267
58372
97559
1084
23361
85876
63947
15059
46645
4423
41831
2658
92356
10411
30892
38750
72116
52170
67982
48033
42141
94976
18473
2375
39176
53200
75731
12790
97447
83702
1574
29062
96650
87291
42960
46497
82263
4201
461
6017
49323
48426
77840
81116
16264
72940
81871
69240
88486
83358
55036
70700
38728
16206
89740
97845
48298
24497
12861
7813
37514
65813
58472
46438
50855
89517
7372
16391
97501
7652
32647
85437
94002
20626
58883
29191
45996
33227
46031
33598
93837
6631
62957
9663
21823
42188
799
47536
80093
38588
4116
88384
22414
20851
60562
86146
17449
21497
97004
81340
70709
85416
36474
8012
1848
74081
29523
58963
7030
4257
34137
84447
25550
54283
34004
99725
62521
9160
53147
29886
22170
33525
73368
13008
80904
10291
48828
62327
83935
259
89805
36091
47233
83253
39655
9911
39835
24339
11170
21480
79737
54588
40740
84683
16096
84389
25729
24796
18889
10061
69003
88183
79114
95488
66830
66818
66406
49870
5894
31235
85558
95384
70953
80167
71326
57020
51664
82125
75672
1491
29374
50624
86319
52506
66623
60722
27465
40570
38098
52401
92892
87361
89460
42480
43658
96290
42034
84243
56003
34295
62550
50908
40097
14322
47724
94307
96442
39511
38697
10035
61338
31622
34388
1852
37986
86488
49312
28481
50264
82911
84925
98480
73588
92909
44546
10501
7626
97633
9176
75492
35199
10093
71144
66295
56870
77593
62308
40417
77512
70693
47118
31379
88675
32206
25117
71653
98306
47066
81447
13888
36951
72944
35330
33076
29517
72279
22901
44038
54069
31860
95725
45374
32008
1025
36448
85068
49777
39868
84807
27922
72314
4057
60156
99119
29058
44595
20805
93506
26986
53126
27527
74256
52989
50091
28201
5247
43334
27712
52885
55066
70466
62614
83406
71474
28502
68745
26743
39710
51960
31063
53260
80774
39749
64687
87400
75280
99
17968
69449
15880
88868
89807
25673
69423
84202
96888
99646
70676
59920
35939
58104
37252
67325
54259
76803
59355
32886
41880
83240
31231
23765
90257
14497
4622
40733
54816
21619
20697
82808
73405
7322
93948
92943
79982
56252
86218
15746
94964
98957
99821
88239
67090
1487
33163
69590
88939
55046
75960
60104
83557
35983
98382
74075
56631
62379
8072
3261
88027
52299
39981
99759
41329
30419
15670
29511
68016
17071
91873
88226
79915
51924
63169
79206
93610
50181
84791
8711
40013
82802
47285
5823
22994
33623
63724
85032
20293
1736
31240
44887
53984
2993
59959
52613
11605
45051
94178
54262
18438
65513
77859
11957
58194
40267
14381
32684
37864
92132
61709
51293
74568
10072
15110
8362
96002
33436
30206
52480
37131
35845
33060
1640
82116
68761
73829
31487
58700
5226
3567
36484
64285
56043
84696
35185
4448
53015
80662
68836
61173
66958
37787
20674
74204
42065
80315
44349
12455
31558
22976
30498
53511
78784
65533
37341
52477
22165
55421
88014
93030
87982
86464
34233
31085
51473
75296
81390
64180
99413
19024
48881
76941
49237
2826
67472
69136
35612
54902
14745
73826
54962
77856
68679
1650
24322
39479
61979
8006
98078
12452
29134
77474
86216
45340
72391
61122
78968
69975
50582
26604
349
55022
72177
13193
73782
49261
84372
25814
84842
85408
86474
13345
67921
29718
80193
44877
85792
19749
12246
85233
87633
12795
52386
52206
6940
43638
92631
96496
90262
40174
64080
90851
26506
75779
41374
97175
88248
63590
79896
67636
38420
73591
75322
28903
90695
6642
90304
92091
46677
21706
96588
64608
76789
35574
98554
4357
18404
5086
71704
60288
71448
56510
25228
68412
43974
65945
93250
67033
84434
11078
14085
46440
46510
87638
54693
75682
47006
95994
45205
68642
29410
60067
71825
60982
90476
10392
97619
13206
71963
62492
51679
82385
41534
37599
86283
67597
50195
4045
88402
404
17566
87435
62931
95042
18907
44905
8388
13832
57722
51062
18790
210
2340
92040
92268
37542
60431
38044
34887
24042
95852
57116
34984
64915
41036
63291
479
55335
56125
65887
66921
76465
43414
48467
41601
2923
19776
63214
84759
79635
40716
9546
70964
46954
53078
7884
49037
5410
5263
65390
30737
890
29767
3508
99153
53426
71355
5567
34339
97897
93884
24294
86694
99925
74814
17028
10560
62836
42628
16316
48029
69162
37274
15297
79724
32493
20950
44165
11762
72580
44111
32338
69980
80468
31974
18356
26201
84385
74857
2529
54498
3705
75684
11306
55168
65501
9747
38566
97505
79451
18935
42149
40793
83758
19981
30791
17176
93296
2383
14659
17892
37511
90332
42978
41284
27736
77862
25032
72709
19017
20461
99076
47809
82824
34409
30330
10308
91731
37844
12105
37121
35117
31892
79640
89399
73464
8366
55291
49793
52185
61778
811
73387
4962
22458
96973
97784
48065
34660
40298
48046
1948
5466
75248
31475
51748
5230
77592
72635
84914
50312
68280
65979
16046
83730
30476
42519
42883
31261
64507
85042
77865
33840
43014
86612
18849
64350
44317
40717
13523
86939
22194
15654
76121
59594
58007
15388
68351
72614
96121
82816
92882
81169
54661
95184
63929
31278
82752
22483
99643
20628
63052
9526
18868
99599
12045
98927
19332
60392
61779
79466
15801
49815
52523
73765
80246
94165
64514
6873
32210
76434
63508
96839
15501
92322
40865
23575
66882
20692
9057
38386
51884
35566
44024
12252
90024
17428
80384
6947
38275
22260
67197
89160
72564
3899
30143
74076
87383
67717
45857
44754
81759
25946
19654
74098
3340
34541
95547
26045
31680
48468
12292
62847
3370
67537
38651
1747
28569
42710
17495
14156
71117
71493
64603
30146
7952
61505
79289
19318
76593
42737
75750
390
150
33364
5752
51776
3980
46794
32712
44003
52012
19293
72969
60015
64327
95997
18005
53959
89674
78146
60238
12812
56372
75183
18032
30297
34678
12535
85415
23506
88089
7235
34156
64673
58085
19600
38739
90598
5845
45103
34620
21589
88429
2768
52605
2941
31224
81750
71550
42862
69551
90482
51685
57204
28491
76171
62915
29218
75883
71394
3165
25967
20721
33859
18319
37634
26982
78966
35395
60147
44231
71247
32304
85273
19537
25249
1858
75051
61987
80890
65625
52598
41766
83307
63645
35788
36076
50160
21240
78600
33349
34983
39717
35227
26758
62633
4728
22325
8670
48477
99973
46380
55129
16390
89178
10498
43953
32878
99064
48879
68953
99923
49802
64699
89864
6088
67467
29208
86598
72273
46473
64698
64857
94463
26213
4259
60373
87538
18449
45189
55463
75681
54160
8634
9297
69018
10273
33585
57883
50630
25450
73927
42907
77013
52306
48120
55059
45423
72917
32965
27502
57781
41642
83322
72900
4103
67627
55200
62696
54315
60559
5331
62506
42196
60167
44321
92074
52758
67622
89344
41905
30784
62864
73891
15839
53638
17980
66796
56548
11558
88707
51975
94136
26297
97337
65236
96746
80665
87218
35840
82837
12154
90326
83884
65723
55972
39641
82880
62904
26105
59441
10256
71633
39005
13383
32717
5525
9757
49216
45003
1748
84505
13698
10080
98030
5245
8224
64334
81206
13846
42183
63927
62437
94502
64538
32394
51094
33105
77916
65056
37198
41008
37688
98683
68459
69951
6953
39077
39454
20842
80011
52274
71149
14171
23205
21964
35733
468
27705
63348
95292
2247
52699
86508
84373
79303
34649
32554
17187
59787
49482
68275
3918
46848
71604
91335
66117
56762
97694
8851
59271
4420
6989
44210
2842
25815
45989
39025
11493
49646
3234
66215
55196
20264
93887
29961
62911
42301
82064
26551
36387
43308
75850
40282
38525
28718
99736
50745
48280
74233
5562
11272
22588
66511
38469
34889
13401
26745
71335
7151
5687
56472
639
59434
82313
90485
35084
91673
50090
67107
10260
10759
59748
69440
50049
37656
28224
55789
31436
6062
19012
87569
74910
53806
61272
33135
90653
21234
6796
43393
55491
67465
11645
53024
61572
81058
90710
28706
14248
28032
68793
49401
48612
82048
71497
43226
28526
98209
14388
94154
92646
88946
71332
72550
75006
84319
62522
54686
71819
5073
14591
84255
89184
40935
68791
50568
38
82027
33490
2160
75882
2060
35232
25774
67907
20700
77333
40896
21670
39429
94457
39492
6925
24581
60519
37094
36878
13229
31099
80965
46298
42735
62260
54571
59454
38839
91423
83570
62263
43928
92718
76909
58340
65017
68570
53469
21052
678
42237
14929
11908
76379
13331
33975
61724
87811
98449
7748
44713
72056
16619
77982
31334
19951
92146
31266
33662
49031
58561
55628
72575
2194
9576
32447
62848
23393
61117
86688
62225
82703
1036
1096
26642
86557
87709
97403
80155
14843
70635
21260
37290
73966
27456
2236
32319
317
18202
23237
40808
61744
2984
72764
98913
31804
92914
37746
20390
90835
97119
57127
82735
53336
85904
22336
59542
96203
50425
14932
56673
25333
88595
20942
90643
36483
87686
5018
7127
36936
3333
82643
4311
11770
55539
38989
7769
44982
17978
44104
92639
60869
52695
35454
41417
88700
40291
28403
83298
16399
73312
61999
39964
42385
95351
15598
73121
52869
18944
80444
315
43146
41292
80479
16662
72133
17896
95439
6056
23033
45108
6342
68348
9930
48144
37858
89187
48594
89832
29147
28376
36256
98428
64624
30117
15568
83100
54126
57022
7860
85695
8488
59577
17965
19290
22628
31122
50352
56862
46583
33903
17861
96722
23473
4675
34958
99600
36671
99233
91081
2265
58609
29045
42659
49914
72014
11157
71268
56656
29123
89417
95436
37536
91119
1686
58351
74614
66081
67657
26286
87041
688
30897
59602
88297
92825
64617
37287
4950
37949
86784
52359
27557
38364
81910
22044
46301
37422
69597
58413
4686
37124
62346
66218
25677
4276
63684
5710
26465
55032
66183
89128
28127
73998
77374
83640
69711
71206
78522
66974
64232
95091
71865
34048
98607
19544
75094
43938
7874
57288
34832
97057
76464
46086
98538
25906
11100
25359
43648
89467
70435
802
36828
34871
14064
58830
76409
70464
74602
12736
77033
47871
39123
61138
92709
1405
78315
92070
9386
9869
97957
54748
90218
13616
4562
68377
25499
5686
84851
30388
55265
38997
5314
15561
98833
92613
37046
7771
59600
75326
74371
43791
70913
69984
42472
55569
14009
31056
43853
84786
60635
89738
84836
12117
9971
71553
80201
8718
5494
92966
2758
99602
28571
62772
4774
31694
43340
76846
43249
60106
37750
78943
7426
80409
92765
22399
33910
58857
57631
92373
58068
84200
52053
76315
21231
42383
8458
36590
46133
62799
47564
60778
48858
20218
95582
73628
55077
85325
72925
91885
98824
69488
59023
37913
3953
35314
61536
29351
48521
38572
41634
36731
4714
87343
1778
79797
88520
81035
50759
60771
72031
35151
67952
51874
29363
47689
41891
92838
94156
33024
31863
63186
364
69638
34046
61350
81490
55436
41541
57640
51408
33930
80946
62438
90093
59190
45896
88424
37266
6363
33111
80031
86409
79372
4460
36899
63789
60281
43598
32340
54164
25060
55822
91607
85175
6567
66523
32754
37083
73773
1799
2819
2823
85982
65894
18954
59949
7065
91293
8794
39470
75612
84943
39606
7158
84825
62490
81855
47703
86988
26236
55238
31844
20658
63429
57778
55017
60480
15196
32505
66202
9965
72160
31484
39119
46820
52423
32031
61623
65246
27957
17598
15302
78659
95116
35352
35819
96851
84729
75778
92364
91622
39681
82593
63723
37654
57163
62615
73506
35302
23478
67001
67248
86026
43045
84913
72843
67616
58891
80183
5614
34238
30231
99657
14414
23083
45120
73174
51046
51128
70054
50220
36353
37642
96885
2835
45339
50940
34401
2059
5910
33775
80793
33670
42157
65854
24398
12651
66889
87985
87629
9575
38497
93695
94550
27232
1411
77166
24731
98047
29519
40042
56059
68805
43185
32040
48913
69347
30276
93604
10039
46353
18555
99206
73685
32470
84932
89335
91638
71603
26222
85543
37147
45065
61807
78771
63387
74948
42473
59617
27506
94353
54244
36534
34152
14957
45825
66925
94106
84962
48893
161
73343
45757
73567
30707
2177
86673
1546
38801
93469
98235
11977
73820
96876
97841
91804
63484
97573
58481
64542
63906
31819
44934
75465
23950
49377
18285
6162
95232
20720
43717
52769
46569
38792
37946
54338
8115
3577
75784
96759
55467
65732
19391
46716
59395
91900
92510
46344
46016
14106
55031
3555
19188
20101
27194
49683
12194
66327
22875
20047
75759
93988
30417
30889
69425
33425
14643
65704
65673
22716
75363
68462
7816
34499
17387
15430
39500
48831
53637
86804
94199
84542
30842
3088
32824
85018
30151
55602
61230
59075
32306
26781
72155
52537
87446
67718
19889
21647
32178
10715
2088
53785
69421
64108
37362
20466
65973
22477
73336
501
12484
77398
50255
30715
48498
37994
21868
83473
31456
35029
9679
14810
97732
36957
77946
20148
65505
46395
93679
68945
73200
65058
68548
5791
76347
79648
34916
31556
41850
95587
86768
54301
94202
16411
19771
15917
37216
35472
56746
86643
81045
17119
12200
37955
16355
91856
26358
62685
38896
42958
29224
74190
88187
39480
93070
72071
37069
17821
75087
37606
84535
39104
44610
25551
81498
13124
94098
74321
24837
56843
15162
44531
65706
54346
51138
18195
50925
88385
44909
42818
21543
24039
3083
83827
8913
23231
82927
52961
81031
28062
66142
96235
42937
90501
7366
72698
83383
92086
43144
34396
16021
53330
44863
62474
51100
80007
65490
44898
44235
55936
81363
27014
2133
56633
41902
30712
93057
52789
58509
53467
49021
96897
66678
81684
46770
49150
98821
61330
49496
68345
25631
38214
1286
54176
56786
17827
28598
22861
52840
62494
47586
8730
1709
57475
34353
81312
37578
14161
36667
50858
5524
61323
18863
7105
79027
28272
58567
30816
62503
13908
3542
7296
23313
98359
47773
34509
14295
7745
19095
65858
33916
8626
63963
16802
35001
92265
47114
68901
28727
33182
95438
61119
59432
25418
40080
78465
67406
96598
98731
30123
77282
63631
38208
76378
13948
59729
87768
39170
2384
71954
94449
73653
4491
43120
10018
46926
73061
45710
8968
77230
58078
13777
65934
47399
17925
98017
96625
57993
77595
15436
72089
76027
13060
20603
39570
81378
38439
30109
68333
38224
31746
51091
69307
70309
15691
54558
19078
68297
80938
52831
75323
63081
34667
33620
89287
8128
3914
3280
88590
42651
38324
87149
88644
75837
55208
4498
91829
65912
39155
13706
59369
26842
91043
74595
38790
46009
255
64630
77454
7550
28031
66596
81406
48119
50666
35706
66321
37087
36594
49165
53826
60004
53759
27429
47519
67866
24223
75139
38805
37457
10356
5649
71418
47867
45695
42675
39203
60405
14029
81814
87178
67603
62841
64051
32069
91089
48098
4064
9636
97568
16631
43754
99897
66020
12689
38632
45243
96448
44029
24344
68050
91932
8924
36757
61041
14882
55567
52741
45963
70829
52834
63072
73299
63618
72063
11181
31501
59397
42740
960
90131
40853
86254
29925
35164
88289
96673
5441
28637
89264
82449
21065
54580
5123
7437
23192
61825
14717
15283
79379
34285
19805
78241
49229
37439
82541
52843
31722
7443
71724
82199
51382
10901
90210
93367
16676
95959
21639
98371
83384
25629
95046
58172
82621
83299
38796
75608
48346
72060
83873
78985
72397
76795
71948
12419
99188
10120
37368
45651
42615
3091
83031
75145
95641
59720
15204
72395
26798
7174
27750
19368
17746
52144
31778
19673
21515
21886
37996
74788
8149
83980
95810
6972
95657
85973
70198
19051
63041
42216
52362
99754
62770
20488
55411
90682
2066
8620
12024
12190
32648
78559
27236
68994
70340
53282
45848
3660
10334
99459
53668
99813
83292
5665
2417
71876
80006
34281
46391
47799
44719
79655
80870
47234
98494
48613
11512
94979
7982
79671
78969
73667
39909
64893
84799
17903
75272
31574
57149
85866
43837
26202
41790
53820
42171
64416
79399
86980
84088
65773
18633
48149
9648
16461
52014
91054
45824
20549
3682
83354
96275
18322
56853
97739
89118
41338
82919
63023
57382
10076
10385
82982
57841
17886
51707
39128
43886
50982
80262
40834
15684
60344
30786
87052
26472
5700
77992
39329
18738
83422
61417
78962
46338
66090
36669
64307
72272
65507
50618
69823
58970
19886
16413
31220
79672
26627
94542
44671
54182
44944
52736
68184
7733
34407
57620
94736
13735
38514
54791
47159
84232
14155
46437
97475
70668
53601
24183
7041
61550
63807
7454
54195
3414
25965
55966
24046
41506
49454
92898
99633
44666
48292
83631
38708
95486
4768
26404
74317
25681
32471
39016
49637
52136
13861
97354
70558
99995
53491
3500
80329
11567
59707
44963
71805
49153
12949
76111
81971
63384
62497
90313
54217
52473
80733
76460
73683
75237
94597
53363
60743
10295
99107
87801
19121
8529
21922
2575
8204
44839
57448
4939
37921
7844
87318
12075
96903
8237
27646
71512
16853
39669
26291
63224
47189
53883
98203
10717
95272
46603
18583
33697
74675
32529
77220
72718
14398
59726
39614
6525
33762
30019
46331
36580
71287
16608
54485
57174
49371
58875
8925
42830
47624
52043
39161
40698
79820
20807
3505
76107
13837
44528
44190
59816
8009
82505
51320
66829
34402
46910
53897
39348
40396
16463
58696
4002
44420
65937
22676
28203
51126
16722
73737
96891
58657
94753
81466
96413
93615
76761
1924
59792
77250
8560
48224
18257
42272
2386
46823
37315
7114
79151
56182
72138
54715
28681
41020
61050
24513
4579
39121
87198
56052
15645
51937
9670
36887
10200
94660
31717
46347
35210
62439
32460
13608
35865
88848
76505
15306
47354
91997
55816
39705
93202
79028
93576
64341
99170
41246
32883
90267
58689
13146
95078
52478
87543
17343
86463
92233
37376
25267
87929
82512
41980
18878
98288
20921
54071
79486
46839
28819
58496
32772
13216
64526
33165
18778
27948
9880
11336
34415
83088
57133
90430
42104
21083
42006
44444
27355
87124
23678
61531
96848
97150
5975
28048
52571
94085
1994
24260
16972
33226
97900
49208
2610
54814
33797
91318
10876
95924
48675
95310
58064
80218
30799
53797
98997
42560
33057
29724
55340
50967
41707
31673
42601
76728
81713
28801
17713
34454
94118
52615
11882
38645
44950
80992
83057
62368
64934
86250
81274
99020
54309
99744
54477
96137
40234
54250
23142
32107
61947
88919
67127
18328
17020
87555
22884
62025
95903
45687
63057
44298
31535
55409
35415
36548
26011
21570
8265
91444
98287
12458
52162
18531
75240
7315
14262
44014
642
58429
54958
70196
66473
44460
39654
55348
86461
1968
56303
23705
44901
86558
38372
51833
26458
40739
32671
27985
46999
93643
65461
40241
64856
61937
3023
20834
7577
32612
8673
31128
88782
80714
11057
23027
54898
80471
83759
22799
49473
92137
60854
67660
61239
91539
62663
53436
63392
56752
23655
70296
97164
98728
15440
72646
57862
13618
47343
61385
69326
41595
68820
72140
26545
73597
57959
3100
19069
49232
58804
82119
48360
13298
46735
94728
24358
66241
77727
57733
33321
46488
93953
12179
40848
80238
27455
27631
5504
53602
7186
77101
95246
73147
95367
82666
12297
60723
50479
43910
69059
32689
55558
74909
73298
17958
4130
19684
63998
23333
83064
12636
27275
30967
27235
2422
9750
82769
2514
92556
41568
43629
41436
21345
27200
37614
49166
82696
95085
79404
89316
94793
53225
82879
18238
77574
67643
71947
49396
75644
12258
69245
86986
5150
67154
88954
43794
2475
63366
70229
63255
18042
27774
40882
38919
34143
95622
43549
45597
53823
81854
83234
79825
54132
77912
80374
72935
26260
30271
21904
43713
59903
39879
28915
6586
92331
11660
29652
61772
55649
52577
72738
3795
93230
97241
97640
19333
94896
80808
53978
10162
87516
71711
67382
55165
43347
59223
40422
14719
59285
51122
11235
24960
59564
10911
42220
87848
13228
25309
2055
45399
81038
61397
54550
90526
49695
26668
43857
58719
89943
18929
26479
13343
68431
53019
36528
33958
72542
94639
6387
39521
41507
66243
20447
74354
54895
44139
9432
971
41494
10119
46667
85998
58004
22599
6540
21728
98650
58832
62152
45368
78073
86206
21751
33784
79708
44541
10489
49055
59755
28359
57128
52099
8328
93404
44006
21487
95282
91578
82294
70952
5060
86148
19640
16798
67871
68540
21336
33553
98146
54630
47544
73180
83457
56911
39585
72827
2080
9046
72547
2736
1772
79116
23395
54709
16659
55535
44581
81091
1622
24001
28328
63784
38984
97818
46147
10
86441
43687
68442
86352
2788
86166
54373
98601
36754
36388
57847
23907
1187
94825
14722
53255
62984
52479
35890
58457
4881
7057
46730
5339
57058
55499
46389
48140
65539
41311
92209
13990
64124
35779
85581
96584
47891
89953
37033
81126
54321
16308
48664
76839
74659
73157
59734
24329
69151
83979
30910
70399
20660
4926
72911
83362
25508
34056
67074
6111
18553
46045
41782
76268
44391
5290
7181
61467
83552
51227
39675
83041
89609
15042
82441
90561
38375
55669
80352
76082
19109
71036
74681
26452
40441
33760
24474
21027
51863
1739
59879
28371
43253
14194
3239
4916
6374
89803
4402
64890
53295
48751
84552
45998
82155
22382
59693
33600
3209
21549
94133
50013
84714
74044
80184
42825
21265
60594
4404
74995
1378
9823
37157
6666
22665
8278
77621
73008
36374
44639
15299
30239
57358
10327
64161
1342
7214
82483
49522
53770
10391
17075
17027
83387
52237
89632
27354
36122
68549
7990
59407
48672
26077
45686
13002
13394
44689
30128
49182
687
97650
22605
43129
88315
87904
57232
76204
32991
37038
14328
86929
74485
78176
62746
52071
53181
76020
69108
56081
1144
78726
420
53862
4934
56397
61325
60617
45572
623
74682
46255
19996
52176
16238
33792
5453
76384
61971
26588
19085
3129
3616
11121
2519
29104
33514
21530
56247
37238
9758
58736
13115
50771
57265
96036
35667
58684
75020
82363
13967
74848
9173
20975
2377
26395
63365
89715
65242
60006
18168
25725
7342
31677
99006
83418
38153
88034
15934
97593
75289
75918
2148
605
45525
56493
83345
48330
66261
88553
56515
64984
57776
45069
93830
66710
71395
98414
29192
20383
55344
80420
34494
27338
18984
41884
82611
17105
42633
34469
61580
90708
62725
24641
34282
17351
7515
62608
97971
20217
71636
81728
39247
26203
92770
88044
87663
52446
68083
13581
43860
3779
76543
178
35893
43836
34771
2479
91354
26636
95606
31254
76672
28439
70718
40677
63828
30557
16092
78674
54223
42751
93346
92299
83869
44643
78435
1606
49112
2684
35699
33500
4532
15748
77487
23344
47737
23654
57497
11378
13371
69258
41303
53070
3780
8873
67984
70760
20124
82554
56255
43043
94784
96636
51931
25107
17800
63234
65715
7636
27692
48651
1253
37200
3278
29803
6107
33218
12553
70224
20910
68566
91392
2018
98344
97279
20624
59596
22931
41984
11198
30547
23203
36598
38186
50205
40965
90755
41456
29915
18854
76855
55848
57568
4396
97472
93602
15715
59615
57651
2604
35420
83245
42868
48332
81428
60042
43937
86438
48089
24291
39718
55210
1672
75538
4716
18191
93490
35390
35178
6791
68198
27881
30298
72113
86716
62333
84095
55710
12802
69981
47469
20161
84901
93991
81347
12328
24343
53585
62850
14098
84128
48550
73152
8625
63103
3330
35136
34080
82413
78896
65154
95149
17261
68524
25688
18664
94134
87393
29398
20898
76841
16579
13620
2705
34753
3438
91985
98040
64155
91685
29051
23397
32771
47135
79784
84809
51736
61808
44688
35233
9919
32593
25275
92138
63939
56359
80105
75265
25516
84647
12588
35962
16958
7799
28683
31432
36099
66283
11941
47272
70522
17462
3524
30735
29309
40082
68478
90362
52818
43128
6327
93047
55076
46556
13869
42230
62728
21268
50323
85855
92459
21625
73873
16925
48213
69414
21244
11077
57955
55500
14733
23475
86665
21533
70398
98724
50550
32897
19990
61231
89441
4940
91382
70032
25869
70702
8
35047
48867
50936
11043
12850
26116
79268
6973
38328
7848
24525
45493
49896
28992
49435
99326
53691
99328
84048
47551
28771
10472
65750
47223
80857
16892
84106
4621
44620
47457
11101
48869
58166
2697
96929
54344
1175
43752
44001
51233
50656
32563
77177
11138
36798
52575
36791
35741
46995
83113
39945
81160
10711
48288
58574
61026
54668
29577
52813
80364
56573
37901
25388
82737
48876
80456
65391
51674
63941
57065
20121
57635
53746
16211
58885
40812
35764
71709
67260
9308
14637
3572
40363
55480
45939
18544
76417
41834
15377
81264
67145
72421
25457
72991
10970
93279
71630
89040
68993
46223
67772
16405
8423
52718
67656
89732
93644
26640
75310
35848
53321
64979
17432
4178
88136
64122
58555
3014
30851
48592
16297
18058
78552
24616
65047
8852
97113
12847
92307
28873
95684
18757
36758
89568
39896
43739
3200
72443
35520
45039
34236
89233
98955
88492
33359
72973
26189
33397
768
37615
29939
50987
93281
53183
85960
23673
24037
31545
88668
74289
59547
89025
9858
56410
12760
1320
38210
34860
34625
3573
11319
28645
69276
22059
38297
70358
37301
46652
22515
52367
44037
89297
84582
19217
57042
98557
17732
29589
28912
70044
50756
25607
29141
17118
79965
18888
73713
46302
44858
94477
54556
87800
20158
65870
62575
96343
38309
19571
12562
16109
91585
61879
54792
24197
65315
50627
222
34119
94919
12277
30651
59721
75532
14493
72916
64404
80620
38244
46513
61235
68427
9276
68203
66516
11335
38119
94393
97200
71035
5657
94515
23143
33465
25941
82233
12909
83349
14731
23
2414
58086
14995
50240
89216
34108
10136
67759
84444
60221
59017
61936
63147
91373
66264
55282
66837
23195
87714
96291
94371
20575
77841
82102
92874
86412
18174
54573
58988
65499
60636
33854
368
33004
44154
41492
18798
50778
33702
84222
72173
81381
23785
18629
98082
21281
88037
36302
12821
44272
19742
44764
14563
7517
26008
44544
72270
19899
87853
79075
16047
50884
85008
40374
79612
11737
37135
65524
4464
58596
69398
40322
9903
19696
12780
55645
70292
44914
30487
48052
90184
48642
94343
19310
56518
2444
11896
71300
85551
93446
61400
42533
70909
49995
43269
26200
87026
55984
40443
6610
14033
19991
36283
91835
54340
35409
82353
88180
47761
30265
10250
45674
98522
70016
41160
65817
86444
11022
47973
18723
35751
45380
67510
25421
90082
45280
77283
61716
34978
29322
4015
51181
54027
52693
21770
37603
79622
75878
28405
14117
19582
33764
8927
26963
4392
4214
45777
6489
17849
6358
78688
17349
39439
90064
79844
84561
34911
74280
40710
33871
10299
93299
69287
81352
37491
47271
99050
75833
14455
77851
15352
326
73476
83129
17273
72808
14524
36515
69121
26543
87774
73862
16875
55334
65231
49438
42928
19507
33103
22966
74639
39549
6592
51344
37296
21807
6859
83023
84241
68154
71415
28838
92077
26133
53232
58585
28499
9631
77098
50128
94376
71464
48115
68828
42330
29550
6138
5888
44130
47076
72237
55670
38271
10454
86414
34176
98483
84616
17227
73362
36029
90672
12845
64008
84295
30120
46240
39407
9356
44219
61871
24541
75316
31623
86985
82432
33635
44890
9497
95022
74322
36867
66481
93348
2965
95034
5733
66415
69728
92985
20901
34954
14336
83302
55644
1903
39118
40955
60265
53441
27142
21004
44725
28676
35928
94030
30782
96438
91524
85405
96434
3614
97661
48833
74460
55227
17107
35012
53245
33069
95891
43646
8948
10237
38318
10553
97989
18052
73007
93822
50953
24475
86052
34851
8661
59843
47545
91435
15425
5990
28197
4265
21209
35581
2986
55395
98627
76905
3502
46757
57706
41229
98511
96011
68541
65863
56135
67314
46648
54190
89679
15583
97377
1814
66206
15348
97850
33451
6005
23295
58648
11811
82492
22585
50598
23224
37237
53101
36092
4008
394
4356
16997
42445
19966
52149
77702
99888
11750
92021
4584
33688
30478
4326
94270
31505
10095
82192
20024
28212
69867
61675
26161
67502
7278
30929
64645
82151
39156
81494
97425
71721
24214
12860
51389
92746
30687
50126
79935
30283
43495
51590
51204
91637
323
37660
7751
35105
7810
34219
18585
46574
63138
782
85333
50960
43894
46433
6500
70122
25393
50841
15151
50438
26464
65627
3114
23110
78511
22428
8799
44395
9188
96164
79563
4341
57135
9943
81896
42857
12566
68108
46515
64501
63819
20220
84613
20816
70174
55677
19319
50875
31150
68862
2330
85647
32814
87315
21826
95188
14569
92828
44961
29290
39209
35655
14121
38138
60730
23447
52329
52794
2994
48141
72703
25128
28876
54286
33115
10809
86433
21903
48855
87851
14602
98755
80328
72068
30567
34186
40263
36621
31188
90996
31735
49688
64483
12502
95114
95124
55957
96237
76587
10148
92470
57353
30430
79623
5180
88063
70489
48104
63832
45520
71869
64260
55790
61133
24109
72503
33252
99063
69598
15900
69682
49711
42080
70328
43653
54387
71465
42646
93286
62405
1057
4462
19558
80591
155
36407
52775
20557
76406
67754
27433
13274
67378
95732
66387
50495
2012
92687
3599
89368
6415
93217
16110
80359
80200
3374
60169
8627
5174
86703
51934
25041
63739
40008
5692
4056
54194
55586
19080
36874
37755
79997
45395
74803
1090
35473
9689
79185
31960
87788
6799
79667
6527
60845
96154
60418
60817
58615
21559
2228
47515
63001
43871
9238
26757
48307
72686
87589
18209
91033
68731
31297
80323
1637
89067
75696
51977
57545
82905
50679
79805
27094
48219
14660
72186
38183
78894
26890
18113
33894
79269
99248
86946
98568
68106
50343
7357
46960
75439
71767
13112
19629
76490
78937
38426
37152
35431
56484
43193
87418
741
15490
52472
66853
84418
57370
36207
39385
38416
30829
12787
29677
68709
42217
63527
74615
65693
60165
4721
70899
53980
10294
21245
64389
84495
35080
48001
99953
36205
34386
18853
32123
88513
67672
93106
24341
23499
39347
62086
58641
24922
62955
71423
57713
58856
9394
60317
60007
34648
95760
46222
77340
306
98004
69002
82400
71334
81699
63210
74207
62321
86394
11704
35602
97538
46675
35109
17062
62230
61545
71737
68376
8949
67494
95097
81427
21066
3757
53833
68985
28021
70750
40535
2290
16185
24458
67263
55606
46628
58433
50934
35950
6780
7234
97020
65654
7580
80110
75701
55483
43569
67217
13867
39708
24428
92098
33952
24257
7157
19006
39467
24157
98877
99595
22913
94108
71120
19044
95134
61587
81551
15404
88005
79080
24215
69719
63663
13791
30153
12114
45367
57644
20998
95950
74952
64717
28231
80109
62583
44533
21772
74658
74236
12745
86005
37857
73058
60063
74300
53554
50698
23754
78814
10480
45249
23677
98936
37175
17374
13773
30932
29998
55715
52668
46630
28986
16469
595
21720
3492
50216
92675
17637
82099
67451
59307
5335
7218
27039
2833
38560
1774
91643
85864
73538
26806
68306
95905
69486
40023
5959
53263
3775
37263
6733
57005
55625
14916
41070
68211
70135
23094
84569
62252
44707
49361
80393
16239
62942
36817
14094
25130
67486
57897
70114
38941
96643
68342
82193
1490
89172
1577
86705
35328
38252
46043
11754
46267
37050
61703
50393
95305
9607
37325
27644
49978
23534
74452
28258
26174
42166
2780
90938
94072
71349
4473
68295
11176
15073
21845
2566
45451
14450
33593
27300
96853
95356
42390
9800
31117
64944
85446
74487
36933
15199
5597
11260
4136
62565
47801
71920
39312
87222
85124
91460
61731
1002
78615
892
27759
93363
75691
12971
67698
55655
45300
81341
23711
42864
81385
88223
84104
7908
84566
93783
73225
59695
61684
52346
45975
99004
4295
1003
78157
33381
51369
55132
71380
68047
36039
70981
85041
68674
28535
812
15032
9632
50452
60222
53742
12628
78081
26703
44082
3063
66905
43835
55301
65847
53834
89004
80417
65223
20676
57805
20773
8350
18406
91276
84470
98459
98167
46094
98300
70520
21777
34846
43190
75998
70115
11091
34277
27028
863
36315
4240
49416
30394
62958
65026
92217
80164
86139
55425
64224
19450
16819
11480
80692
40020
86155
94014
82733
78880
84784
69519
81513
57023
51944
805
93329
33658
81375
53852
26204
46266
16065
35618
90610
62599
56606
47421
46508
74721
82319
66575
30511
58170
2293
35940
91092
77042
38205
9562
58771
28318
9828
62456
24021
7432
73145
70490
60907
6557
30020
38511
82107
10796
84948
20673
22767
76502
7448
7806
22030
24310
81283
38578
60642
30675
84563
42551
35037
30864
85838
20523
26571
39491
23489
54268
56451
80233
38484
36752
58764
58268
83195
51394
6961
88416
4546
71475
7887
73691
61812
58399
18331
98764
48258
52963
79310
50031
66423
20876
13563
7289
37489
77511
97653
78189
68586
37370
83529
51794
67953
78285
55103
28140
91892
75570
25192
59390
48744
22278
78536
16779
49923
23443
42843
74059
88090
39223
38824
25209
61341
64207
51349
54212
88121
6242
3552
16513
48228
34320
30088
48026
73066
7217
56149
80058
59143
13123
87352
62558
35578
26768
61512
69091
9016
52425
64814
20979
57970
76392
79539
68000
10210
88658
37960
89454
35820
35194
96180
4573
84135
61828
86975
92516
93854
82995
22816
74993
47475
69774
34831
61216
65807
61102
42077
38905
86265
1529
11856
1721
36061
81683
79055
27179
27330
13840
80260
31467
49822
52560
44574
60531
38141
4197
84126
35226
79018
93667
87915
67062
70443
11494
42234
28051
30103
52781
42914
47109
47726
71544
80580
83441
58216
31744
81493
48349
92819
99931
4330
24597
27561
60703
28674
5236
11787
81773
53449
40408
54246
26167
63586
92208
39371
43149
70265
29382
34308
44092
90103
41300
93134
46093
33309
34604
98835
28068
70462
40605
89199
64474
79833
24330
26581
93773
51984
13122
11284
34639
75105
89610
97226
7132
19709
58192
83412
5803
31527
83812
65360
42350
32643
32262
29749
93355
32586
22488
7428
26316
53234
96428
58876
1559
9304
56695
42448
99621
42704
96654
23610
71817
18230
70140
89914
43608
36938
39277
11315
58893
61066
9200
41590
53659
77613
81243
48008
63153
19247
58777
44032
82687
12969
47050
81648
24114
78132
97323
85720
81843
67946
5696
13075
29211
91113
28422
55672
30973
32387
42212
54553
70617
48397
30575
46154
39028
14460
92069
44843
5804
48109
47142
72430
80709
58797
8562
69526
34364
98393
46490
24248
55721
96607
30326
50775
2489
91122
32540
31363
25225
22449
47661
5407
55317
96307
50744
36711
90297
15906
42181
25752
84067
400
7386
69794
58081
60389
86436
58132
42658
41897
9026
8549
446
66863
14467
15374
43147
66280
31373
74670
3195
34520
77660
45430
82773
65155
14592
72928
44338
60895
460
99231
6030
12163
83258
20350
35844
96005
55497
1309
94096
66274
82596
81266
71747
41366
13631
63767
14137
82220
43604
49889
28783
34709
5998
34324
6910
41849
74590
12267
49043
34138
35557
55792
47919
13018
99629
43560
32007
58929
54704
56309
95650
28215
57638
91996
47905
1592
50605
67570
32098
81489
54909
45483
34913
21660
68768
24352
73738
93718
18450
81701
7556
48350
78570
58662
35730
21685
45882
58933
72416
67851
98177
59042
98901
48286
96192
59870
6081
29476
98291
75956
34985
68195
61447
97105
4211
57973
66147
8596
98763
47890
27101
1573
10594
12033
18506
60002
54273
91988
36741
68657
12608
85776
28075
13725
83259
35412
87256
15117
76283
88190
25320
2357
92926
86638
49846
37540
433
13552
73102
52158
32110
76163
77975
2767
58393
39812
16471
33207
52033
73480
17636
67281
25302
76586
47202
65588
92117
71424
19928
55906
88753
44882
44621
34391
33078
78793
76792
22464
56947
34095
84806
47877
25439
75501
43630
53507
20445
47290
6348
93378
39838
80869
81706
16416
79659
85217
40158
65659
26763
65689
73019
92480
79746
79818
78636
50184
29296
82551
85033
45067
54853
4751
39323
57164
25554
26976
93189
9301
32302
23316
95943
29771
89789
58398
69330
62219
30670
75350
79117
94822
3188
62112
17758
26165
11430
12295
32277
25640
54053
20311
56590
23577
84874
2606
72850
18530
55518
86656
13457
3615
30097
97129
83942
69775
89016
20002
54727
34419
98759
30853
70149
59356
30194
48749
99577
22183
32707
71468
60840
41752
65142
20365
93743
65110
54295
56645
61826
72457
52907
26611
68163
35827
2318
43595
10350
71211
11960
20347
37307
26044
35817
25253
17909
94741
97963
44900
87810
57297
66524
45868
52115
62136
65626
69277
30596
45877
78191
48704
81578
21034
99134
31226
30010
54363
23667
16927
94170
10596
23087
27543
28589
69164
81021
3882
42257
29418
72958
52811
3949
81457
54304
20374
21169
40126
67856
47668
47861
70306
66048
19359
37825
86301
96421
80096
56668
4981
37044
90395
53091
96739
88219
8554
2296
39748
67274
59865
61380
41670
78905
42134
91600
50810
44099
26510
455
48659
96371
39255
41917
57821
17685
5856
62212
1802
24165
74776
41644
73143
70647
51336
68552
57165
71458
9501
55729
82465
6491
38817
60060
7037
16844
50035
41180
74519
63511
30198
25832
41596
52765
72253
17378
80954
74352
10637
5370
15280
3226
7647
69286
88651
52130
49647
65768
54561
85714
31685
65205
23790
9578
13740
50007
3181
42631
17625
64064
15765
75550
89626
6133
52710
75243
18223
92337
6471
54514
86642
74153
67646
85366
65107
54830
72248
25653
65286
10772
16229
91161
48265
40444
42221
4524
83902
54285
27772
40724
16140
3768
79187
83508
70613
95612
91307
38733
31943
35338
45101
4363
90426
91502
78282
58656
90904
93651
76723
2171
42731
78941
79163
66901
53782
42478
3743
43416
39774
73184
52505
99034
67506
58801
37318
85002
42764
10073
23699
26699
80860
45431
98041
11273
45444
92084
19245
16693
1408
36365
69320
42984
56551
94835
61823
7305
32144
47953
13530
17291
69404
254
90404
28947
14444
36740
67972
41115
39737
21097
29426
77902
66129
63000
44438
26775
72012
64900
27698
42374
6903
29889
19491
31937
9884
9181
3366
59742
12556
91994
66312
49340
18869
38054
86616
59490
4042
92416
50786
41950
8283
48480
73728
140
86589
49047
69910
38193
15221
5406
83530
28239
28711
10329
64996
33772
64594
47490
59382
37141
18323
11094
57250
15897
28323
98625
31093
728
16083
97275
91367
87932
72912
39770
37431
29342
70706
10009
57891
7474
85932
69792
43363
73491
60861
11946
74410
73861
59195
45426
28428
33734
79164
57567
26690
7939
78391
59107
20433
9347
27481
37723
63516
63401
28894
85361
70190
40864
40073
85323
98897
70977
13309
13828
63989
78301
55913
30279
75070
57717
48072
84076
62806
37935
89567
67505
47939
47752
26904
69071
3845
17264
66699
22151
5862
58811
94420
59243
91709
11383
43229
70500
68676
35432
42826
77839
56597
53607
25353
99135
20752
58699
54708
63058
22442
17
40090
81970
71664
93821
13082
64067
5983
13259
52028
79856
34987
83828
66598
5026
38656
64553
61069
88808
78827
12354
57763
53166
39201
54697
80330
43618
22637
47880
21913
34848
5940
29552
25654
95672
77640
83208
5307
80558
65075
56683
85880
8520
3823
35042
63808
97104
23460
2962
86555
24144
97751
5493
17450
4410
1247
24735
1068
47949
91887
70955
11588
25489
63050
58236
29645
27704
3830
9047
34920
7925
40353
87586
47305
38287
1052
10060
46202
91384
24471
1259
53009
32992
60748
75589
63458
38308
49375
39427
57979
66671
89009
82159
2499
63769
19758
25155
18071
86681
55175
73863
2226
90163
91295
76578
74526
72885
66950
51411
758
40501
38279
65288
28446
38592
45419
50377
19972
8383
51060
47239
50988
6183
78518
68282
53709
69988
25604
19564
75002
90985
49326
57072
79796
58280
52159
80797
53946
76026
13140
1039
45623
85340
46566
57817
9864
70103
12705
91378
96254
79227
13065
56643
88431
90407
27341
37453
45659
17341
98205
87243
90420
86911
38804
22265
94769
49955
95214
3009
1089
17887
70493
72892
84906
8615
11194
81313
46703
27515
87059
32235
56376
97130
3836
20216
1053
31534
26109
52241
975
9325
35252
48094
67427
92303
43672
65104
8082
27496
16893
9995
82934
80494
45190
3110
41142
69881
40431
13633
85585
59976
83626
43429
28125
52764
17437
88594
13137
50110
75144
46738
81370
19615
3271
46467
75015
20144
82788
69978
66628
60964
90927
17288
63892
42191
46313
84108
90655
94022
64095
9816
22271
9124
17242
63378
32163
31206
55911
48257
95685
70547
6390
66428
42576
19240
41617
76275
62128
81526
45346
22688
97212
19296
26789
96372
80350
46898
79759
21984
89499
35800
80117
93771
99978
5848
68600
73983
29739
5415
44328
77153
74500
69667
92928
67996
22412
8289
42434
57842
61044
85086
85607
30606
36182
42808
5376
7644
83096
31451
780
95339
6441
934
12551
91687
74934
62339
43400
73881
7881
73397
13444
16163
94196
89903
67339
38662
56966
16345
96040
73494
35027
50979
46589
90170
30221
33770
33850
73578
43700
16343
78597
28808
6551
25326
7597
41157
25590
38132
19373
13275
86974
26376
28044
61575
51440
99702
20911
28262
45474
66913
15992
39715
77227
10888
72301
17628
87271
22018
2770
77777
94599
65135
24738
38007
55668
96968
65798
50117
36686
88391
38844
21724
54929
28066
79507
90930
97098
59805
62363
51709
43088
53173
94657
73425
85813
97022
55452
16101
22331
37043
18074
14946
91352
69325
95262
56060
73748
53333
28090
14218
81365
7494
35324
92292
87224
88949
61714
38202
59290
92185
9899
56080
6932
23000
96166
79068
72770
73137
70468
29872
60174
11490
24434
59683
87839
19619
5934
59961
34779
52459
44229
72915
26084
89328
89989
29250
24211
24869
41582
97300
26399
78888
46903
41821
54014
80396
10603
28168
90528
6673
28001
37886
78412
55423
20177
67942
53159
60759
5653
96323
69100
17419
40582
53458
45297
5927
65670
93499
96817
23015
9334
96060
78675
31429
63920
39017
42110
83973
80544
7707
5728
66172
29610
39653
79842
87478
9650
51923
94906
91697
32242
5875
86862
66590
98903
41498
63912
5029
67482
6546
35613
23048
41962
22638
6725
80681
34998
57608
65248
50493
99549
57573
60211
97730
5249
94147
84480
73975
11496
57046
55646
78838
46351
45291
70371
85079
69684
71852
46901
78599
53534
15648
31703
24800
47766
76124
32565
68839
20759
26185
86420
79977
43807
7414
47079
60805
24280
41618
6695
2304
36715
58055
47634
49746
13183
23514
29014
16734
51990
40245
5942
74239
45097
28353
94050
91104
22535
93962
69402
55809
68426
94654
49778
16294
40810
61919
38898
82362
31986
20517
73138
36562
81138
45726
26734
6003
67147
30776
55148
78396
42902
80279
13904
81608
58449
1740
24480
57397
91051
5478
27996
77377
44515
65079
28707
35123
37832
65203
96127
64472
58105
78891
43499
55776
72700
4679
83380
14630
60155
81014
4596
31878
58731
7998
38664
10304
37261
52272
45234
76003
19480
69939
60256
19798
67174
46280
58190
66819
59488
32873
27553
67610
13827
66266
53824
61418
8153
11005
41503
54111
24178
48236
83809
36883
43532
41467
52418
15081
77891
74679
70394
43504
55087
15638
92334
99333
44705
18259
21509
44655
3869
88846
3439
46157
22328
12018
36482
9801
34464
98820
29666
12032
38542
62418
23761
86597
66044
16626
9783
99692
51084
78805
99399
79921
4607
85383
9496
33891
22287
101
38020
35000
11253
77611
18442
67810
57376
2745
92038
63161
19812
41872
59236
57414
73028
43465
60921
63635
77678
83954
57286
56110
33858
78183
28594
78460
29086
4678
81734
4509
70604
91264
77363
61259
3666
57185
33769
45137
71868
51406
35463
53462
91567
49904
62093
8696
19666
75814
14562
60909
8487
46535
66569
3282
96769
83078
19206
18626
60197
89379
70524
82044
45070
227
38090
62100
61739
46644
51603
41626
74890
5337
21371
38841
65022
56688
24810
50163
39159
14775
98186
8215
38909
53085
95261
23309
78849
91344
91534
55749
36451
71874
54868
53641
11853
79153
58270
2571
27863
17502
39513
41448
60945
76145
5635
70225
39515
77480
88761
45611
12251
27436
23390
52160
35215
98558
91038
44787
40044
90243
55354
47056
49253
34966
53854
89831
76924
12202
58578
13949
34050
69
43885
13685
15778
43615
67919
84987
52579
23269
9603
75609
14199
39582
95409
13597
68990
30649
17629
759
79826
73364
19609
93150
19793
36197
37254
11565
18377
42021
64354
74039
84231
67936
9132
44638
64100
39013
37092
35866
9344
27855
29184
19579
99144
37829
33848
66540
56159
38633
55930
90057
99785
82365
55089
46364
45562
42321
29608
61733
11219
60150
18215
95355
89063
41219
62590
16763
88418
9817
35292
97671
68206
84153
62384
31123
61645
39666
75063
96616
3636
46106
78501
41131
17652
14052
36977
13096
42812
7671
65018
45456
42849
79952
47199
47168
78863
55952
2846
91741
63350
58841
66944
1481
97174
48870
48917
96672
11792
24477
12097
45107
82676
21740
24485
40426
42384
92797
75043
32862
88627
99916
66912
6105
44995
93122
74862
93071
96079
58815
66277
85035
48832
53549
67661
66931
19199
72427
61945
70993
49154
78883
6688
43438
43246
82805
7250
410
21436
41499
4780
20958
57923
24643
56461
59263
91461
88667
80131
57122
6442
32041
66816
9311
53342
83732
27854
72495
45214
34420
1361
31328
32211
50369
45293
53698
91512
89925
53523
84493
54276
88480
1290
77000
74253
2087
58685
48555
74395
89888
59673
89794
62469
4872
63517
57740
27460
63442
56001
32155
58282
3724
17496
15849
84182
5878
9167
86271
29555
98610
12656
31697
67788
76891
1145
64365
11599
65940
51978
99495
54288
40316
23253
59875
74914
36116
74532
65757
60888
99605
89493
61242
9826
62153
74261
51107
68105
57760
17547
20452
63073
18864
83414
8929
46936
51338
32590
44664
27589
12261
98807
49925
32290
58212
40105
35360
59913
73535
95231
81404
68800
76331
15182
11038
47806
57956
96483
47805
30024
71649
63182
64629
63450
15020
78825
9630
1813
59552
68632
63612
76383
74165
79663
6957
30862
39367
85673
36639
45161
98983
77196
15668
46602
42570
14635
37595
4990
43379
1589
79418
20630
4945
80296
34571
4592
64728
69568
98088
81518
83846
56975
17251
73235
94116
50150
5255
80265
10819
69327
32045
38886
64837
67776
40219
87274
96874
84486
11995
13975
9769
6862
15072
65697
94157
62221
98704
22922
69385
47264
40093
78392
42507
36112
82845
62760
65052
66251
8167
52493
43001
66749
21725
62271
45619
85587
43099
85297
71639
94038
90466
548
30611
68636
6147
4715
60353
72254
48123
63523
33544
85632
54261
84279
94175
19864
356
84485
53657
28260
22066
81791
46441
93867
74577
20
7784
34557
89223
38243
36375
20053
80057
89341
74429
83076
16587
97620
30924
39808
9266
95761
61108
66605
63616
93809
31031
48382
20629
86886
47433
1328
91553
78907
27173
63375
88434
74238
43337
61410
73435
20112
12589
42571
65966
72927
72045
86419
26377
25960
68408
83787
83829
10434
20380
48988
96193
52574
94725
10653
19992
13654
3443
64904
90367
21932
95008
80573
43491
69052
25355
36720
66256
34776
66531
19295
30185
85501
86189
58888
91488
83177
6041
88
47247
23340
24892
62638
11066
10068
73849
42535
8525
49260
71749
34349
25992
98717
9085
7895
32497
4434
92844
78756
90450
1489
11160
91014
33258
68777
46337
12505
76939
4185
31121
50331
62602
81877
91599
86754
76747
99071
67202
67745
92444
66478
29105
6282
77700
17476
68030
35405
54842
93470
28790
67312
667
78667
65180
38477
12085
10106
61352
72946
96573
17650
52690
51620
4221
50596
64785
52956
76886
7867
20107
71924
36765
51665
79847
36794
34200
56085
19399
72823
54125
74756
75748
23660
25014
87173
2850
92648
19415
89974
83462
2155
68033
81932
47565
33901
50390
7408
83260
66998
49818
45331
38227
47616
80631
76953
58297
24349
91365
97106
29625
57418
8908
46211
15721
69763
46860
31153
64822
75914
86471
82088
81111
7191
41425
39516
68035
81413
47984
4083
57319
58982
99966
36600
91428
89443
10852
88012
6545
11423
48240
71572
84336
14555
33114
14159
33609
94952
93012
50313
41763
60757
30554
17164
33270
25652
46259
98180
56000
97968
43561
44138
21394
52501
38892
62425
16299
87797
58604
62044
62739
91557
73584
30728
60249
43383
39810
78008
75030
41037
39895
69766
7549
50394
39200
21041
35088
29158
6772
8464
95568
86323
60641
41953
39996
31194
33970
69935
21199
11238
21477
63863
90551
67381
41986
20495
58621
65621
41935
33968
64794
63824
89723
85867
23749
82427
51358
81254
77468
5131
68841
40556
37163
69329
53425
33181
24636
21061
8720
78652
22098
53597
93871
20614
88905
89218
68495
80935
91496
15298
22039
42625
4874
73899
28697
13531
88334
43093
95651
3681
6488
5170
74292
51197
70598
81328
60588
31358
57941
56859
81023
74646
39533
22346
68012
96423
91361
43801
40109
55346
75319
57399
62066
58426
98204
55700
86519
13824
60943
1183
77980
12158
79893
696
37831
25872
30867
37093
56546
32796
22545
92628
94008
19667
38623
31214
14101
64011
84564
49565
35162
74335
50519
96510
76661
42954
98531
46522
53633
92066
89027
5242
91969
18887
43525
3216
4901
79880
81539
63780
57691
53077
94837
63681
91315
38136
35798
22741
36436
39418
60427
55402
68111
68603
53809
14182
58502
87036
56828
99045
63702
25338
31617
41775
49593
95765
62805
9524
92859
36829
1043
57037
36569
96163
53792
85954
28304
79960
71811
46424
60287
54905
25569
9700
80541
55393
80421
78790
8575
90642
61720
57270
61655
37587
23121
77016
8427
25206
19244
14213
88944
18390
18513
14097
52383
70268
70189
55741
67769
39090
63102
87306
31799
98448
99465
4466
66875
95290
78053
93571
81870
31749
12031
44333
26315
68748
9989
98200
69804
34118
59556
66116
8610
47243
94340
32982
20099
90644
40763
60199
52063
16639
66550
1126
25787
45652
54660
58362
51993
53261
64747
78124
6927
31068
73865
6064
34890
71481
97859
65987
47368
70353
2765
38115
87488
6630
35039
13028
66268
83922
53440
23999
89778
64374
43296
58769
51494
85988
90014
68432
87992
42956
53548
41899
70843
41386
37507
98865
78806
80083
45255
11500
10860
84567
94504
42676
19621
78309
47316
31137
32443
13359
75455
59375
90287
56526
38233
63148
54464
53814
94425
46751
90144
90992
44135
58027
4566
470
61522
74553
24287
194
86846
32406
89718
70008
47946
16586
25504
76631
91968
18577
50901
56681
22983
16838
15828
38362
76282
59568
57752
54260
15223
24865
2193
24298
95275
26612
17505
18655
36967
13041
53404
11155
57780
46318
92449
26273
88390
74311
21093
21325
8364
23717
38780
316
84556
99358
70233
22472
20659
88681
68751
58199
87433
19374
35464
44981
60026
64460
16438
9149
51804
65677
74247
65030
43508
30672
28373
22720
16755
7382
21873
23170
76899
23559
60393
47789
63461
6084
99196
4227
11692
18337
89262
97262
84310
7607
79730
80166
56124
52112
71320
34960
86243
95707
9624
94996
96737
85515
83522
59001
37730
45289
91758
6534
2167
62818
89149
96594
22536
37110
56240
46319
13047
18401
49519
17531
41362
10407
46152
46538
25308
62186
1590
2789
5332
1156
91541
64117
6693
86157
1296
7551
42115
22905
68666
23266
17091
5870
95122
48432
78095
8514
8210
38908
75306
61577
43415
39619
73568
15011
92280
361
97867
75077
53088
26274
5330
15564
11362
55246
74968
44727
48788
7830
37478
6289
60653
31856
36184
57161
44976
68160
95636
89971
55661
55084
96459
8123
48571
18403
66033
35958
54355
55064
77772
23846
65411
61328
29416
58002
32623
80685
99790
35064
6970
85883
63208
25054
60061
94704
97381
36981
82049
7201
31936
8571
1910
38010
36855
83274
8822
74312
22161
34208
6403
96406
43143
91032
17500
40557
49113
83785
59898
6035
24263
49468
62756
63859
93304
74210
24375
43214
74179
235
9341
60565
95877
45226
12708
6959
27875
86717
14189
24850
89500
17122
19343
39152
69201
47922
62206
5243
55501
12607
32865
9498
51701
52589
34311
9667
33508
40706
12178
35631
36356
95121
17167
35611
94437
86201
68274
16428
89524
86509
11489
60291
38041
71701
386
60677
14672
48821
88687
81046
41969
45004
60601
96526
30494
41729
7313
3412
56491
52890
16553
36790
64770
68573
67426
6273
57408
92696
2934
43893
3701
48163
29909
58020
70207
50319
48618
79693
59503
32174
13878
18642
76860
94814
86807
91328
80255
26258
59067
98690
46768
55609
51079
38435
12249
67564
69190
72024
43457
85038
63696
22502
8788
47003
98222
35806
31112
68254
54248
38465
98208
13279
3673
4354
81220
50064
69662
4322
38358
83625
14261
83264
68226
38371
44600
40861
50690
92692
42799
9969
54834
68390
19521
15416
60843
67737
45418
38503
70819
65240
65674
45960
48585
15381
91705
52483
43666
29114
4066
5208
53970
53154
72399
38673
57142
75752
77894
1402
64549
43492
21049
13485
18252
90478
65901
53140
61729
86505
24682
48126
94074
89458
39562
59658
45195
54450
52279
39687
84189
28372
12028
44308
34231
66567
84758
66175
68619
99559
87960
33265
84050
27936
75804
2299
99189
30027
68310
48427
36512
43449
91675
30052
20611
18607
44993
43841
77447
1684
85619
88471
55683
66561
21459
28800
99945
54753
59741
96676
70575
11097
6272
73665
25212
43956
87835
359
52247
60210
76659
43777
7687
86763
63089
55427
91515
72805
15241
25205
72876
62443
18762
62197
82096
32
76030
37474
25003
71152
72209
67152
76837
58128
29474
88167
7521
39297
70248
46476
9330
90575
6884
84026
21834
89828
29535
86683
86340
96905
61626
97587
25690
18536
98673
85030
36193
72582
57848
46622
3299
89263
24613
61821
38570
44693
5083
44907
86390
85923
79190
52371
5009
25306
98158
17111
97208
52745
84780
34766
2665
41139
72997
81398
75370
1246
35159
56288
4481
52796
60546
13196
82550
70458
48061
94142
979
42949
49106
69285
87958
18487
93268
75443
56165
51862
77870
25958
51357
41339
32250
93443
15563
61749
93975
1415
21168
49423
66416
20395
81226
16805
58510
16258
68448
13756
93392
48344
19158
62715
14243
75508
69468
44403
19446
3434
38642
79920
19306
850
41842
81852
11280
32622
83720
53717
53757
32639
68343
24210
81434
1413
56377
52221
91586
832
27092
56886
51025
39595
40762
37619
71436
58823
79718
89202
26978
38692
33242
48868
26671
39319
37505
10581
74066
98054
37361
97628
51401
69084
54757
16434
96222
36787
12844
5386
49832
10383
43621
3846
68299
13200
5038
82726
42706
78876
99245
45786
40696
54683
45566
2093
93214
96350
83587
30172
45758
96705
49134
70903
2860
71861
58316
70222
79231
67040
51572
45614
93220
16653
98164
26558
84382
90473
36490
86668
51918
75351
53294
20973
53907
17955
87229
84261
94927
57723
47828
748
55653
11506
83346
88861
59192
27919
69298
29071
60552
56310
13012
9429
98864
54977
86698
69229
35915
86713
51022
2337
52048
3856
68352
81942
50823
15887
11367
53898
56605
83109
50006
27593
69838
52378
38122
55369
75558
32002
58727
18510
49988
86248
68909
64115
32308
550
23521
89100
54986
15679
36240
66963
95713
71156
32958
53185
42906
13477
26390
89180
55276
67964
12664
57439
47676
16748
56842
18842
11530
534
62734
53542
67306
51436
73557
54883
40224
57639
88319
58053
82828
31992
64880
68896
2561
56559
74736
66394
19545
86903
5613
70220
38151
65955
76234
36084
59118
11301
83203
16054
25291
14483
59954
60820
67415
87990
97115
74244
76930
33454
55119
1870
51733
14070
30026
17042
6880
45229
40901
74851
48693
2090
88542
705
92686
52427
75753
84861
25077
85391
24920
81192
97317
1071
51069
56180
45192
81785
79342
4848
95012
23453
25622
38028
88415
17635
16286
57614
3097
90563
15255
36908
38229
13537
61236
25242
73149
72463
43085
73392
67285
45663
29693
19054
84009
81242
55926
21653
55815
79321
74415
67916
51384
20766
15493
42759
91002
57090
95299
7752
23533
34389
12459
73946
35461
12404
71959
1854
92954
85658
64692
39008
24132
64916
17910
98038
31302
71790
88537
96197
47478
67959
27290
30204
98756
9714
97285
3964
53991
78145
64246
26220
20232
49517
34931
82448
41011
72178
77395
91955
63233
14061
78601
96860
64965
56910
33625
18236
44715
53470
82610
32774
37609
95571
28330
26466
91192
7043
3446
95433
21312
40547
84730
85438
68116
35274
89133
59621
60046
31970
2300
7920
39124
78702
21102
80076
12315
73788
44422
3394
24908
89944
3883
64764
39801
52513
88118
36192
14439
69187
58886
71859
68797
25534
96493
50773
48082
25350
22606
80562
48827
29735
86104
30418
75392
62671
57487
78303
43481
49109
27205
1646
64813
65876
20895
42418
21212
73469
58724
18801
57990
11149
2272
18584
44320
34636
77737
9646
13984
70056
88927
37905
18283
79262
22731
82066
43645
51348
45720
80959
20037
74016
6895
24472
45122
20421
82713
96436
56571
3932
92411
27255
92417
34206
30440
92977
37744
61329
29449
54177
73170
39850
147
70783
1731
37408
56325
69814
9101
56875
47671
66138
86993
65215
3052
52417
29446
1899
39899
36410
11909
41654
18424
86232
72793
79992
48724
59059
14847
64729
408
92390
70132
69720
24288
1962
41198
9999
2331
69507
10074
22259
8862
47309
5075
55307
64072
6386
92050
83
69322
51077
93678
72433
91062
41933
66607
53235
77888
54578
66003
69171
26628
62979
43705
62144
83863
22439
35248
54935
72710
98719
26020
44348
69992
23519
60209
49952
84824
4137
27643
59309
3756
72191
49944
17442
46529
77204
35453
17796
30287
40137
6004
84629
23562
64191
79133
88605
35511
38290
44221
81644
1834
37190
1098
40279
62242
26753
22381
24828
6939
93123
25576
78162
51708
11389
89457
6914
32635
83202
75936
67080
38467
64660
72107
20140
94188
62033
51726
61771
28822
83629
38510
40792
65491
11304
57745
59041
24772
63734
63391
48589
58140
99431
28473
55846
19077
2955
65271
60486
37187
80975
20976
15336
24390
60810
42871
52284
39298
34340
31274
69435
36891
72440
58951
66299
13001
10649
4618
70858
16317
3963
31961
93365
75711
84437
97742
34949
19898
76636
55013
87141
84625
93900
4272
25840
14382
52396
85368
62774
41015
90607
29076
63745
87154
4814
64414
99728
36916
36049
80682
14642
89292
33031
50920
49149
67967
14933
44662
36179
36750
39771
59548
64157
54122
13858
53769
91499
19925
45213
24024
5637
56072
63579
98614
38842
35387
58024
54813
40928
3265
66060
48147
5136
7368
60951
29203
8424
49302
75953
15869
91446
15731
23774
86795
5294
75233
14473
50178
77411
33437
72062
55461
93530
21501
35270
54537
35087
91965
33081
53760
26906
95600
30327
44182
9008
8005
51324
63498
29772
83301
59714
47925
71713
40980
18923
76506
24776
73914
61877
57869
39289
37231
91027
46613
16223
53385
35964
43813
90554
48873
1046
11189
716
20279
9369
31364
44987
63317
45700
4827
15796
41091
47736
47409
4904
38062
38732
9201
96215
18820
70447
85504
31841
59433
48479
80026
8290
54534
1317
21170
63038
72013
72790
70479
14721
59624
10108
94446
85372
49296
50120
65628
454
49494
12220
8439
68392
92745
59334
82167
47738
2221
44960
59647
91566
52950
54245
68474
22645
91171
11525
3332
32284
6019
53468
25846
49444
11011
2260
53165
56042
52846
14968
17693
72797
56826
66108
42185
7514
43925
34672
77808
4914
6891
12919
3316
58000
34314
68931
37019
72027
36488
92013
329
65931
69698
90460
74551
82031
2469
64386
85660
72604
65692
60997
8222
50175
65660
29797
6057
29206
16921
38166
48359
20723
46170
77733
95675
39763
8973
22538
70612
78565
26654
73661
1914
60018
44466
64795
25207
89579
51017
65942
92816
76717
88540
19478
18264
49274
38066
50586
41174
61669
56170
89485
6006
46504
37412
13635
59877
74126
61558
84810
82983
4421
58529
51585
70790
91879
87504
80085
87978
26403
15099
86664
28015
10529
43294
22770
21159
21881
62971
62585
37432
52452
44448
76997
32598
58894
94286
97682
43633
57506
48756
55100
46336
14629
67975
57726
61611
35998
64759
32281
11388
27916
67803
97815
76966
39949
80419
26882
54082
53781
54289
49491
50734
57566
72716
98584
48037
21987
72010
4522
10300
73589
69896
37805
22711
43419
78787
26071
490
17109
29437
70799
29155
71053
57138
3930
62101
32923
64511
54953
66986
79810
83969
29561
62517
11325
70494
54549
22655
36857
64619
92799
11573
42380
68263
73532
95746
80250
25733
74313
42028
39084
92677
56136
96182
11877
41822
66696
70841
38773
19226
30654
91707
16829
87440
46971
50762
27417
13907
20905
65339
88992
94366
30126
89048
2725
89153
70
96322
22405
29520
58376
55316
14862
28038
49446
97210
80346
42839
78563
8553
4540
25375
86241
58458
39517
20831
28358
35967
14140
54577
49905
49946
75175
10368
52677
58812
75463
63220
62858
56291
59174
26563
24469
5101
73742
41692
92621
82747
82062
22197
61134
81487
86332
68795
50059
22487
8299
49733
44691
50183
64074
70389
8638
797
45497
16375
41830
98311
22660
8773
39624
88317
79976
4429
14326
75162
61190
8050
98160
76447
77478
110
9316
77958
50865
13202
27786
74266
59467
64275
41672
96213
16523
85929
86550
51667
18601
65385
77062
94478
89123
31572
69006
18096
66926
25036
16372
49107
19324
23993
59308
11809
90960
87930
87380
41067
92536
33282
26527
48095
83001
90468
40742
44047
79240
89445
3957
532
40312
38685
48834
42159
14856
57769
71524
64981
77775
9998
22184
3738
97205
5879
10051
5482
11796
51332
7524
66727
36164
67844
77576
32120
27743
31563
21726
48406
74363
39430
40037
37943
79765
74899
45694
79121
28540
4922
78540
43552
25299
4277
78173
51455
51784
67441
17792
35897
34982
31035
63477
6114
99723
43632
42182
22038
32816
76702
35855
48277
63707
50615
92620
54473
86639
94956
68430
74049
84192
83767
81235
76541
26336
44947
40254
16719
77626
44694
50629
72659
22404
71690
73339
73264
76757
47693
21684
80549
17609
96286
29110
10633
56967
81638
24426
8972
15766
92107
20555
37882
97714
75537
35005
17739
67455
9775
79516
26769
84497
23629
27586
23753
71253
3519
35273
56554
75038
90128
19421
14941
30966
26676
69431
96902
17805
33096
55326
66916
20889
58381
85423
99262
90947
84021
89945
82674
32695
29099
63390
14942
7621
28705
43675
64573
73916
82177
38923
97544
70625
82784
11821
73045
63119
24683
72701
26822
31570
16125
60490
10810
68517
53412
76519
10847
13131
9508
33676
48179
78742
98933
26964
37999
16236
7604
50263
62003
43215
57011
98069
13265
63035
1810
40857
38849
60362
67257
56620
56267
31388
55257
51059
2017
90861
58991
13588
75865
73846
98942
48376
99767
49799
18995
842
79421
27175
52823
41419
32584
4626
9487
51221
95402
50199
64631
41193
5887
39674
15680
74092
65567
24856
72321
57585
67072
240
79436
61202
23725
47992
2916
54582
15596
52191
65230
67098
89158
7143
33201
75880
46443
5702
6380
53050
36023
22052
97766
25800
63876
2281
15649
96878
68180
62450
15105
44927
70291
91517
77317
20269
50316
22573
94563
88467
83558
51103
39285
23636
6865
74178
7495
49198
82603
57340
99943
28244
30836
41574
80626
84933
79607
58447
83778
62468
19773
41285
66348
78281
51415
97400
27612
77663
56357
71240
58697
71182
31239
49064
97922
35854
80596
49314
1784
52000
57520
89284
74449
35933
67398
55214
78530
37438
52539
6037
19535
79968
97853
18061
11459
50144
38747
81371
73652
75739
107
27495
25432
59630
7712
78505
27254
68684
71194
82156
25303
13699
17802
31015
99232
13812
58266
40646
25794
15606
29157
60969
41684
38038
44896
46491
37323
44405
7904
96663
60476
70423
24723
5714
78589
1403
17814
48084
3926
36086
63191
18670
70287
46148
6724
53961
52705
95607
55881
70744
58518
81164
5240
16914
4672
28291
68256
4012
37308
76932
80855
74290
76570
54308
31082
79084
24158
83858
77268
95100
71027
70818
26897
44673
9157
99866
52186
16183
88570
30974
50268
64429
66723
90167
88068
81129
22371
51047
38069
16730
39789
84594
64297
69337
70023
60141
54640
85189
8565
7123
54032
46524
12996
14980
52594
43441
49425
78571
86103
65591
5401
44991
10815
72236
74323
83811
1955
92740
47137
72407
79145
37779
43344
12036
5951
85343
2655
16022
44097
1035
76029
71714
88863
34483
74723
10085
41704
42589
20104
11358
93509
94051
79390
34628
988
33193
17327
41258
26749
48684
6726
74173
59465
5593
53525
77656
50361
66831
21332
74611
62751
77065
24134
44015
61327
29173
73956
8044
36994
92144
85684
17396
53014
43554
17240
26794
45793
46714
75523
66545
32692
80856
38855
76724
22415
97374
52913
75579
10747
72893
60499
63154
16863
40455
19824
69691
35638
53417
37582
99353
64812
87640
45595
85019
71147
56536
60102
60088
27197
28531
67965
92024
29456
67684
91015
39327
57830
54729
45932
93992
44369
29798
70006
92219
40171
64370
40516
92195
80939
88956
43104
52551
85490
40593
79967
27102
22022
32496
15665
96050
50538
41861
51669
55964
99608
33558
42677
83562
92240
91404
10457
61555
4162
70083
63223
25226
85441
86615
18298
70425
75117
34211
16466
57689
39444
81741
87755
93420
75813
28213
74923
62917
88124
43992
68718
16268
70971
24456
56529
77465
72955
42359
90816
49051
85156
54960
24321
22294
61597
79597
56339
37189
40807
23282
43194
37600
15585
22722
378
15326
95719
62977
95516
40459
5349
77449
83069
6588
12400
80363
99492
87815
114
891
42976
39446
79902
28298
44652
22985
17927
38854
52666
93677
90866
82511
57874
1118
56687
46449
68316
55728
95906
49259
32818
53815
93890
50420
9702
61019
66223
44739
95604
11276
36890
76439
55127
5654
44112
1970
99562
3520
49145
37430
84902
67195
56593
39382
96219
55015
13231
23611
22510
43654
22577
30006
53628
97261
82720
90724
99846
39000
70102
59595
4913
4868
64612
99298
80584
41705
43236
36837
99424
11394
81048
40454
42094
1733
93915
12107
33540
8937
44254
31811
95579
45401
17383
42908
85666
19714
4417
8316
46291
8869
95662
45286
39780
17199
77254
25977
71614
25907
95864
68122
67134
61197
48424
21145
1453
75260
45261
19335
19268
24572
51821
52169
96378
8302
57500
363
19432
17599
66143
5137
8336
87683
64316
76889
61533
88326
69442
78842
976
48186
40875
96303
18284
57731
47356
87941
14135
70532
27286
64477
95150
84553
54480
26875
45947
96443
17439
30175
8905
87072
75721
89965
50564
47994
9387
54382
84860
26050
86085
68942
21381
27867
66636
24595
16561
6676
98297
22871
52661
50271
67084
58947
14406
84728
79909
91872
56882
70104
41989
87780
30682
84815
65067
41773
55182
83122
95047
40539
38889
49353
11008
68289
40049
16657
65021
4568
66347
72574
39497
40959
71500
88984
73457
2599
1217
20894
10191
57795
4784
23392
48244
31745
39313
93332
12069
42716
58653
38968
80528
47412
6043
59818
23972
86501
11440
55864
7543
36695
41874
4977
87001
24673
984
46842
93291
17016
28729
71839
90115
18884
46475
43274
95083
21936
15427
32524
41999
42763
65761
16245
79900
41280
6996
42918
28752
40674
19482
48000
85328
19046
99585
92399
61071
3124
58616
55415
86500
1054
78139
96749
70502
4843
69465
92832
54236
61543
31480
36022
88738
54859
51000
18381
64455
62367
58709
21452
99511
8101
14452
84003
34496
48189
79562
31769
6679
33183
80974
84527
57811
30313
66360
38949
62231
71801
9589
43673
21091
90036
26061
44660
45906
37182
19556
19237
41114
92560
91408
41563
48216
99703
1161
61926
94730
57802
41502
30702
37968
56092
11585
59138
66376
16034
46810
69141
5767
98852
57136
63652
54992
81070
15390
75569
71659
49328
62172
16448
59069
97956
35468
64874
66766
57347
1067
6819
60890
24684
40771
61818
59719
21832
79389
12612
26272
31030
86595
31625
28319
38037
26000
7749
62223
20768
93417
26130
90915
64167
69924
97443
9368
21781
78233
44885
82993
80504
50710
72859
4534
7440
7323
60187
55611
24204
64357
73521
4400
14000
70439
44337
9744
94992
81787
14219
19512
51361
75764
47640
44291
8433
36625
77536
84181
11352
67621
13641
34395
51146
92226
55041
31267
93409
54460
69010
92170
58048
91950
86565
1575
13621
80240
31883
35095
28192
30792
52968
99301
48239
65340
49488
14122
43119
73088
73048
52782
37568
2568
70994
20955
65545
53460
24231
42511
94464
5789
22919
84529
4152
97778
14238
59289
90858
1648
48202
30644
28690
76099
18260
90311
39325
88823
38713
81602
32947
19974
80695
88718
90752
38564
89465
74582
97585
36869
85943
9112
71145
34089
48525
34224
16151
43117
35989
94141
55112
10644
71
16868
74255
32068
77442
68073
96233
62514
70157
99079
17406
61136
13986
53010
74673
75601
47881
88694
33353
92482
66812
12320
31871
954
97033
24045
15378
70659
89308
41405
51309
31671
51909
34778
83750
29893
41586
48862
96674
14706
57572
50699
7478
3929
88065
15122
59511
54811
57507
53753
3513
60590
4301
90511
88926
82850
78982
88100
25475
78911
56480
42640
62839
8984
80769
16282
40289
46918
9040
15678
48403
52399
64535
41881
24589
69907
90353
49460
29651
15952
4797
42452
52143
33048
51627
66676
36163
3785
752
20370
72462
5973
50167
42225
34133
63425
33131
51493
71675
40994
65401
9678
75479
53443
95923
69405
54583
19747
43599
46092
71587
82430
22780
41967
69115
63759
68018
58476
6059
64964
84421
22169
17643
37085
71435
3860
78616
79864
50314
22748
14728
44547
37161
90021
61590
7373
14638
74766
44745
94229
25415
79122
68585
1696
44454
18073
79350
13929
84464
57945
28611
43418
83621
48775
47113
48317
3421
10198
70525
67983
44196
35696
7986
67192
38676
72977
75747
95652
69098
32066
3951
44929
50906
49007
29047
55622
83344
74691
56879
42496
92018
46973
70003
48345
50074
99634
70327
33011
64355
99312
98092
82230
12326
58972
23638
67313
29135
68928
95151
4372
99619
48584
48843
50616
22571
72231
47207
60540
95479
52440
88348
67580
9343
47546
16512
40102
30004
6384
41072
67540
44502
24364
47456
55146
98213
81812
77145
89213
52609
85020
74080
72995
88729
95503
23093
66247
29460
87024
80968
97440
88483
90795
41675
52987
70057
52093
53036
9693
3155
25401
9131
46610
64253
60246
86609
88188
51010
59362
9118
8015
79993
8877
92048
79962
87549
87342
9321
70467
3071
57791
31095
90981
41252
39078
87461
16424
50563
48713
73655
91047
31249
38520
47630
18669
6350
69609
66069
62866
1115
67199
49691
99839
39468
71321
42363
30656
7627
63122
54632
66257
86417
76601
82986
18090
54496
29990
90939
68382
52716
57950
57230
49325
59529
55657
81253
25059
32670
89265
1455
73595
14060
34069
19762
67753
52762
80116
88557
69880
73654
1793
69767
49136
64318
94528
2948
53223
74737
72552
77705
36350
89838
55904
75961
50226
95054
41153
30598
64939
61260
17095
15282
51524
43442
56600
68734
15725
21142
34289
12767
90798
83249
80434
94519
94602
18417
28793
32980
36714
60526
97413
12663
51219
19292
80658
27630
10058
81287
70255
72673
76137
72240
29774
52327
35784
64448
3901
81697
42652
96229
86494
32254
37209
79974
26310
91952
16177
32255
36788
81193
60279
62686
91855
45770
61316
17793
80614
94990
73437
5971
32613
40687
29164
9282
88214
25782
28309
61662
53068
89057
12288
77812
94733
17115
75641
64317
39667
64444
19180
17008
14333
13396
90035
82005
87587
54659
37074
65451
87706
49591
42630
45259
566
32764
12207
73023
7805
3871
76211
41738
2732
90880
96627
66966
61967
97806
82149
89416
53190
43643
51986
4802
32536
5595
29624
56103
7664
18182
24622
34718
97254
49752
92604
16824
66438
92004
98745
94580
47276
72195
44238
33363
71209
72819
19186
99384
57683
22307
47245
79330
35748
75470
54362
43591
37196
3254
57395
41859
37227
54919
64710
43219
50326
84700
10743
53911
14944
29401
63821
7670
14597
95901
50687
84494
85203
3039
10547
78492
22915
16954
33494
61344
41293
54277
66085
53920
39586
55095
42673
76697
40634
49558
96252
72887
21359
45797
68724
56368
86140
67095
4285
796
48989
19622
57034
28580
39101
76149
94095
35929
1535
47358
39800
28980
54836
3515
77150
1107
94951
95301
61178
46051
7697
22362
54163
47503
73335
89076
25801
92624
74528